decision_day,strategy,experiment,selected_archetype,training_window,training_games,test_games,wins,losses,win_rate,target_meta_share,is_opportunity,counter_active,counter_archetype,target_archetype,base_score,counter_contribution,final_score,status,latest_training_timestamp,first_test_timestamp,latest_train_before_first_test,new_episodes_included,data_endpoint
2026-06-17,A_most_popular,PRIMARY,,14d,22,0,,,,,False,False,,,,,,SKIPPED_NO_CANDIDATES,2026-06-16T23:30:22.149631500,2026-06-17T02:06:08.363558800,True,0,2026-08-10
2026-06-17,B_recent_wr,PRIMARY,,14d,22,0,,,,,False,False,,,,,,SKIPPED_NO_CANDIDATES,2026-06-16T23:30:22.149631500,2026-06-17T02:06:08.363558800,True,0,2026-08-10
2026-06-17,C_conservative_meta_aware,PRIMARY,,14d,22,0,,,,,False,False,,,,,,SKIPPED_NO_CANDIDATES,2026-06-16T23:30:22.149631500,2026-06-17T02:06:08.363558800,True,0,2026-08-10
2026-06-17,D_counter_aware,PRIMARY,,14d,22,0,,,,,False,False,,,,,,SKIPPED_NO_CANDIDATES,2026-06-16T23:30:22.149631500,2026-06-17T02:06:08.363558800,True,0,2026-08-10
2026-06-17,Counter_Only,PRIMARY,,14d,22,0,,,,,False,False,,,,,,SKIPPED_NO_CANDIDATES,2026-06-16T23:30:22.149631500,2026-06-17T02:06:08.363558800,True,0,2026-08-10
2026-06-17,ORACLE,PRIMARY,,14d,22,0,,,,,False,False,,,,,,SKIPPED_NO_CANDIDATES,2026-06-16T23:30:22.149631500,2026-06-17T02:06:08.363558800,True,0,2026-08-10
2026-06-17,D_counter_aware,FROZEN_DIAGNOSTIC,,14d,22,0,,,,,False,False,,,,,,SKIPPED_NO_CANDIDATES,2026-06-16T23:30:22.149631500,2026-06-17T02:06:08.363558800,True,0,2026-08-10
2026-06-17,Counter_Only,FROZEN_DIAGNOSTIC,,14d,22,0,,,,,False,False,,,,,,SKIPPED_NO_CANDIDATES,2026-06-16T23:30:22.149631500,2026-06-17T02:06:08.363558800,True,0,2026-08-10
2026-06-18,A_most_popular,PRIMARY,,14d,88,0,,,,,False,False,,,,,,SKIPPED_NO_CANDIDATES,2026-06-17T23:48:28.172813600,2026-06-18T01:04:33.802898200,True,0,2026-08-10
2026-06-18,B_recent_wr,PRIMARY,,14d,88,0,,,,,False,False,,,,,,SKIPPED_NO_CANDIDATES,2026-06-17T23:48:28.172813600,2026-06-18T01:04:33.802898200,True,0,2026-08-10
2026-06-18,C_conservative_meta_aware,PRIMARY,,14d,88,0,,,,,False,False,,,,,,SKIPPED_NO_CANDIDATES,2026-06-17T23:48:28.172813600,2026-06-18T01:04:33.802898200,True,0,2026-08-10
2026-06-18,D_counter_aware,PRIMARY,,14d,88,0,,,,,False,False,,,,,,SKIPPED_NO_CANDIDATES,2026-06-17T23:48:28.172813600,2026-06-18T01:04:33.802898200,True,0,2026-08-10
2026-06-18,Counter_Only,PRIMARY,,14d,88,0,,,,,False,False,,,,,,SKIPPED_NO_CANDIDATES,2026-06-17T23:48:28.172813600,2026-06-18T01:04:33.802898200,True,0,2026-08-10
2026-06-18,ORACLE,PRIMARY,,14d,88,0,,,,,False,False,,,,,,SKIPPED_NO_CANDIDATES,2026-06-17T23:48:28.172813600,2026-06-18T01:04:33.802898200,True,0,2026-08-10
2026-06-18,D_counter_aware,FROZEN_DIAGNOSTIC,,14d,88,0,,,,,False,False,,,,,,SKIPPED_NO_CANDIDATES,2026-06-17T23:48:28.172813600,2026-06-18T01:04:33.802898200,True,0,2026-08-10
2026-06-18,Counter_Only,FROZEN_DIAGNOSTIC,,14d,88,0,,,,,False,False,,,,,,SKIPPED_NO_CANDIDATES,2026-06-17T23:48:28.172813600,2026-06-18T01:04:33.802898200,True,0,2026-08-10
2026-06-19,A_most_popular,PRIMARY,,14d,132,0,,,,,False,False,,,,,,SKIPPED_NO_CANDIDATES,2026-06-18T23:05:09.846921300,2026-06-19T08:06:09.591612800,True,0,2026-08-10
2026-06-19,B_recent_wr,PRIMARY,,14d,132,0,,,,,False,False,,,,,,SKIPPED_NO_CANDIDATES,2026-06-18T23:05:09.846921300,2026-06-19T08:06:09.591612800,True,0,2026-08-10
2026-06-19,C_conservative_meta_aware,PRIMARY,,14d,132,0,,,,,False,False,,,,,,SKIPPED_NO_CANDIDATES,2026-06-18T23:05:09.846921300,2026-06-19T08:06:09.591612800,True,0,2026-08-10
2026-06-19,D_counter_aware,PRIMARY,,14d,132,0,,,,,False,False,,,,,,SKIPPED_NO_CANDIDATES,2026-06-18T23:05:09.846921300,2026-06-19T08:06:09.591612800,True,0,2026-08-10
2026-06-19,Counter_Only,PRIMARY,,14d,132,0,,,,,False,False,,,,,,SKIPPED_NO_CANDIDATES,2026-06-18T23:05:09.846921300,2026-06-19T08:06:09.591612800,True,0,2026-08-10
2026-06-19,ORACLE,PRIMARY,,14d,132,0,,,,,False,False,,,,,,SKIPPED_NO_CANDIDATES,2026-06-18T23:05:09.846921300,2026-06-19T08:06:09.591612800,True,0,2026-08-10
2026-06-19,D_counter_aware,FROZEN_DIAGNOSTIC,,14d,132,0,,,,,False,False,,,,,,SKIPPED_NO_CANDIDATES,2026-06-18T23:05:09.846921300,2026-06-19T08:06:09.591612800,True,0,2026-08-10
2026-06-19,Counter_Only,FROZEN_DIAGNOSTIC,,14d,132,0,,,,,False,False,,,,,,SKIPPED_NO_CANDIDATES,2026-06-18T23:05:09.846921300,2026-06-19T08:06:09.591612800,True,0,2026-08-10
2026-06-20,A_most_popular,PRIMARY,Mega Lucario ex,14d,172,24,7.0,17.0,0.2917,,False,False,,,0.343,,0.343,OK,2026-06-19T23:38:50.146973200,2026-06-20T00:30:50.336392800,True,0,2026-08-10
2026-06-20,B_recent_wr,PRIMARY,Mega Lucario ex,14d,172,24,7.0,17.0,0.2917,,False,False,,,0.5085,,0.5085,OK,2026-06-19T23:38:50.146973200,2026-06-20T00:30:50.336392800,True,0,2026-08-10
2026-06-20,C_conservative_meta_aware,PRIMARY,Mega Lucario ex,14d,172,24,7.0,17.0,0.2917,,False,False,,,0.2404,,0.2404,OK,2026-06-19T23:38:50.146973200,2026-06-20T00:30:50.336392800,True,0,2026-08-10
2026-06-20,D_counter_aware,PRIMARY,Mega Lucario ex,14d,172,24,7.0,17.0,0.2917,,False,False,,,0.2404,0.0,0.2404,OK,2026-06-19T23:38:50.146973200,2026-06-20T00:30:50.336392800,True,0,2026-08-10
2026-06-20,D_counter_aware,FROZEN_DIAGNOSTIC,Mega Lucario ex,14d,172,24,7.0,17.0,0.2917,,False,False,,,0.2404,0.0,0.2404,OK,2026-06-19T23:38:50.146973200,2026-06-20T00:30:50.336392800,True,0,2026-08-10
2026-06-20,Counter_Only,PRIMARY,Mega Lucario ex,14d,172,24,7.0,17.0,0.2917,,False,False,,,,,,OK,2026-06-19T23:38:50.146973200,2026-06-20T00:30:50.336392800,True,0,2026-08-10
2026-06-20,Counter_Only,FROZEN_DIAGNOSTIC,Mega Lucario ex,14d,172,24,7.0,17.0,0.2917,,False,False,,,,,,OK,2026-06-19T23:38:50.146973200,2026-06-20T00:30:50.336392800,True,0,2026-08-10
2026-06-20,ORACLE,PRIMARY,UNLABELED_CLUSTER_05,14d,172,13,11.0,2.0,0.8462,,False,False,,,,,,OK,2026-06-19T23:38:50.146973200,2026-06-20T00:30:50.336392800,True,0,2026-08-10
2026-06-20,BEST_DEPLOYABLE,PRIMARY,Mega Lucario ex,14d,172,0,,,0.2917,,False,False,,,,,,OK,2026-06-19T23:38:50.146973200,2026-06-20T00:30:50.336392800,True,0,2026-08-10
2026-06-21,A_most_popular,PRIMARY,Mega Lucario ex,14d,230,11,5.0,6.0,0.4545,,False,False,,,0.3609,,0.3609,OK,2026-06-20T22:04:01.085799300,2026-06-21T00:20:01.961918300,True,0,2026-08-10
2026-06-21,B_recent_wr,PRIMARY,Mega Lucario ex,14d,230,11,5.0,6.0,0.4545,,False,False,,,0.4458,,0.4458,OK,2026-06-20T22:04:01.085799300,2026-06-21T00:20:01.961918300,True,0,2026-08-10
2026-06-21,C_conservative_meta_aware,PRIMARY,Mega Lucario ex,14d,230,11,5.0,6.0,0.4545,,False,False,,,0.2382,,0.2382,OK,2026-06-20T22:04:01.085799300,2026-06-21T00:20:01.961918300,True,0,2026-08-10
2026-06-21,D_counter_aware,PRIMARY,Mega Lucario ex,14d,230,11,5.0,6.0,0.4545,,False,False,,,0.2382,0.0,0.2382,OK,2026-06-20T22:04:01.085799300,2026-06-21T00:20:01.961918300,True,0,2026-08-10
2026-06-21,D_counter_aware,FROZEN_DIAGNOSTIC,Mega Lucario ex,14d,230,11,5.0,6.0,0.4545,,False,False,,,0.2382,0.0,0.2382,OK,2026-06-20T22:04:01.085799300,2026-06-21T00:20:01.961918300,True,0,2026-08-10
2026-06-21,Counter_Only,PRIMARY,Mega Lucario ex,14d,230,11,5.0,6.0,0.4545,,False,False,,,,,,OK,2026-06-20T22:04:01.085799300,2026-06-21T00:20:01.961918300,True,0,2026-08-10
2026-06-21,Counter_Only,FROZEN_DIAGNOSTIC,Mega Lucario ex,14d,230,11,5.0,6.0,0.4545,,False,False,,,,,,OK,2026-06-20T22:04:01.085799300,2026-06-21T00:20:01.961918300,True,0,2026-08-10
2026-06-21,ORACLE,PRIMARY,Mega Lucario ex,14d,230,11,5.0,6.0,0.4545,,False,False,,,,,,OK,2026-06-20T22:04:01.085799300,2026-06-21T00:20:01.961918300,True,0,2026-08-10
2026-06-21,BEST_DEPLOYABLE,PRIMARY,Mega Lucario ex,14d,230,0,,,0.4545,,False,False,,,,,,OK,2026-06-20T22:04:01.085799300,2026-06-21T00:20:01.961918300,True,0,2026-08-10
2026-06-22,A_most_popular,PRIMARY,Mega Lucario ex,14d,278,5,3.0,2.0,0.6,,False,False,,,0.3381,,0.3381,OK,2026-06-21T23:09:34.341323500,2026-06-22T00:01:34.747955300,True,0,2026-08-10
2026-06-22,B_recent_wr,PRIMARY,Mega Lucario ex,14d,278,5,3.0,2.0,0.6,,False,False,,,0.4468,,0.4468,OK,2026-06-21T23:09:34.341323500,2026-06-22T00:01:34.747955300,True,0,2026-08-10
2026-06-22,C_conservative_meta_aware,PRIMARY,Mega Lucario ex,14d,278,5,3.0,2.0,0.6,,False,False,,,0.2421,,0.2421,OK,2026-06-21T23:09:34.341323500,2026-06-22T00:01:34.747955300,True,0,2026-08-10
2026-06-22,D_counter_aware,PRIMARY,Mega Lucario ex,14d,278,5,3.0,2.0,0.6,,False,False,,,0.2421,0.0,0.2421,OK,2026-06-21T23:09:34.341323500,2026-06-22T00:01:34.747955300,True,0,2026-08-10
2026-06-22,D_counter_aware,FROZEN_DIAGNOSTIC,Mega Lucario ex,14d,278,5,3.0,2.0,0.6,,False,False,,,0.2421,0.0,0.2421,OK,2026-06-21T23:09:34.341323500,2026-06-22T00:01:34.747955300,True,0,2026-08-10
2026-06-22,Counter_Only,PRIMARY,Mega Lucario ex,14d,278,5,3.0,2.0,0.6,,False,False,,,,,,OK,2026-06-21T23:09:34.341323500,2026-06-22T00:01:34.747955300,True,0,2026-08-10
2026-06-22,Counter_Only,FROZEN_DIAGNOSTIC,Mega Lucario ex,14d,278,5,3.0,2.0,0.6,,False,False,,,,,,OK,2026-06-21T23:09:34.341323500,2026-06-22T00:01:34.747955300,True,0,2026-08-10
2026-06-22,ORACLE,PRIMARY,,14d,278,0,,,,,False,False,,,,,,SKIPPED_NO_ORACLE_CANDIDATE,2026-06-21T23:09:34.341323500,2026-06-22T00:01:34.747955300,True,0,2026-08-10
2026-06-22,BEST_DEPLOYABLE,PRIMARY,,14d,278,0,,,,,False,False,,,,,,SKIPPED_NO_ELIGIBLE_CANDIDATE,2026-06-21T23:09:34.341323500,2026-06-22T00:01:34.747955300,True,0,2026-08-10
2026-06-23,A_most_popular,PRIMARY,Mega Lucario ex,14d,336,17,10.0,7.0,0.5882,,False,False,,,0.2946,,0.2946,OK,2026-06-22T21:02:26.708494600,2026-06-23T01:04:33.363271800,True,0,2026-08-10
2026-06-23,B_recent_wr,PRIMARY,Mega Lucario ex,14d,336,17,10.0,7.0,0.5882,,False,False,,,0.4545,,0.4545,OK,2026-06-22T21:02:26.708494600,2026-06-23T01:04:33.363271800,True,0,2026-08-10
2026-06-23,C_conservative_meta_aware,PRIMARY,Mega Lucario ex,14d,336,17,10.0,7.0,0.5882,,False,False,,,0.2519,,0.2519,OK,2026-06-22T21:02:26.708494600,2026-06-23T01:04:33.363271800,True,0,2026-08-10
2026-06-23,D_counter_aware,PRIMARY,Mega Lucario ex,14d,336,17,10.0,7.0,0.5882,,False,False,,,0.2519,0.0,0.2519,OK,2026-06-22T21:02:26.708494600,2026-06-23T01:04:33.363271800,True,0,2026-08-10
2026-06-23,D_counter_aware,FROZEN_DIAGNOSTIC,Mega Lucario ex,14d,336,17,10.0,7.0,0.5882,,False,False,,,0.2519,0.0,0.2519,OK,2026-06-22T21:02:26.708494600,2026-06-23T01:04:33.363271800,True,0,2026-08-10
2026-06-23,Counter_Only,PRIMARY,Mega Lucario ex,14d,336,17,10.0,7.0,0.5882,,False,False,,,,,,OK,2026-06-22T21:02:26.708494600,2026-06-23T01:04:33.363271800,True,0,2026-08-10
2026-06-23,Counter_Only,FROZEN_DIAGNOSTIC,Mega Lucario ex,14d,336,17,10.0,7.0,0.5882,,False,False,,,,,,OK,2026-06-22T21:02:26.708494600,2026-06-23T01:04:33.363271800,True,0,2026-08-10
2026-06-23,ORACLE,PRIMARY,Mega Lucario ex,14d,336,17,10.0,7.0,0.5882,,False,False,,,,,,OK,2026-06-22T21:02:26.708494600,2026-06-23T01:04:33.363271800,True,0,2026-08-10
2026-06-23,BEST_DEPLOYABLE,PRIMARY,Mega Lucario ex,14d,336,0,,,0.5882,,False,False,,,,,,OK,2026-06-22T21:02:26.708494600,2026-06-23T01:04:33.363271800,True,0,2026-08-10
2026-06-24,A_most_popular,PRIMARY,Mega Lucario ex,14d,384,15,6.0,9.0,0.4,,False,False,,,0.3021,,0.3021,OK,2026-06-23T23:14:22.481845600,2026-06-24T01:18:24.590665300,True,0,2026-08-10
2026-06-24,B_recent_wr,PRIMARY,Mega Lucario ex,14d,384,15,6.0,9.0,0.4,,False,False,,,0.4741,,0.4741,OK,2026-06-23T23:14:22.481845600,2026-06-24T01:18:24.590665300,True,0,2026-08-10
2026-06-24,C_conservative_meta_aware,PRIMARY,Mega Lucario ex,14d,384,15,6.0,9.0,0.4,,False,False,,,0.2679,,0.2679,OK,2026-06-23T23:14:22.481845600,2026-06-24T01:18:24.590665300,True,0,2026-08-10
2026-06-24,D_counter_aware,PRIMARY,Mega Lucario ex,14d,384,15,6.0,9.0,0.4,,False,False,,,0.2679,0.0,0.2679,OK,2026-06-23T23:14:22.481845600,2026-06-24T01:18:24.590665300,True,0,2026-08-10
2026-06-24,D_counter_aware,FROZEN_DIAGNOSTIC,Mega Lucario ex,14d,384,15,6.0,9.0,0.4,,False,False,,,0.2679,0.0,0.2679,OK,2026-06-23T23:14:22.481845600,2026-06-24T01:18:24.590665300,True,0,2026-08-10
2026-06-24,Counter_Only,PRIMARY,Mega Lucario ex,14d,384,15,6.0,9.0,0.4,,False,False,,,,,,OK,2026-06-23T23:14:22.481845600,2026-06-24T01:18:24.590665300,True,0,2026-08-10
2026-06-24,Counter_Only,FROZEN_DIAGNOSTIC,Mega Lucario ex,14d,384,15,6.0,9.0,0.4,,False,False,,,,,,OK,2026-06-23T23:14:22.481845600,2026-06-24T01:18:24.590665300,True,0,2026-08-10
2026-06-24,ORACLE,PRIMARY,Mega Lucario ex,14d,384,15,6.0,9.0,0.4,,False,False,,,,,,OK,2026-06-23T23:14:22.481845600,2026-06-24T01:18:24.590665300,True,0,2026-08-10
2026-06-24,BEST_DEPLOYABLE,PRIMARY,Mega Lucario ex,14d,384,0,,,0.4,,False,False,,,,,,OK,2026-06-23T23:14:22.481845600,2026-06-24T01:18:24.590665300,True,0,2026-08-10
2026-06-25,A_most_popular,PRIMARY,Mega Lucario ex,14d,432,5,4.0,1.0,0.8,,False,False,,,0.3032,,0.3032,OK,2026-06-24T23:33:00.405253,2026-06-25T04:29:00.446936900,True,0,2026-08-10
2026-06-25,B_recent_wr,PRIMARY,Mega Lucario ex,14d,432,5,4.0,1.0,0.8,,False,False,,,0.4656,,0.4656,OK,2026-06-24T23:33:00.405253,2026-06-25T04:29:00.446936900,True,0,2026-08-10
2026-06-25,C_conservative_meta_aware,PRIMARY,Mega Lucario ex,14d,432,5,4.0,1.0,0.8,,False,False,,,0.2678,,0.2678,OK,2026-06-24T23:33:00.405253,2026-06-25T04:29:00.446936900,True,0,2026-08-10
2026-06-25,D_counter_aware,PRIMARY,Mega Lucario ex,14d,432,5,4.0,1.0,0.8,,False,False,,,0.2678,0.0,0.2678,OK,2026-06-24T23:33:00.405253,2026-06-25T04:29:00.446936900,True,0,2026-08-10
2026-06-25,D_counter_aware,FROZEN_DIAGNOSTIC,Mega Lucario ex,14d,432,5,4.0,1.0,0.8,,False,False,,,0.2678,0.0,0.2678,OK,2026-06-24T23:33:00.405253,2026-06-25T04:29:00.446936900,True,0,2026-08-10
2026-06-25,Counter_Only,PRIMARY,Mega Lucario ex,14d,432,5,4.0,1.0,0.8,,False,False,,,,,,OK,2026-06-24T23:33:00.405253,2026-06-25T04:29:00.446936900,True,0,2026-08-10
2026-06-25,Counter_Only,FROZEN_DIAGNOSTIC,Mega Lucario ex,14d,432,5,4.0,1.0,0.8,,False,False,,,,,,OK,2026-06-24T23:33:00.405253,2026-06-25T04:29:00.446936900,True,0,2026-08-10
2026-06-25,ORACLE,PRIMARY,,14d,432,0,,,,,False,False,,,,,,SKIPPED_NO_ORACLE_CANDIDATE,2026-06-24T23:33:00.405253,2026-06-25T04:29:00.446936900,True,0,2026-08-10
2026-06-25,BEST_DEPLOYABLE,PRIMARY,,14d,432,0,,,,,False,False,,,,,,SKIPPED_NO_ELIGIBLE_CANDIDATE,2026-06-24T23:33:00.405253,2026-06-25T04:29:00.446936900,True,0,2026-08-10
2026-06-26,A_most_popular,PRIMARY,Mega Lucario ex,14d,464,10,5.0,5.0,0.5,,False,False,,,0.2931,,0.2931,OK,2026-06-25T23:32:48.850716800,2026-06-26T01:17:13.023324100,True,0,2026-08-10
2026-06-26,B_recent_wr,PRIMARY,Mega Lucario ex,14d,464,10,5.0,5.0,0.5,,False,False,,,0.4779,,0.4779,OK,2026-06-25T23:32:48.850716800,2026-06-26T01:17:13.023324100,True,0,2026-08-10
2026-06-26,C_conservative_meta_aware,PRIMARY,Mega Lucario ex,14d,464,10,5.0,5.0,0.5,,False,False,,,0.2797,,0.2797,OK,2026-06-25T23:32:48.850716800,2026-06-26T01:17:13.023324100,True,0,2026-08-10
2026-06-26,D_counter_aware,PRIMARY,Mega Lucario ex,14d,464,10,5.0,5.0,0.5,,False,False,,,0.2797,0.0,0.2797,OK,2026-06-25T23:32:48.850716800,2026-06-26T01:17:13.023324100,True,0,2026-08-10
2026-06-26,D_counter_aware,FROZEN_DIAGNOSTIC,Mega Lucario ex,14d,464,10,5.0,5.0,0.5,,False,False,,,0.2797,0.0,0.2797,OK,2026-06-25T23:32:48.850716800,2026-06-26T01:17:13.023324100,True,0,2026-08-10
2026-06-26,Counter_Only,PRIMARY,Mega Lucario ex,14d,464,10,5.0,5.0,0.5,,False,False,,,,,,OK,2026-06-25T23:32:48.850716800,2026-06-26T01:17:13.023324100,True,0,2026-08-10
2026-06-26,Counter_Only,FROZEN_DIAGNOSTIC,Mega Lucario ex,14d,464,10,5.0,5.0,0.5,,False,False,,,,,,OK,2026-06-25T23:32:48.850716800,2026-06-26T01:17:13.023324100,True,0,2026-08-10
2026-06-26,ORACLE,PRIMARY,Mega Lucario ex,14d,464,10,5.0,5.0,0.5,,False,False,,,,,,OK,2026-06-25T23:32:48.850716800,2026-06-26T01:17:13.023324100,True,0,2026-08-10
2026-06-26,BEST_DEPLOYABLE,PRIMARY,Mega Lucario ex,14d,464,0,,,0.5,,False,False,,,,,,OK,2026-06-25T23:32:48.850716800,2026-06-26T01:17:13.023324100,True,0,2026-08-10
2026-06-27,A_most_popular,PRIMARY,Mega Lucario ex,14d,520,8,3.0,5.0,0.375,,False,False,,,0.2808,,0.2808,OK,2026-06-26T22:29:17.803087600,2026-06-27T00:13:21.708734400,True,0,2026-08-10
2026-06-27,B_recent_wr,PRIMARY,Mega Lucario ex,14d,520,8,3.0,5.0,0.375,,False,False,,,0.4795,,0.4795,OK,2026-06-26T22:29:17.803087600,2026-06-27T00:13:21.708734400,True,0,2026-08-10
2026-06-27,C_conservative_meta_aware,PRIMARY,UNLABELED_CLUSTER_05,14d,520,6,4.0,2.0,0.6667,,False,False,,,0.2879,,0.2879,OK,2026-06-26T22:29:17.803087600,2026-06-27T00:13:21.708734400,True,0,2026-08-10
2026-06-27,D_counter_aware,PRIMARY,UNLABELED_CLUSTER_05,14d,520,6,4.0,2.0,0.6667,,False,False,,,0.2879,0.0,0.2879,OK,2026-06-26T22:29:17.803087600,2026-06-27T00:13:21.708734400,True,0,2026-08-10
2026-06-27,D_counter_aware,FROZEN_DIAGNOSTIC,UNLABELED_CLUSTER_05,14d,520,6,4.0,2.0,0.6667,,False,False,,,0.2879,0.0,0.2879,OK,2026-06-26T22:29:17.803087600,2026-06-27T00:13:21.708734400,True,0,2026-08-10
2026-06-27,Counter_Only,PRIMARY,UNLABELED_CLUSTER_05,14d,520,6,4.0,2.0,0.6667,,False,False,,,,,,OK,2026-06-26T22:29:17.803087600,2026-06-27T00:13:21.708734400,True,0,2026-08-10
2026-06-27,Counter_Only,FROZEN_DIAGNOSTIC,UNLABELED_CLUSTER_05,14d,520,6,4.0,2.0,0.6667,,False,False,,,,,,OK,2026-06-26T22:29:17.803087600,2026-06-27T00:13:21.708734400,True,0,2026-08-10
2026-06-27,ORACLE,PRIMARY,,14d,520,0,,,,,False,False,,,,,,SKIPPED_NO_ORACLE_CANDIDATE,2026-06-26T22:29:17.803087600,2026-06-27T00:13:21.708734400,True,0,2026-08-10
2026-06-27,BEST_DEPLOYABLE,PRIMARY,,14d,520,0,,,,,False,False,,,,,,SKIPPED_NO_ELIGIBLE_CANDIDATE,2026-06-26T22:29:17.803087600,2026-06-27T00:13:21.708734400,True,0,2026-08-10
2026-06-28,A_most_popular,PRIMARY,Mega Lucario ex,14d,568,9,4.0,5.0,0.4444,,False,False,,,0.2711,,0.2711,OK,2026-06-27T23:33:50.595803800,2026-06-28T00:17:51.705875100,True,0,2026-08-10
2026-06-28,B_recent_wr,PRIMARY,UNLABELED_CLUSTER_05,14d,568,6,3.0,3.0,0.5,,False,False,,,0.4769,,0.4769,OK,2026-06-27T23:33:50.595803800,2026-06-28T00:17:51.705875100,True,0,2026-08-10
2026-06-28,C_conservative_meta_aware,PRIMARY,UNLABELED_CLUSTER_05,14d,568,6,3.0,3.0,0.5,,False,False,,,0.3047,,0.3047,OK,2026-06-27T23:33:50.595803800,2026-06-28T00:17:51.705875100,True,0,2026-08-10
2026-06-28,D_counter_aware,PRIMARY,UNLABELED_CLUSTER_05,14d,568,6,3.0,3.0,0.5,,False,False,,,0.3047,0.0,0.3047,OK,2026-06-27T23:33:50.595803800,2026-06-28T00:17:51.705875100,True,0,2026-08-10
2026-06-28,D_counter_aware,FROZEN_DIAGNOSTIC,UNLABELED_CLUSTER_05,14d,568,6,3.0,3.0,0.5,,False,False,,,0.3047,0.0,0.3047,OK,2026-06-27T23:33:50.595803800,2026-06-28T00:17:51.705875100,True,0,2026-08-10
2026-06-28,Counter_Only,PRIMARY,UNLABELED_CLUSTER_05,14d,568,6,3.0,3.0,0.5,,False,False,,,,,,OK,2026-06-27T23:33:50.595803800,2026-06-28T00:17:51.705875100,True,0,2026-08-10
2026-06-28,Counter_Only,FROZEN_DIAGNOSTIC,UNLABELED_CLUSTER_05,14d,568,6,3.0,3.0,0.5,,False,False,,,,,,OK,2026-06-27T23:33:50.595803800,2026-06-28T00:17:51.705875100,True,0,2026-08-10
2026-06-28,ORACLE,PRIMARY,UNLABELED_CLUSTER_02,14d,568,17,8.0,9.0,0.4706,,False,False,,,,,,OK,2026-06-27T23:33:50.595803800,2026-06-28T00:17:51.705875100,True,0,2026-08-10
2026-06-28,BEST_DEPLOYABLE,PRIMARY,,14d,568,0,,,,,False,False,,,,,,SKIPPED_NO_ELIGIBLE_CANDIDATE,2026-06-27T23:33:50.595803800,2026-06-28T00:17:51.705875100,True,0,2026-08-10
2026-06-29,A_most_popular,PRIMARY,Mega Lucario ex,14d,630,4,2.0,2.0,0.5,,False,False,,,0.2587,,0.2587,OK,2026-06-28T23:30:21.001521700,2026-06-29T01:50:20.267670400,True,0,2026-08-10
2026-06-29,B_recent_wr,PRIMARY,UNLABELED_CLUSTER_05,14d,630,0,0.0,0.0,,,False,False,,,0.4789,,0.4789,SKIPPED_NO_TEST_DATA,2026-06-28T23:30:21.001521700,2026-06-29T01:50:20.267670400,True,0,2026-08-10
2026-06-29,C_conservative_meta_aware,PRIMARY,UNLABELED_CLUSTER_05,14d,630,0,0.0,0.0,,,False,False,,,0.3037,,0.3037,SKIPPED_NO_TEST_DATA,2026-06-28T23:30:21.001521700,2026-06-29T01:50:20.267670400,True,0,2026-08-10
2026-06-29,D_counter_aware,PRIMARY,UNLABELED_CLUSTER_05,14d,630,0,0.0,0.0,,,False,False,,,0.3037,0.0,0.3037,SKIPPED_NO_TEST_DATA,2026-06-28T23:30:21.001521700,2026-06-29T01:50:20.267670400,True,0,2026-08-10
2026-06-29,D_counter_aware,FROZEN_DIAGNOSTIC,UNLABELED_CLUSTER_05,14d,630,0,0.0,0.0,,,False,False,,,0.3037,0.0,0.3037,SKIPPED_NO_TEST_DATA,2026-06-28T23:30:21.001521700,2026-06-29T01:50:20.267670400,True,0,2026-08-10
2026-06-29,Counter_Only,PRIMARY,UNLABELED_CLUSTER_05,14d,630,0,0.0,0.0,,,False,False,,,,,,SKIPPED_NO_TEST_DATA,2026-06-28T23:30:21.001521700,2026-06-29T01:50:20.267670400,True,0,2026-08-10
2026-06-29,Counter_Only,FROZEN_DIAGNOSTIC,UNLABELED_CLUSTER_05,14d,630,0,0.0,0.0,,,False,False,,,,,,SKIPPED_NO_TEST_DATA,2026-06-28T23:30:21.001521700,2026-06-29T01:50:20.267670400,True,0,2026-08-10
2026-06-29,ORACLE,PRIMARY,UNLABELED_CLUSTER_02,14d,630,18,10.0,8.0,0.5556,,False,False,,,,,,OK,2026-06-28T23:30:21.001521700,2026-06-29T01:50:20.267670400,True,0,2026-08-10
2026-06-29,BEST_DEPLOYABLE,PRIMARY,,14d,630,0,,,,,False,False,,,,,,SKIPPED_NO_ELIGIBLE_CANDIDATE,2026-06-28T23:30:21.001521700,2026-06-29T01:50:20.267670400,True,0,2026-08-10
2026-06-30,A_most_popular,PRIMARY,Mega Lucario ex,14d,672,0,0.0,0.0,,,False,False,,,0.2485,,0.2485,SKIPPED_NO_TEST_DATA,2026-06-29T22:24:16.898514,2026-06-30T03:07:10.831909400,True,0,2026-08-10
2026-06-30,B_recent_wr,PRIMARY,UNLABELED_CLUSTER_02,14d,672,15,6.0,9.0,0.4,,False,False,,,0.58,,0.58,OK,2026-06-29T22:24:16.898514,2026-06-30T03:07:10.831909400,True,0,2026-08-10
2026-06-30,C_conservative_meta_aware,PRIMARY,UNLABELED_CLUSTER_02,14d,672,15,6.0,9.0,0.4,,False,False,,,0.3395,,0.3395,OK,2026-06-29T22:24:16.898514,2026-06-30T03:07:10.831909400,True,0,2026-08-10
2026-06-30,D_counter_aware,PRIMARY,UNLABELED_CLUSTER_02,14d,672,15,6.0,9.0,0.4,,False,False,,,0.3395,0.0,0.3395,OK,2026-06-29T22:24:16.898514,2026-06-30T03:07:10.831909400,True,0,2026-08-10
2026-06-30,D_counter_aware,FROZEN_DIAGNOSTIC,UNLABELED_CLUSTER_02,14d,672,15,6.0,9.0,0.4,,False,False,,,0.3395,0.0,0.3395,OK,2026-06-29T22:24:16.898514,2026-06-30T03:07:10.831909400,True,0,2026-08-10
2026-06-30,Counter_Only,PRIMARY,UNLABELED_CLUSTER_02,14d,672,15,6.0,9.0,0.4,,False,False,,,,,,OK,2026-06-29T22:24:16.898514,2026-06-30T03:07:10.831909400,True,0,2026-08-10
2026-06-30,Counter_Only,FROZEN_DIAGNOSTIC,UNLABELED_CLUSTER_02,14d,672,15,6.0,9.0,0.4,,False,False,,,,,,OK,2026-06-29T22:24:16.898514,2026-06-30T03:07:10.831909400,True,0,2026-08-10
2026-06-30,ORACLE,PRIMARY,UNLABELED_CLUSTER_01,14d,672,10,5.0,5.0,0.5,,False,False,,,,,,OK,2026-06-29T22:24:16.898514,2026-06-30T03:07:10.831909400,True,0,2026-08-10
2026-06-30,BEST_DEPLOYABLE,PRIMARY,UNLABELED_CLUSTER_01,14d,672,0,,,0.5,,False,False,,,,,,OK,2026-06-29T22:24:16.898514,2026-06-30T03:07:10.831909400,True,0,2026-08-10
2026-07-01,A_most_popular,PRIMARY,Mega Lucario ex,14d,704,1,0.0,1.0,0.0,,False,False,,,0.2344,,0.2344,OK,2026-06-30T23:52:03.205449400,2026-07-01T00:52:06.739670500,True,0,2026-08-10
2026-07-01,B_recent_wr,PRIMARY,Fezandipiti ex,14d,704,4,3.0,1.0,0.75,,False,False,,,0.5439,,0.5439,OK,2026-06-30T23:52:03.205449400,2026-07-01T00:52:06.739670500,True,0,2026-08-10
2026-07-01,C_conservative_meta_aware,PRIMARY,UNLABELED_CLUSTER_02,14d,704,4,2.0,2.0,0.5,,False,False,,,0.3168,,0.3168,OK,2026-06-30T23:52:03.205449400,2026-07-01T00:52:06.739670500,True,0,2026-08-10
2026-07-01,D_counter_aware,PRIMARY,UNLABELED_CLUSTER_02,14d,704,4,2.0,2.0,0.5,,False,False,,,0.3168,0.0,0.3168,OK,2026-06-30T23:52:03.205449400,2026-07-01T00:52:06.739670500,True,0,2026-08-10
2026-07-01,D_counter_aware,FROZEN_DIAGNOSTIC,UNLABELED_CLUSTER_02,14d,704,4,2.0,2.0,0.5,,False,False,,,0.3168,0.0,0.3168,OK,2026-06-30T23:52:03.205449400,2026-07-01T00:52:06.739670500,True,0,2026-08-10
2026-07-01,Counter_Only,PRIMARY,UNLABELED_CLUSTER_02,14d,704,4,2.0,2.0,0.5,,False,False,,,,,,OK,2026-06-30T23:52:03.205449400,2026-07-01T00:52:06.739670500,True,0,2026-08-10
2026-07-01,Counter_Only,FROZEN_DIAGNOSTIC,UNLABELED_CLUSTER_02,14d,704,4,2.0,2.0,0.5,,False,False,,,,,,OK,2026-06-30T23:52:03.205449400,2026-07-01T00:52:06.739670500,True,0,2026-08-10
2026-07-01,ORACLE,PRIMARY,,14d,704,0,,,,,False,False,,,,,,SKIPPED_NO_ORACLE_CANDIDATE,2026-06-30T23:52:03.205449400,2026-07-01T00:52:06.739670500,True,0,2026-08-10
2026-07-01,BEST_DEPLOYABLE,PRIMARY,,14d,704,0,,,,,False,False,,,,,,SKIPPED_NO_ELIGIBLE_CANDIDATE,2026-06-30T23:52:03.205449400,2026-07-01T00:52:06.739670500,True,0,2026-08-10
2026-07-02,A_most_popular,PRIMARY,Mega Lucario ex,14d,666,4,3.0,1.0,0.75,,False,False,,,0.2207,,0.2207,OK,2026-07-01T20:10:38.573190100,2026-07-02T00:13:25.929322800,True,0,2026-08-10
2026-07-02,B_recent_wr,PRIMARY,Fezandipiti ex,14d,666,5,1.0,4.0,0.2,,False,False,,,0.5714,,0.5714,OK,2026-07-01T20:10:38.573190100,2026-07-02T00:13:25.929322800,True,0,2026-08-10
2026-07-02,C_conservative_meta_aware,PRIMARY,UNLABELED_CLUSTER_02,14d,666,12,4.0,8.0,0.3333,,False,False,,,0.3059,,0.3059,OK,2026-07-01T20:10:38.573190100,2026-07-02T00:13:25.929322800,True,0,2026-08-10
2026-07-02,D_counter_aware,PRIMARY,UNLABELED_CLUSTER_02,14d,666,12,4.0,8.0,0.3333,,False,False,,,0.3059,0.0,0.3059,OK,2026-07-01T20:10:38.573190100,2026-07-02T00:13:25.929322800,True,0,2026-08-10
2026-07-02,D_counter_aware,FROZEN_DIAGNOSTIC,UNLABELED_CLUSTER_02,14d,666,12,4.0,8.0,0.3333,,False,False,,,0.3059,0.0,0.3059,OK,2026-07-01T20:10:38.573190100,2026-07-02T00:13:25.929322800,True,0,2026-08-10
2026-07-02,Counter_Only,PRIMARY,UNLABELED_CLUSTER_02,14d,666,12,4.0,8.0,0.3333,,False,False,,,,,,OK,2026-07-01T20:10:38.573190100,2026-07-02T00:13:25.929322800,True,0,2026-08-10
2026-07-02,Counter_Only,FROZEN_DIAGNOSTIC,UNLABELED_CLUSTER_02,14d,666,12,4.0,8.0,0.3333,,False,False,,,,,,OK,2026-07-01T20:10:38.573190100,2026-07-02T00:13:25.929322800,True,0,2026-08-10
2026-07-02,ORACLE,PRIMARY,Marnie's Grimmsnarl ex,14d,666,20,13.0,7.0,0.65,,False,False,,,,,,OK,2026-07-01T20:10:38.573190100,2026-07-02T00:13:25.929322800,True,0,2026-08-10
2026-07-02,BEST_DEPLOYABLE,PRIMARY,UNLABELED_CLUSTER_02,14d,666,0,,,0.3333,,False,False,,,,,,OK,2026-07-01T20:10:38.573190100,2026-07-02T00:13:25.929322800,True,0,2026-08-10
2026-07-03,A_most_popular,PRIMARY,Mega Lucario ex,14d,690,1,0.0,1.0,0.0,,False,False,,,0.1986,,0.1986,OK,2026-07-02T21:47:52.572112700,2026-07-03T00:40:09.071835,True,0,2026-08-10
2026-07-03,B_recent_wr,PRIMARY,Fezandipiti ex,14d,690,4,2.0,2.0,0.5,,False,False,,,0.5614,,0.5614,OK,2026-07-02T21:47:52.572112700,2026-07-03T00:40:09.071835,True,0,2026-08-10
2026-07-03,C_conservative_meta_aware,PRIMARY,UNLABELED_CLUSTER_02,14d,690,0,0.0,0.0,,,False,False,,,0.2885,,0.2885,SKIPPED_NO_TEST_DATA,2026-07-02T21:47:52.572112700,2026-07-03T00:40:09.071835,True,0,2026-08-10
2026-07-03,D_counter_aware,PRIMARY,UNLABELED_CLUSTER_02,14d,690,0,0.0,0.0,,,False,False,,,0.2885,0.0,0.2885,SKIPPED_NO_TEST_DATA,2026-07-02T21:47:52.572112700,2026-07-03T00:40:09.071835,True,0,2026-08-10
2026-07-03,D_counter_aware,FROZEN_DIAGNOSTIC,UNLABELED_CLUSTER_02,14d,690,0,0.0,0.0,,,False,False,,,0.2885,0.0,0.2885,SKIPPED_NO_TEST_DATA,2026-07-02T21:47:52.572112700,2026-07-03T00:40:09.071835,True,0,2026-08-10
2026-07-03,Counter_Only,PRIMARY,UNLABELED_CLUSTER_02,14d,690,0,0.0,0.0,,,False,False,,,,,,SKIPPED_NO_TEST_DATA,2026-07-02T21:47:52.572112700,2026-07-03T00:40:09.071835,True,0,2026-08-10
2026-07-03,Counter_Only,FROZEN_DIAGNOSTIC,UNLABELED_CLUSTER_02,14d,690,0,0.0,0.0,,,False,False,,,,,,SKIPPED_NO_TEST_DATA,2026-07-02T21:47:52.572112700,2026-07-03T00:40:09.071835,True,0,2026-08-10
2026-07-03,ORACLE,PRIMARY,,14d,690,0,,,,,False,False,,,,,,SKIPPED_NO_ORACLE_CANDIDATE,2026-07-02T21:47:52.572112700,2026-07-03T00:40:09.071835,True,0,2026-08-10
2026-07-03,BEST_DEPLOYABLE,PRIMARY,,14d,690,0,,,,,False,False,,,,,,SKIPPED_NO_ELIGIBLE_CANDIDATE,2026-07-02T21:47:52.572112700,2026-07-03T00:40:09.071835,True,0,2026-08-10
2026-07-04,A_most_popular,PRIMARY,Mega Lucario ex,14d,680,1,0.0,1.0,0.0,,False,False,,,0.1676,,0.1676,OK,2026-07-03T23:12:24.571130200,2026-07-04T00:24:21.992113600,True,0,2026-08-10
2026-07-04,B_recent_wr,PRIMARY,Fezandipiti ex,14d,680,2,1.0,1.0,0.5,,False,False,,,0.5593,,0.5593,OK,2026-07-03T23:12:24.571130200,2026-07-04T00:24:21.992113600,True,0,2026-08-10
2026-07-04,C_conservative_meta_aware,PRIMARY,UNLABELED_CLUSTER_02,14d,680,2,1.0,1.0,0.5,,False,False,,,0.2813,,0.2813,OK,2026-07-03T23:12:24.571130200,2026-07-04T00:24:21.992113600,True,0,2026-08-10
2026-07-04,D_counter_aware,PRIMARY,UNLABELED_CLUSTER_02,14d,680,2,1.0,1.0,0.5,,False,False,,,0.2813,0.0,0.2813,OK,2026-07-03T23:12:24.571130200,2026-07-04T00:24:21.992113600,True,0,2026-08-10
2026-07-04,D_counter_aware,FROZEN_DIAGNOSTIC,UNLABELED_CLUSTER_02,14d,680,2,1.0,1.0,0.5,,False,False,,,0.2813,0.0,0.2813,OK,2026-07-03T23:12:24.571130200,2026-07-04T00:24:21.992113600,True,0,2026-08-10
2026-07-04,Counter_Only,PRIMARY,UNLABELED_CLUSTER_02,14d,680,2,1.0,1.0,0.5,,False,False,,,,,,OK,2026-07-03T23:12:24.571130200,2026-07-04T00:24:21.992113600,True,0,2026-08-10
2026-07-04,Counter_Only,FROZEN_DIAGNOSTIC,UNLABELED_CLUSTER_02,14d,680,2,1.0,1.0,0.5,,False,False,,,,,,OK,2026-07-03T23:12:24.571130200,2026-07-04T00:24:21.992113600,True,0,2026-08-10
2026-07-04,ORACLE,PRIMARY,Marnie's Grimmsnarl ex,14d,680,22,16.0,6.0,0.7273,,False,False,,,,,,OK,2026-07-03T23:12:24.571130200,2026-07-04T00:24:21.992113600,True,0,2026-08-10
2026-07-04,BEST_DEPLOYABLE,PRIMARY,,14d,680,0,,,,,False,False,,,,,,SKIPPED_NO_ELIGIBLE_CANDIDATE,2026-07-03T23:12:24.571130200,2026-07-04T00:24:21.992113600,True,0,2026-08-10
2026-07-05,A_most_popular,PRIMARY,Mega Lucario ex,14d,678,1,1.0,0.0,1.0,,False,False,,,0.1342,,0.1342,OK,2026-07-04T22:40:51.651906400,2026-07-05T00:44:52.317557800,True,0,2026-08-10
2026-07-05,B_recent_wr,PRIMARY,Marnie's Grimmsnarl ex,14d,678,13,7.0,6.0,0.5385,,False,False,,,0.625,,0.625,OK,2026-07-04T22:40:51.651906400,2026-07-05T00:44:52.317557800,True,0,2026-08-10
2026-07-05,C_conservative_meta_aware,PRIMARY,Marnie's Grimmsnarl ex,14d,678,13,7.0,6.0,0.5385,,False,False,,,0.3252,,0.3252,OK,2026-07-04T22:40:51.651906400,2026-07-05T00:44:52.317557800,True,0,2026-08-10
2026-07-05,D_counter_aware,PRIMARY,Marnie's Grimmsnarl ex,14d,678,13,7.0,6.0,0.5385,,False,False,,,0.3252,0.0,0.3252,OK,2026-07-04T22:40:51.651906400,2026-07-05T00:44:52.317557800,True,0,2026-08-10
2026-07-05,D_counter_aware,FROZEN_DIAGNOSTIC,Marnie's Grimmsnarl ex,14d,678,13,7.0,6.0,0.5385,,False,False,,,0.3252,0.0,0.3252,OK,2026-07-04T22:40:51.651906400,2026-07-05T00:44:52.317557800,True,0,2026-08-10
2026-07-05,Counter_Only,PRIMARY,Marnie's Grimmsnarl ex,14d,678,13,7.0,6.0,0.5385,,False,False,,,,,,OK,2026-07-04T22:40:51.651906400,2026-07-05T00:44:52.317557800,True,0,2026-08-10
2026-07-05,Counter_Only,FROZEN_DIAGNOSTIC,Marnie's Grimmsnarl ex,14d,678,13,7.0,6.0,0.5385,,False,False,,,,,,OK,2026-07-04T22:40:51.651906400,2026-07-05T00:44:52.317557800,True,0,2026-08-10
2026-07-05,ORACLE,PRIMARY,Marnie's Grimmsnarl ex,14d,678,13,7.0,6.0,0.5385,,False,False,,,,,,OK,2026-07-04T22:40:51.651906400,2026-07-05T00:44:52.317557800,True,0,2026-08-10
2026-07-05,BEST_DEPLOYABLE,PRIMARY,Marnie's Grimmsnarl ex,14d,678,0,,,0.5385,,False,False,,,,,,OK,2026-07-04T22:40:51.651906400,2026-07-05T00:44:52.317557800,True,0,2026-08-10
2026-07-06,A_most_popular,PRIMARY,UNLABELED_CLUSTER_02,14d,674,0,0.0,0.0,,,False,False,,,0.1291,,0.1291,SKIPPED_NO_TEST_DATA,2026-07-05T23:56:51.005610800,2026-07-06T02:40:52.499014400,True,0,2026-08-10
2026-07-06,B_recent_wr,PRIMARY,Marnie's Grimmsnarl ex,14d,674,16,10.0,6.0,0.625,,False,False,,,0.6087,,0.6087,OK,2026-07-05T23:56:51.005610800,2026-07-06T02:40:52.499014400,True,0,2026-08-10
2026-07-06,C_conservative_meta_aware,PRIMARY,Marnie's Grimmsnarl ex,14d,674,16,10.0,6.0,0.625,,False,False,,,0.2967,,0.2967,OK,2026-07-05T23:56:51.005610800,2026-07-06T02:40:52.499014400,True,0,2026-08-10
2026-07-06,D_counter_aware,PRIMARY,Marnie's Grimmsnarl ex,14d,674,16,10.0,6.0,0.625,,False,False,,,0.2967,0.0,0.2967,OK,2026-07-05T23:56:51.005610800,2026-07-06T02:40:52.499014400,True,0,2026-08-10
2026-07-06,D_counter_aware,FROZEN_DIAGNOSTIC,Marnie's Grimmsnarl ex,14d,674,16,10.0,6.0,0.625,,False,False,,,0.2967,0.0,0.2967,OK,2026-07-05T23:56:51.005610800,2026-07-06T02:40:52.499014400,True,0,2026-08-10
2026-07-06,Counter_Only,PRIMARY,Marnie's Grimmsnarl ex,14d,674,16,10.0,6.0,0.625,,False,False,,,,,,OK,2026-07-05T23:56:51.005610800,2026-07-06T02:40:52.499014400,True,0,2026-08-10
2026-07-06,Counter_Only,FROZEN_DIAGNOSTIC,Marnie's Grimmsnarl ex,14d,674,16,10.0,6.0,0.625,,False,False,,,,,,OK,2026-07-05T23:56:51.005610800,2026-07-06T02:40:52.499014400,True,0,2026-08-10
2026-07-06,ORACLE,PRIMARY,Marnie's Grimmsnarl ex,14d,674,16,10.0,6.0,0.625,,False,False,,,,,,OK,2026-07-05T23:56:51.005610800,2026-07-06T02:40:52.499014400,True,0,2026-08-10
2026-07-06,BEST_DEPLOYABLE,PRIMARY,Marnie's Grimmsnarl ex,14d,674,0,,,0.625,,False,False,,,,,,OK,2026-07-05T23:56:51.005610800,2026-07-06T02:40:52.499014400,True,0,2026-08-10
2026-07-07,A_most_popular,PRIMARY,UNLABELED_CLUSTER_02,14d,662,6,1.0,5.0,0.1667,,False,False,,,0.1314,,0.1314,OK,2026-07-06T23:13:41.324232600,2026-07-07T00:05:40.637649800,True,0,2026-08-10
2026-07-07,B_recent_wr,PRIMARY,Marnie's Grimmsnarl ex,14d,662,28,10.0,18.0,0.3571,,False,False,,,0.6118,,0.6118,OK,2026-07-06T23:13:41.324232600,2026-07-07T00:05:40.637649800,True,0,2026-08-10
2026-07-07,C_conservative_meta_aware,PRIMARY,UNLABELED_CLUSTER_01,14d,662,24,13.0,11.0,0.5417,,False,False,,,0.277,,0.277,OK,2026-07-06T23:13:41.324232600,2026-07-07T00:05:40.637649800,True,0,2026-08-10
2026-07-07,D_counter_aware,PRIMARY,UNLABELED_CLUSTER_01,14d,662,24,13.0,11.0,0.5417,,False,False,,,0.277,0.0,0.277,OK,2026-07-06T23:13:41.324232600,2026-07-07T00:05:40.637649800,True,0,2026-08-10
2026-07-07,D_counter_aware,FROZEN_DIAGNOSTIC,UNLABELED_CLUSTER_01,14d,662,24,13.0,11.0,0.5417,,False,False,,,0.277,0.0,0.277,OK,2026-07-06T23:13:41.324232600,2026-07-07T00:05:40.637649800,True,0,2026-08-10
2026-07-07,Counter_Only,PRIMARY,UNLABELED_CLUSTER_01,14d,662,24,13.0,11.0,0.5417,,False,False,,,,,,OK,2026-07-06T23:13:41.324232600,2026-07-07T00:05:40.637649800,True,0,2026-08-10
2026-07-07,Counter_Only,FROZEN_DIAGNOSTIC,UNLABELED_CLUSTER_01,14d,662,24,13.0,11.0,0.5417,,False,False,,,,,,OK,2026-07-06T23:13:41.324232600,2026-07-07T00:05:40.637649800,True,0,2026-08-10
2026-07-07,ORACLE,PRIMARY,UNLABELED_CLUSTER_04,14d,662,14,9.0,5.0,0.6429,,False,False,,,,,,OK,2026-07-06T23:13:41.324232600,2026-07-07T00:05:40.637649800,True,0,2026-08-10
2026-07-07,BEST_DEPLOYABLE,PRIMARY,UNLABELED_CLUSTER_01,14d,662,0,,,0.5417,,False,False,,,,,,OK,2026-07-06T23:13:41.324232600,2026-07-07T00:05:40.637649800,True,0,2026-08-10
2026-07-08,A_most_popular,PRIMARY,Marnie's Grimmsnarl ex,14d,774,33,16.0,17.0,0.4848,,False,False,,,0.146,,0.146,OK,2026-07-07T23:33:27.246937,2026-07-08T00:09:27.636128300,True,0,2026-08-10
2026-07-08,B_recent_wr,PRIMARY,Marnie's Grimmsnarl ex,14d,774,33,16.0,17.0,0.4848,,False,False,,,0.5487,,0.5487,OK,2026-07-07T23:33:27.246937,2026-07-08T00:09:27.636128300,True,0,2026-08-10
2026-07-08,C_conservative_meta_aware,PRIMARY,UNLABELED_CLUSTER_01,14d,774,17,10.0,7.0,0.5882,,False,False,,,0.2798,,0.2798,OK,2026-07-07T23:33:27.246937,2026-07-08T00:09:27.636128300,True,0,2026-08-10
2026-07-08,D_counter_aware,PRIMARY,UNLABELED_CLUSTER_01,14d,774,17,10.0,7.0,0.5882,,False,False,,,0.2798,0.0,0.2798,OK,2026-07-07T23:33:27.246937,2026-07-08T00:09:27.636128300,True,0,2026-08-10
2026-07-08,D_counter_aware,FROZEN_DIAGNOSTIC,UNLABELED_CLUSTER_01,14d,774,17,10.0,7.0,0.5882,,False,False,,,0.2798,0.0,0.2798,OK,2026-07-07T23:33:27.246937,2026-07-08T00:09:27.636128300,True,0,2026-08-10
2026-07-08,Counter_Only,PRIMARY,UNLABELED_CLUSTER_01,14d,774,17,10.0,7.0,0.5882,,False,False,,,,,,OK,2026-07-07T23:33:27.246937,2026-07-08T00:09:27.636128300,True,0,2026-08-10
2026-07-08,Counter_Only,FROZEN_DIAGNOSTIC,UNLABELED_CLUSTER_01,14d,774,17,10.0,7.0,0.5882,,False,False,,,,,,OK,2026-07-07T23:33:27.246937,2026-07-08T00:09:27.636128300,True,0,2026-08-10
2026-07-08,ORACLE,PRIMARY,UNLABELED_CLUSTER_01,14d,774,17,10.0,7.0,0.5882,,False,False,,,,,,OK,2026-07-07T23:33:27.246937,2026-07-08T00:09:27.636128300,True,0,2026-08-10
2026-07-08,BEST_DEPLOYABLE,PRIMARY,UNLABELED_CLUSTER_01,14d,774,0,,,0.5882,,False,False,,,,,,OK,2026-07-07T23:33:27.246937,2026-07-08T00:09:27.636128300,True,0,2026-08-10
2026-07-09,A_most_popular,PRIMARY,Marnie's Grimmsnarl ex,14d,866,20,7.0,13.0,0.35,,False,False,,,0.1686,,0.1686,OK,2026-07-08T23:45:20.651150500,2026-07-09T00:01:19.513567800,True,0,2026-08-10
2026-07-09,B_recent_wr,PRIMARY,Mega Kangaskhan ex,14d,866,22,14.0,8.0,0.6364,,False,False,,,0.537,,0.537,OK,2026-07-08T23:45:20.651150500,2026-07-09T00:01:19.513567800,True,0,2026-08-10
2026-07-09,C_conservative_meta_aware,PRIMARY,UNLABELED_CLUSTER_01,14d,866,15,7.0,8.0,0.4667,,False,False,,,0.2996,,0.2996,OK,2026-07-08T23:45:20.651150500,2026-07-09T00:01:19.513567800,True,0,2026-08-10
2026-07-09,D_counter_aware,PRIMARY,UNLABELED_CLUSTER_01,14d,866,15,7.0,8.0,0.4667,,False,False,,,0.2996,0.0,0.2996,OK,2026-07-08T23:45:20.651150500,2026-07-09T00:01:19.513567800,True,0,2026-08-10
2026-07-09,D_counter_aware,FROZEN_DIAGNOSTIC,UNLABELED_CLUSTER_01,14d,866,15,7.0,8.0,0.4667,,False,False,,,0.2996,0.0,0.2996,OK,2026-07-08T23:45:20.651150500,2026-07-09T00:01:19.513567800,True,0,2026-08-10
2026-07-09,Counter_Only,PRIMARY,UNLABELED_CLUSTER_01,14d,866,15,7.0,8.0,0.4667,,False,False,,,,,,OK,2026-07-08T23:45:20.651150500,2026-07-09T00:01:19.513567800,True,0,2026-08-10
2026-07-09,Counter_Only,FROZEN_DIAGNOSTIC,UNLABELED_CLUSTER_01,14d,866,15,7.0,8.0,0.4667,,False,False,,,,,,OK,2026-07-08T23:45:20.651150500,2026-07-09T00:01:19.513567800,True,0,2026-08-10
2026-07-09,ORACLE,PRIMARY,Mega Kangaskhan ex,14d,866,22,14.0,8.0,0.6364,,False,False,,,,,,OK,2026-07-08T23:45:20.651150500,2026-07-09T00:01:19.513567800,True,0,2026-08-10
2026-07-09,BEST_DEPLOYABLE,PRIMARY,Mega Kangaskhan ex,14d,866,0,,,0.6364,,False,False,,,,,,OK,2026-07-08T23:45:20.651150500,2026-07-09T00:01:19.513567800,True,0,2026-08-10
2026-07-10,A_most_popular,PRIMARY,Marnie's Grimmsnarl ex,14d,988,26,13.0,13.0,0.5,,False,False,,,0.168,,0.168,OK,2026-07-09T23:53:42.551359700,2026-07-10T00:09:43.276959500,True,0,2026-08-10
2026-07-10,B_recent_wr,PRIMARY,Mega Kangaskhan ex,14d,988,21,14.0,7.0,0.6667,,False,False,,,0.5733,,0.5733,OK,2026-07-09T23:53:42.551359700,2026-07-10T00:09:43.276959500,True,0,2026-08-10
2026-07-10,C_conservative_meta_aware,PRIMARY,UNLABELED_CLUSTER_01,14d,988,8,3.0,5.0,0.375,,False,False,,,0.2997,,0.2997,OK,2026-07-09T23:53:42.551359700,2026-07-10T00:09:43.276959500,True,0,2026-08-10
2026-07-10,D_counter_aware,PRIMARY,UNLABELED_CLUSTER_01,14d,988,8,3.0,5.0,0.375,,False,False,,,0.2997,0.0,0.2997,OK,2026-07-09T23:53:42.551359700,2026-07-10T00:09:43.276959500,True,0,2026-08-10
2026-07-10,D_counter_aware,FROZEN_DIAGNOSTIC,UNLABELED_CLUSTER_01,14d,988,8,3.0,5.0,0.375,,False,False,,,0.2997,0.0,0.2997,OK,2026-07-09T23:53:42.551359700,2026-07-10T00:09:43.276959500,True,0,2026-08-10
2026-07-10,Counter_Only,PRIMARY,UNLABELED_CLUSTER_01,14d,988,8,3.0,5.0,0.375,,False,False,,,,,,OK,2026-07-09T23:53:42.551359700,2026-07-10T00:09:43.276959500,True,0,2026-08-10
2026-07-10,Counter_Only,FROZEN_DIAGNOSTIC,UNLABELED_CLUSTER_01,14d,988,8,3.0,5.0,0.375,,False,False,,,,,,OK,2026-07-09T23:53:42.551359700,2026-07-10T00:09:43.276959500,True,0,2026-08-10
2026-07-10,ORACLE,PRIMARY,Mega Kangaskhan ex,14d,988,21,14.0,7.0,0.6667,,False,False,,,,,,OK,2026-07-09T23:53:42.551359700,2026-07-10T00:09:43.276959500,True,0,2026-08-10
2026-07-10,BEST_DEPLOYABLE,PRIMARY,Mega Kangaskhan ex,14d,988,0,,,0.6667,,False,False,,,,,,OK,2026-07-09T23:53:42.551359700,2026-07-10T00:09:43.276959500,True,0,2026-08-10
2026-07-11,A_most_popular,PRIMARY,Marnie's Grimmsnarl ex,14d,1068,16,9.0,7.0,0.5625,,False,False,,,0.1798,,0.1798,OK,2026-07-10T23:49:39.592153700,2026-07-11T00:01:39.350819200,True,0,2026-08-10
2026-07-11,B_recent_wr,PRIMARY,Mega Kangaskhan ex,14d,1068,31,12.0,19.0,0.3871,,False,False,,,0.5938,,0.5938,OK,2026-07-10T23:49:39.592153700,2026-07-11T00:01:39.350819200,True,0,2026-08-10
2026-07-11,C_conservative_meta_aware,PRIMARY,Mega Kangaskhan ex,14d,1068,31,12.0,19.0,0.3871,,False,False,,,0.326,,0.326,OK,2026-07-10T23:49:39.592153700,2026-07-11T00:01:39.350819200,True,0,2026-08-10
2026-07-11,D_counter_aware,PRIMARY,Mega Kangaskhan ex,14d,1068,31,12.0,19.0,0.3871,,False,False,,,0.326,0.0,0.326,OK,2026-07-10T23:49:39.592153700,2026-07-11T00:01:39.350819200,True,0,2026-08-10
2026-07-11,D_counter_aware,FROZEN_DIAGNOSTIC,Mega Kangaskhan ex,14d,1068,31,12.0,19.0,0.3871,,False,False,,,0.326,0.0,0.326,OK,2026-07-10T23:49:39.592153700,2026-07-11T00:01:39.350819200,True,0,2026-08-10
2026-07-11,Counter_Only,PRIMARY,Mega Kangaskhan ex,14d,1068,31,12.0,19.0,0.3871,,False,False,,,,,,OK,2026-07-10T23:49:39.592153700,2026-07-11T00:01:39.350819200,True,0,2026-08-10
2026-07-11,Counter_Only,FROZEN_DIAGNOSTIC,Mega Kangaskhan ex,14d,1068,31,12.0,19.0,0.3871,,False,False,,,,,,OK,2026-07-10T23:49:39.592153700,2026-07-11T00:01:39.350819200,True,0,2026-08-10
2026-07-11,ORACLE,PRIMARY,Marnie's Grimmsnarl ex,14d,1068,16,9.0,7.0,0.5625,,False,False,,,,,,OK,2026-07-10T23:49:39.592153700,2026-07-11T00:01:39.350819200,True,0,2026-08-10
2026-07-11,BEST_DEPLOYABLE,PRIMARY,Marnie's Grimmsnarl ex,14d,1068,0,,,0.5625,,False,False,,,,,,OK,2026-07-10T23:49:39.592153700,2026-07-11T00:01:39.350819200,True,0,2026-08-10
2026-07-12,A_most_popular,PRIMARY,Marnie's Grimmsnarl ex,14d,1168,16,7.0,9.0,0.4375,,False,False,,,0.1781,,0.1781,OK,2026-07-11T23:39:06.573984800,2026-07-12T00:03:30.676133900,True,0,2026-08-10
2026-07-12,B_recent_wr,PRIMARY,Mega Kangaskhan ex,14d,1168,28,13.0,15.0,0.4643,,False,False,,,0.5433,,0.5433,OK,2026-07-11T23:39:06.573984800,2026-07-12T00:03:30.676133900,True,0,2026-08-10
2026-07-12,C_conservative_meta_aware,PRIMARY,Fezandipiti ex,14d,1168,39,18.0,21.0,0.4615,,False,False,,,0.3017,,0.3017,OK,2026-07-11T23:39:06.573984800,2026-07-12T00:03:30.676133900,True,0,2026-08-10
2026-07-12,D_counter_aware,PRIMARY,Fezandipiti ex,14d,1168,39,18.0,21.0,0.4615,,False,False,,,0.3017,0.0,0.3017,OK,2026-07-11T23:39:06.573984800,2026-07-12T00:03:30.676133900,True,0,2026-08-10
2026-07-12,D_counter_aware,FROZEN_DIAGNOSTIC,Fezandipiti ex,14d,1168,39,18.0,21.0,0.4615,,False,False,,,0.3017,0.0,0.3017,OK,2026-07-11T23:39:06.573984800,2026-07-12T00:03:30.676133900,True,0,2026-08-10
2026-07-12,Counter_Only,PRIMARY,Fezandipiti ex,14d,1168,39,18.0,21.0,0.4615,,False,False,,,,,,OK,2026-07-11T23:39:06.573984800,2026-07-12T00:03:30.676133900,True,0,2026-08-10
2026-07-12,Counter_Only,FROZEN_DIAGNOSTIC,Fezandipiti ex,14d,1168,39,18.0,21.0,0.4615,,False,False,,,,,,OK,2026-07-11T23:39:06.573984800,2026-07-12T00:03:30.676133900,True,0,2026-08-10
2026-07-12,ORACLE,PRIMARY,Dragapult ex,14d,1168,10,8.0,2.0,0.8,,False,False,,,,,,OK,2026-07-11T23:39:06.573984800,2026-07-12T00:03:30.676133900,True,0,2026-08-10
2026-07-12,BEST_DEPLOYABLE,PRIMARY,Dragapult ex,14d,1168,0,,,0.8,,False,False,,,,,,OK,2026-07-11T23:39:06.573984800,2026-07-12T00:03:30.676133900,True,0,2026-08-10
2026-07-13,A_most_popular,PRIMARY,Fezandipiti ex,14d,1238,55,27.0,28.0,0.4909,,False,False,,,0.1809,,0.1809,OK,2026-07-12T23:59:34.271831100,2026-07-13T00:19:34.089305400,True,0,2026-08-10
2026-07-13,B_recent_wr,PRIMARY,Dragapult ex,14d,1238,2,1.0,1.0,0.5,,False,False,,,0.5517,,0.5517,OK,2026-07-12T23:59:34.271831100,2026-07-13T00:19:34.089305400,True,0,2026-08-10
2026-07-13,C_conservative_meta_aware,PRIMARY,Mega Kangaskhan ex,14d,1238,27,15.0,12.0,0.5556,,False,False,,,0.3119,,0.3119,OK,2026-07-12T23:59:34.271831100,2026-07-13T00:19:34.089305400,True,0,2026-08-10
2026-07-13,D_counter_aware,PRIMARY,Mega Kangaskhan ex,14d,1238,27,15.0,12.0,0.5556,,False,False,,,0.3119,0.0,0.3119,OK,2026-07-12T23:59:34.271831100,2026-07-13T00:19:34.089305400,True,0,2026-08-10
2026-07-13,D_counter_aware,FROZEN_DIAGNOSTIC,Mega Kangaskhan ex,14d,1238,27,15.0,12.0,0.5556,,False,False,,,0.3119,0.0,0.3119,OK,2026-07-12T23:59:34.271831100,2026-07-13T00:19:34.089305400,True,0,2026-08-10
2026-07-13,Counter_Only,PRIMARY,Mega Kangaskhan ex,14d,1238,27,15.0,12.0,0.5556,,False,False,,,,,,OK,2026-07-12T23:59:34.271831100,2026-07-13T00:19:34.089305400,True,0,2026-08-10
2026-07-13,Counter_Only,FROZEN_DIAGNOSTIC,Mega Kangaskhan ex,14d,1238,27,15.0,12.0,0.5556,,False,False,,,,,,OK,2026-07-12T23:59:34.271831100,2026-07-13T00:19:34.089305400,True,0,2026-08-10
2026-07-13,ORACLE,PRIMARY,Mega Kangaskhan ex,14d,1238,27,15.0,12.0,0.5556,,False,False,,,,,,OK,2026-07-12T23:59:34.271831100,2026-07-13T00:19:34.089305400,True,0,2026-08-10
2026-07-13,BEST_DEPLOYABLE,PRIMARY,Mega Kangaskhan ex,14d,1238,0,,,0.5556,,False,False,,,,,,OK,2026-07-12T23:59:34.271831100,2026-07-13T00:19:34.089305400,True,0,2026-08-10
2026-07-14,A_most_popular,PRIMARY,Fezandipiti ex,14d,1332,67,30.0,37.0,0.4478,,False,False,,,0.2065,,0.2065,OK,2026-07-13T23:34:46.918746300,2026-07-14T00:10:48.498868800,True,0,2026-08-10
2026-07-14,B_recent_wr,PRIMARY,Dragapult ex,14d,1332,0,0.0,0.0,,,False,False,,,0.5789,,0.5789,SKIPPED_NO_TEST_DATA,2026-07-13T23:34:46.918746300,2026-07-14T00:10:48.498868800,True,0,2026-08-10
2026-07-14,C_conservative_meta_aware,PRIMARY,Mega Kangaskhan ex,14d,1332,28,10.0,18.0,0.3571,,False,False,,,0.3237,,0.3237,OK,2026-07-13T23:34:46.918746300,2026-07-14T00:10:48.498868800,True,0,2026-08-10
2026-07-14,D_counter_aware,PRIMARY,Mega Kangaskhan ex,14d,1332,28,10.0,18.0,0.3571,,False,False,,,0.3237,0.0,0.3237,OK,2026-07-13T23:34:46.918746300,2026-07-14T00:10:48.498868800,True,0,2026-08-10
2026-07-14,D_counter_aware,FROZEN_DIAGNOSTIC,Mega Kangaskhan ex,14d,1332,28,10.0,18.0,0.3571,,False,False,,,0.3237,0.0,0.3237,OK,2026-07-13T23:34:46.918746300,2026-07-14T00:10:48.498868800,True,0,2026-08-10
2026-07-14,Counter_Only,PRIMARY,Mega Kangaskhan ex,14d,1332,28,10.0,18.0,0.3571,,False,False,,,,,,OK,2026-07-13T23:34:46.918746300,2026-07-14T00:10:48.498868800,True,0,2026-08-10
2026-07-14,Counter_Only,FROZEN_DIAGNOSTIC,Mega Kangaskhan ex,14d,1332,28,10.0,18.0,0.3571,,False,False,,,,,,OK,2026-07-13T23:34:46.918746300,2026-07-14T00:10:48.498868800,True,0,2026-08-10
2026-07-14,ORACLE,PRIMARY,Marnie's Grimmsnarl ex,14d,1332,21,13.0,8.0,0.619,,False,False,,,,,,OK,2026-07-13T23:34:46.918746300,2026-07-14T00:10:48.498868800,True,0,2026-08-10
2026-07-14,BEST_DEPLOYABLE,PRIMARY,Marnie's Grimmsnarl ex,14d,1332,0,,,0.619,,False,False,,,,,,OK,2026-07-13T23:34:46.918746300,2026-07-14T00:10:48.498868800,True,0,2026-08-10
2026-07-15,A_most_popular,PRIMARY,Fezandipiti ex,14d,1432,51,24.0,27.0,0.4706,,False,False,,,0.2325,,0.2325,OK,2026-07-14T23:52:35.314279700,2026-07-15T00:16:33.676329,True,0,2026-08-10
2026-07-15,B_recent_wr,PRIMARY,Dragapult ex,14d,1432,0,0.0,0.0,,,False,False,,,0.566,,0.566,SKIPPED_NO_TEST_DATA,2026-07-14T23:52:35.314279700,2026-07-15T00:16:33.676329,True,0,2026-08-10
2026-07-15,C_conservative_meta_aware,PRIMARY,Mega Kangaskhan ex,14d,1432,25,12.0,13.0,0.48,,False,False,,,0.3249,,0.3249,OK,2026-07-14T23:52:35.314279700,2026-07-15T00:16:33.676329,True,0,2026-08-10
2026-07-15,D_counter_aware,PRIMARY,Mega Kangaskhan ex,14d,1432,25,12.0,13.0,0.48,,False,False,,,0.3249,0.0,0.3249,OK,2026-07-14T23:52:35.314279700,2026-07-15T00:16:33.676329,True,0,2026-08-10
2026-07-15,D_counter_aware,FROZEN_DIAGNOSTIC,Mega Kangaskhan ex,14d,1432,25,12.0,13.0,0.48,,False,False,,,0.3249,0.0,0.3249,OK,2026-07-14T23:52:35.314279700,2026-07-15T00:16:33.676329,True,0,2026-08-10
2026-07-15,Counter_Only,PRIMARY,Mega Kangaskhan ex,14d,1432,25,12.0,13.0,0.48,,False,False,,,,,,OK,2026-07-14T23:52:35.314279700,2026-07-15T00:16:33.676329,True,0,2026-08-10
2026-07-15,Counter_Only,FROZEN_DIAGNOSTIC,Mega Kangaskhan ex,14d,1432,25,12.0,13.0,0.48,,False,False,,,,,,OK,2026-07-14T23:52:35.314279700,2026-07-15T00:16:33.676329,True,0,2026-08-10
2026-07-15,ORACLE,PRIMARY,Team Rocket's Mewtwo ex,14d,1432,22,13.0,9.0,0.5909,,False,False,,,,,,OK,2026-07-14T23:52:35.314279700,2026-07-15T00:16:33.676329,True,0,2026-08-10
2026-07-15,BEST_DEPLOYABLE,PRIMARY,Mega Kangaskhan ex,14d,1432,0,,,0.48,,False,False,,,,,,OK,2026-07-14T23:52:35.314279700,2026-07-15T00:16:33.676329,True,0,2026-08-10
2026-07-16,A_most_popular,PRIMARY,Fezandipiti ex,14d,1538,39,16.0,23.0,0.4103,,False,False,,,0.2471,,0.2471,OK,2026-07-15T23:42:51.447135700,2026-07-16T00:18:49.945415,True,0,2026-08-10
2026-07-16,B_recent_wr,PRIMARY,Dragapult ex,14d,1538,8,4.0,4.0,0.5,,False,False,,,0.5769,,0.5769,OK,2026-07-15T23:42:51.447135700,2026-07-16T00:18:49.945415,True,0,2026-08-10
2026-07-16,C_conservative_meta_aware,PRIMARY,Mega Kangaskhan ex,14d,1538,24,11.0,13.0,0.4583,,False,False,,,0.3322,,0.3322,OK,2026-07-15T23:42:51.447135700,2026-07-16T00:18:49.945415,True,0,2026-08-10
2026-07-16,D_counter_aware,PRIMARY,Mega Kangaskhan ex,14d,1538,24,11.0,13.0,0.4583,,False,False,,,0.3322,0.0,0.3322,OK,2026-07-15T23:42:51.447135700,2026-07-16T00:18:49.945415,True,0,2026-08-10
2026-07-16,D_counter_aware,FROZEN_DIAGNOSTIC,Mega Kangaskhan ex,14d,1538,24,11.0,13.0,0.4583,,False,False,,,0.3322,0.0,0.3322,OK,2026-07-15T23:42:51.447135700,2026-07-16T00:18:49.945415,True,0,2026-08-10
2026-07-16,Counter_Only,PRIMARY,Mega Kangaskhan ex,14d,1538,24,11.0,13.0,0.4583,,False,False,,,,,,OK,2026-07-15T23:42:51.447135700,2026-07-16T00:18:49.945415,True,0,2026-08-10
2026-07-16,Counter_Only,FROZEN_DIAGNOSTIC,Mega Kangaskhan ex,14d,1538,24,11.0,13.0,0.4583,,False,False,,,,,,OK,2026-07-15T23:42:51.447135700,2026-07-16T00:18:49.945415,True,0,2026-08-10
2026-07-16,ORACLE,PRIMARY,Team Rocket's Mewtwo ex,14d,1538,12,6.0,6.0,0.5,,False,False,,,,,,OK,2026-07-15T23:42:51.447135700,2026-07-16T00:18:49.945415,True,0,2026-08-10
2026-07-16,BEST_DEPLOYABLE,PRIMARY,Mega Kangaskhan ex,14d,1538,0,,,0.4583,,False,False,,,,,,OK,2026-07-15T23:42:51.447135700,2026-07-16T00:18:49.945415,True,0,2026-08-10
2026-07-17,A_most_popular,PRIMARY,Fezandipiti ex,14d,1602,62,27.0,35.0,0.4355,,False,False,,,0.2584,,0.2584,OK,2026-07-16T23:55:11.819933600,2026-07-17T00:31:09.121482700,True,0,2026-08-10
2026-07-17,B_recent_wr,PRIMARY,Team Rocket's Mewtwo ex,14d,1602,10,4.0,6.0,0.4,,False,False,,,0.5763,,0.5763,OK,2026-07-16T23:55:11.819933600,2026-07-17T00:31:09.121482700,True,0,2026-08-10
2026-07-17,C_conservative_meta_aware,PRIMARY,Mega Kangaskhan ex,14d,1602,11,4.0,7.0,0.3636,,False,False,,,0.3316,,0.3316,OK,2026-07-16T23:55:11.819933600,2026-07-17T00:31:09.121482700,True,0,2026-08-10
2026-07-17,D_counter_aware,PRIMARY,Mega Kangaskhan ex,14d,1602,11,4.0,7.0,0.3636,,False,False,,,0.3316,0.0,0.3316,OK,2026-07-16T23:55:11.819933600,2026-07-17T00:31:09.121482700,True,0,2026-08-10
2026-07-17,D_counter_aware,FROZEN_DIAGNOSTIC,Team Rocket's Mewtwo ex,14d,1602,10,4.0,6.0,0.4,0.2584,True,True,Team Rocket's Mewtwo ex,Fezandipiti ex,0.3045,0.0976,0.4022,OK,2026-07-16T23:55:11.819933600,2026-07-17T00:31:09.121482700,True,0,2026-08-10
2026-07-17,Counter_Only,PRIMARY,Mega Kangaskhan ex,14d,1602,11,4.0,7.0,0.3636,,False,False,,,,,,OK,2026-07-16T23:55:11.819933600,2026-07-17T00:31:09.121482700,True,0,2026-08-10
2026-07-17,Counter_Only,FROZEN_DIAGNOSTIC,Team Rocket's Mewtwo ex,14d,1602,10,4.0,6.0,0.4,0.2584,False,True,Team Rocket's Mewtwo ex,Fezandipiti ex,,,,OK,2026-07-16T23:55:11.819933600,2026-07-17T00:31:09.121482700,True,0,2026-08-10
2026-07-17,ORACLE,PRIMARY,Marnie's Grimmsnarl ex,14d,1602,24,13.0,11.0,0.5417,,False,False,,,,,,OK,2026-07-16T23:55:11.819933600,2026-07-17T00:31:09.121482700,True,0,2026-08-10
2026-07-17,BEST_DEPLOYABLE,PRIMARY,Marnie's Grimmsnarl ex,14d,1602,0,,,0.5417,,False,False,,,,,,OK,2026-07-16T23:55:11.819933600,2026-07-17T00:31:09.121482700,True,0,2026-08-10
2026-07-18,A_most_popular,PRIMARY,Fezandipiti ex,14d,1708,39,17.0,22.0,0.4359,,False,False,,,0.2763,,0.2763,OK,2026-07-17T23:36:33.579966300,2026-07-18T00:08:32.592436100,True,0,2026-08-10
2026-07-18,B_recent_wr,PRIMARY,Dragapult ex,14d,1708,5,4.0,1.0,0.8,,False,False,,,0.5882,,0.5882,OK,2026-07-17T23:36:33.579966300,2026-07-18T00:08:32.592436100,True,0,2026-08-10
2026-07-18,C_conservative_meta_aware,PRIMARY,Mega Kangaskhan ex,14d,1708,24,10.0,14.0,0.4167,,False,False,,,0.3292,,0.3292,OK,2026-07-17T23:36:33.579966300,2026-07-18T00:08:32.592436100,True,0,2026-08-10
2026-07-18,D_counter_aware,PRIMARY,Mega Kangaskhan ex,14d,1708,24,10.0,14.0,0.4167,,False,False,,,0.3292,0.0,0.3292,OK,2026-07-17T23:36:33.579966300,2026-07-18T00:08:32.592436100,True,0,2026-08-10
2026-07-18,D_counter_aware,FROZEN_DIAGNOSTIC,Team Rocket's Mewtwo ex,14d,1708,14,6.0,8.0,0.4286,0.2763,True,True,Team Rocket's Mewtwo ex,Fezandipiti ex,0.3026,0.1024,0.405,OK,2026-07-17T23:36:33.579966300,2026-07-18T00:08:32.592436100,True,0,2026-08-10
2026-07-18,Counter_Only,PRIMARY,Mega Kangaskhan ex,14d,1708,24,10.0,14.0,0.4167,,False,False,,,,,,OK,2026-07-17T23:36:33.579966300,2026-07-18T00:08:32.592436100,True,0,2026-08-10
2026-07-18,Counter_Only,FROZEN_DIAGNOSTIC,Team Rocket's Mewtwo ex,14d,1708,14,6.0,8.0,0.4286,0.2763,False,True,Team Rocket's Mewtwo ex,Fezandipiti ex,,,,OK,2026-07-17T23:36:33.579966300,2026-07-18T00:08:32.592436100,True,0,2026-08-10
2026-07-18,ORACLE,PRIMARY,Cynthia's Garchomp ex,14d,1708,10,7.0,3.0,0.7,,False,False,,,,,,OK,2026-07-17T23:36:33.579966300,2026-07-18T00:08:32.592436100,True,0,2026-08-10
2026-07-18,BEST_DEPLOYABLE,PRIMARY,Cynthia's Garchomp ex,14d,1708,0,,,0.7,,False,False,,,,,,OK,2026-07-17T23:36:33.579966300,2026-07-18T00:08:32.592436100,True,0,2026-08-10
2026-07-19,A_most_popular,PRIMARY,Fezandipiti ex,14d,1780,58,24.0,34.0,0.4138,,False,False,,,0.286,,0.286,OK,2026-07-18T23:49:06.037774800,2026-07-19T00:25:09.773784500,True,0,2026-08-10
2026-07-19,B_recent_wr,PRIMARY,Dragapult ex,14d,1780,8,4.0,4.0,0.5,,False,False,,,0.5972,,0.5972,OK,2026-07-18T23:49:06.037774800,2026-07-19T00:25:09.773784500,True,0,2026-08-10
2026-07-19,C_conservative_meta_aware,PRIMARY,Fezandipiti ex,14d,1780,58,24.0,34.0,0.4138,,False,False,,,0.3331,,0.3331,OK,2026-07-18T23:49:06.037774800,2026-07-19T00:25:09.773784500,True,0,2026-08-10
2026-07-19,D_counter_aware,PRIMARY,Fezandipiti ex,14d,1780,58,24.0,34.0,0.4138,,False,False,,,0.3331,0.0,0.3331,OK,2026-07-18T23:49:06.037774800,2026-07-19T00:25:09.773784500,True,0,2026-08-10
2026-07-19,D_counter_aware,FROZEN_DIAGNOSTIC,Team Rocket's Mewtwo ex,14d,1780,19,15.0,4.0,0.7895,0.286,True,True,Team Rocket's Mewtwo ex,Fezandipiti ex,0.3164,0.0914,0.4078,OK,2026-07-18T23:49:06.037774800,2026-07-19T00:25:09.773784500,True,0,2026-08-10
2026-07-19,Counter_Only,PRIMARY,Fezandipiti ex,14d,1780,58,24.0,34.0,0.4138,,False,False,,,,,,OK,2026-07-18T23:49:06.037774800,2026-07-19T00:25:09.773784500,True,0,2026-08-10
2026-07-19,Counter_Only,FROZEN_DIAGNOSTIC,Team Rocket's Mewtwo ex,14d,1780,19,15.0,4.0,0.7895,0.286,False,True,Team Rocket's Mewtwo ex,Fezandipiti ex,,,,OK,2026-07-18T23:49:06.037774800,2026-07-19T00:25:09.773784500,True,0,2026-08-10
2026-07-19,ORACLE,PRIMARY,Team Rocket's Mewtwo ex,14d,1780,19,15.0,4.0,0.7895,,False,False,,,,,,OK,2026-07-18T23:49:06.037774800,2026-07-19T00:25:09.773784500,True,0,2026-08-10
2026-07-19,BEST_DEPLOYABLE,PRIMARY,Team Rocket's Mewtwo ex,14d,1780,0,,,0.7895,,False,False,,,,,,OK,2026-07-18T23:49:06.037774800,2026-07-19T00:25:09.773784500,True,0,2026-08-10
2026-07-20,A_most_popular,PRIMARY,Fezandipiti ex,14d,1898,44,19.0,25.0,0.4318,,False,False,,,0.2966,,0.2966,OK,2026-07-19T23:53:16.875325400,2026-07-20T00:25:17.427517300,True,0,2026-08-10
2026-07-20,B_recent_wr,PRIMARY,Team Rocket's Mewtwo ex,14d,1898,20,8.0,12.0,0.4,,False,False,,,0.596,,0.596,OK,2026-07-19T23:53:16.875325400,2026-07-20T00:25:17.427517300,True,0,2026-08-10
2026-07-20,C_conservative_meta_aware,PRIMARY,Team Rocket's Mewtwo ex,14d,1898,20,8.0,12.0,0.4,,False,False,,,0.3752,,0.3752,OK,2026-07-19T23:53:16.875325400,2026-07-20T00:25:17.427517300,True,0,2026-08-10
2026-07-20,D_counter_aware,PRIMARY,Team Rocket's Mewtwo ex,14d,1898,20,8.0,12.0,0.4,,False,False,,,0.3752,0.0,0.3752,OK,2026-07-19T23:53:16.875325400,2026-07-20T00:25:17.427517300,True,0,2026-08-10
2026-07-20,D_counter_aware,FROZEN_DIAGNOSTIC,Team Rocket's Mewtwo ex,14d,1898,20,8.0,12.0,0.4,0.2966,True,True,Team Rocket's Mewtwo ex,Fezandipiti ex,0.3752,0.0743,0.4495,OK,2026-07-19T23:53:16.875325400,2026-07-20T00:25:17.427517300,True,0,2026-08-10
2026-07-20,Counter_Only,PRIMARY,Team Rocket's Mewtwo ex,14d,1898,20,8.0,12.0,0.4,,False,False,,,,,,OK,2026-07-19T23:53:16.875325400,2026-07-20T00:25:17.427517300,True,0,2026-08-10
2026-07-20,Counter_Only,FROZEN_DIAGNOSTIC,Team Rocket's Mewtwo ex,14d,1898,20,8.0,12.0,0.4,0.2966,False,True,Team Rocket's Mewtwo ex,Fezandipiti ex,,,,OK,2026-07-19T23:53:16.875325400,2026-07-20T00:25:17.427517300,True,0,2026-08-10
2026-07-20,ORACLE,PRIMARY,Dragapult ex,14d,1898,11,7.0,4.0,0.6364,,False,False,,,,,,OK,2026-07-19T23:53:16.875325400,2026-07-20T00:25:17.427517300,True,0,2026-08-10
2026-07-20,BEST_DEPLOYABLE,PRIMARY,Dragapult ex,14d,1898,0,,,0.6364,,False,False,,,,,,OK,2026-07-19T23:53:16.875325400,2026-07-20T00:25:17.427517300,True,0,2026-08-10
2026-07-21,A_most_popular,PRIMARY,Fezandipiti ex,14d,1994,54,23.0,31.0,0.4259,,False,False,,,0.3024,,0.3024,OK,2026-07-20T23:53:34.578789900,2026-07-21T00:01:32.634303600,True,0,2026-08-10
2026-07-21,B_recent_wr,PRIMARY,Dragapult ex,14d,1994,12,9.0,3.0,0.75,,False,False,,,0.6067,,0.6067,OK,2026-07-20T23:53:34.578789900,2026-07-21T00:01:32.634303600,True,0,2026-08-10
2026-07-21,C_conservative_meta_aware,PRIMARY,Team Rocket's Mewtwo ex,14d,1994,31,18.0,13.0,0.5806,,False,False,,,0.3654,,0.3654,OK,2026-07-20T23:53:34.578789900,2026-07-21T00:01:32.634303600,True,0,2026-08-10
2026-07-21,D_counter_aware,PRIMARY,Team Rocket's Mewtwo ex,14d,1994,31,18.0,13.0,0.5806,,False,False,,,0.3654,0.0,0.3654,OK,2026-07-20T23:53:34.578789900,2026-07-21T00:01:32.634303600,True,0,2026-08-10
2026-07-21,D_counter_aware,FROZEN_DIAGNOSTIC,Team Rocket's Mewtwo ex,14d,1994,31,18.0,13.0,0.5806,0.3024,True,True,Team Rocket's Mewtwo ex,Fezandipiti ex,0.3654,0.0712,0.4366,OK,2026-07-20T23:53:34.578789900,2026-07-21T00:01:32.634303600,True,0,2026-08-10
2026-07-21,Counter_Only,PRIMARY,Team Rocket's Mewtwo ex,14d,1994,31,18.0,13.0,0.5806,,False,False,,,,,,OK,2026-07-20T23:53:34.578789900,2026-07-21T00:01:32.634303600,True,0,2026-08-10
2026-07-21,Counter_Only,FROZEN_DIAGNOSTIC,Team Rocket's Mewtwo ex,14d,1994,31,18.0,13.0,0.5806,0.3024,False,True,Team Rocket's Mewtwo ex,Fezandipiti ex,,,,OK,2026-07-20T23:53:34.578789900,2026-07-21T00:01:32.634303600,True,0,2026-08-10
2026-07-21,ORACLE,PRIMARY,Dragapult ex,14d,1994,12,9.0,3.0,0.75,,False,False,,,,,,OK,2026-07-20T23:53:34.578789900,2026-07-21T00:01:32.634303600,True,0,2026-08-10
2026-07-21,BEST_DEPLOYABLE,PRIMARY,Dragapult ex,14d,1994,0,,,0.75,,False,False,,,,,,OK,2026-07-20T23:53:34.578789900,2026-07-21T00:01:32.634303600,True,0,2026-08-10
2026-07-22,A_most_popular,PRIMARY,Fezandipiti ex,14d,2022,46,21.0,25.0,0.4565,,False,False,,,0.3175,,0.3175,OK,2026-07-21T23:50:51.189766200,2026-07-22T00:06:42.806652800,True,0,2026-08-10
2026-07-22,B_recent_wr,PRIMARY,Dragapult ex,14d,2022,8,4.0,4.0,0.5,,False,False,,,0.6413,,0.6413,OK,2026-07-21T23:50:51.189766200,2026-07-22T00:06:42.806652800,True,0,2026-08-10
2026-07-22,C_conservative_meta_aware,PRIMARY,Dragapult ex,14d,2022,8,4.0,4.0,0.5,,False,False,,,0.4056,,0.4056,OK,2026-07-21T23:50:51.189766200,2026-07-22T00:06:42.806652800,True,0,2026-08-10
2026-07-22,D_counter_aware,PRIMARY,Dragapult ex,14d,2022,8,4.0,4.0,0.5,,False,False,,,0.4056,0.0,0.4056,OK,2026-07-21T23:50:51.189766200,2026-07-22T00:06:42.806652800,True,0,2026-08-10
2026-07-22,D_counter_aware,FROZEN_DIAGNOSTIC,Team Rocket's Mewtwo ex,14d,2022,28,11.0,17.0,0.3929,0.3175,True,True,Team Rocket's Mewtwo ex,Fezandipiti ex,0.3928,0.0711,0.4639,OK,2026-07-21T23:50:51.189766200,2026-07-22T00:06:42.806652800,True,0,2026-08-10
2026-07-22,Counter_Only,PRIMARY,Dragapult ex,14d,2022,8,4.0,4.0,0.5,,False,False,,,,,,OK,2026-07-21T23:50:51.189766200,2026-07-22T00:06:42.806652800,True,0,2026-08-10
2026-07-22,Counter_Only,FROZEN_DIAGNOSTIC,Team Rocket's Mewtwo ex,14d,2022,28,11.0,17.0,0.3929,0.3175,False,True,Team Rocket's Mewtwo ex,Fezandipiti ex,,,,OK,2026-07-21T23:50:51.189766200,2026-07-22T00:06:42.806652800,True,0,2026-08-10
2026-07-22,ORACLE,PRIMARY,Marnie's Grimmsnarl ex,14d,2022,72,45.0,27.0,0.625,,False,False,,,,,,OK,2026-07-21T23:50:51.189766200,2026-07-22T00:06:42.806652800,True,0,2026-08-10
2026-07-22,BEST_DEPLOYABLE,PRIMARY,Marnie's Grimmsnarl ex,14d,2022,0,,,0.625,,False,False,,,,,,OK,2026-07-21T23:50:51.189766200,2026-07-22T00:06:42.806652800,True,0,2026-08-10
2026-07-23,A_most_popular,PRIMARY,Fezandipiti ex,14d,2080,54,28.0,26.0,0.5185,,False,False,,,0.324,,0.324,OK,2026-07-22T23:38:05.537931600,2026-07-23T00:14:05.334681,True,0,2026-08-10
2026-07-23,B_recent_wr,PRIMARY,Dragapult ex,14d,2080,5,3.0,2.0,0.6,,False,False,,,0.6316,,0.6316,OK,2026-07-22T23:38:05.537931600,2026-07-23T00:14:05.334681,True,0,2026-08-10
2026-07-23,C_conservative_meta_aware,PRIMARY,Team Rocket's Mewtwo ex,14d,2080,14,6.0,8.0,0.4286,,False,False,,,0.3994,,0.3994,OK,2026-07-22T23:38:05.537931600,2026-07-23T00:14:05.334681,True,0,2026-08-10
2026-07-23,D_counter_aware,PRIMARY,Team Rocket's Mewtwo ex,14d,2080,14,6.0,8.0,0.4286,,False,False,,,0.3994,0.0,0.3994,OK,2026-07-22T23:38:05.537931600,2026-07-23T00:14:05.334681,True,0,2026-08-10
2026-07-23,D_counter_aware,FROZEN_DIAGNOSTIC,Team Rocket's Mewtwo ex,14d,2080,14,6.0,8.0,0.4286,0.324,True,True,Team Rocket's Mewtwo ex,Fezandipiti ex,0.3994,0.0688,0.4682,OK,2026-07-22T23:38:05.537931600,2026-07-23T00:14:05.334681,True,0,2026-08-10
2026-07-23,Counter_Only,PRIMARY,Team Rocket's Mewtwo ex,14d,2080,14,6.0,8.0,0.4286,,False,False,,,,,,OK,2026-07-22T23:38:05.537931600,2026-07-23T00:14:05.334681,True,0,2026-08-10
2026-07-23,Counter_Only,FROZEN_DIAGNOSTIC,Team Rocket's Mewtwo ex,14d,2080,14,6.0,8.0,0.4286,0.324,False,True,Team Rocket's Mewtwo ex,Fezandipiti ex,,,,OK,2026-07-22T23:38:05.537931600,2026-07-23T00:14:05.334681,True,0,2026-08-10
2026-07-23,ORACLE,PRIMARY,Cynthia's Garchomp ex,14d,2080,21,11.0,10.0,0.5238,,False,False,,,,,,OK,2026-07-22T23:38:05.537931600,2026-07-23T00:14:05.334681,True,0,2026-08-10
2026-07-23,BEST_DEPLOYABLE,PRIMARY,Cynthia's Garchomp ex,14d,2080,0,,,0.5238,,False,False,,,,,,OK,2026-07-22T23:38:05.537931600,2026-07-23T00:14:05.334681,True,0,2026-08-10
2026-07-24,A_most_popular,PRIMARY,Fezandipiti ex,14d,2112,32,12.0,20.0,0.375,,False,False,,,0.3267,,0.3267,OK,2026-07-23T23:53:32.172830700,2026-07-24T00:09:25.407572,True,0,2026-08-10
2026-07-24,B_recent_wr,PRIMARY,Dragapult ex,14d,2112,4,3.0,1.0,0.75,,False,False,,,0.6186,,0.6186,OK,2026-07-23T23:53:32.172830700,2026-07-24T00:09:25.407572,True,0,2026-08-10
2026-07-24,C_conservative_meta_aware,PRIMARY,Dragapult ex,14d,2112,4,3.0,1.0,0.75,,False,False,,,0.3969,,0.3969,OK,2026-07-23T23:53:32.172830700,2026-07-24T00:09:25.407572,True,0,2026-08-10
2026-07-24,D_counter_aware,PRIMARY,Dragapult ex,14d,2112,4,3.0,1.0,0.75,,False,False,,,0.3969,0.0,0.3969,OK,2026-07-23T23:53:32.172830700,2026-07-24T00:09:25.407572,True,0,2026-08-10
2026-07-24,D_counter_aware,FROZEN_DIAGNOSTIC,Team Rocket's Mewtwo ex,14d,2112,13,4.0,9.0,0.3077,0.3267,True,True,Team Rocket's Mewtwo ex,Fezandipiti ex,0.3934,0.0676,0.461,OK,2026-07-23T23:53:32.172830700,2026-07-24T00:09:25.407572,True,0,2026-08-10
2026-07-24,Counter_Only,PRIMARY,Dragapult ex,14d,2112,4,3.0,1.0,0.75,,False,False,,,,,,OK,2026-07-23T23:53:32.172830700,2026-07-24T00:09:25.407572,True,0,2026-08-10
2026-07-24,Counter_Only,FROZEN_DIAGNOSTIC,Team Rocket's Mewtwo ex,14d,2112,13,4.0,9.0,0.3077,0.3267,False,True,Team Rocket's Mewtwo ex,Fezandipiti ex,,,,OK,2026-07-23T23:53:32.172830700,2026-07-24T00:09:25.407572,True,0,2026-08-10
2026-07-24,ORACLE,PRIMARY,Mega Kangaskhan ex,14d,2112,15,14.0,1.0,0.9333,,False,False,,,,,,OK,2026-07-23T23:53:32.172830700,2026-07-24T00:09:25.407572,True,0,2026-08-10
2026-07-24,BEST_DEPLOYABLE,PRIMARY,Mega Kangaskhan ex,14d,2112,0,,,0.9333,,False,False,,,,,,OK,2026-07-23T23:53:32.172830700,2026-07-24T00:09:25.407572,True,0,2026-08-10
2026-07-25,A_most_popular,PRIMARY,Fezandipiti ex,14d,2170,27,13.0,14.0,0.4815,,False,False,,,0.3138,,0.3138,OK,2026-07-24T23:43:21.973780,2026-07-25T00:07:22.247227100,True,0,2026-08-10
2026-07-25,B_recent_wr,PRIMARY,Dragapult ex,14d,2170,1,1.0,0.0,1.0,,False,False,,,0.6327,,0.6327,OK,2026-07-24T23:43:21.973780,2026-07-25T00:07:22.247227100,True,0,2026-08-10
2026-07-25,C_conservative_meta_aware,PRIMARY,Dragapult ex,14d,2170,1,1.0,0.0,1.0,,False,False,,,0.4067,,0.4067,OK,2026-07-24T23:43:21.973780,2026-07-25T00:07:22.247227100,True,0,2026-08-10
2026-07-25,D_counter_aware,PRIMARY,Dragapult ex,14d,2170,1,1.0,0.0,1.0,,False,False,,,0.4067,0.0,0.4067,OK,2026-07-24T23:43:21.973780,2026-07-25T00:07:22.247227100,True,0,2026-08-10
2026-07-25,D_counter_aware,FROZEN_DIAGNOSTIC,Team Rocket's Mewtwo ex,14d,2170,28,18.0,10.0,0.6429,0.3138,True,True,Team Rocket's Mewtwo ex,Fezandipiti ex,0.3839,0.0594,0.4433,OK,2026-07-24T23:43:21.973780,2026-07-25T00:07:22.247227100,True,0,2026-08-10
2026-07-25,Counter_Only,PRIMARY,Dragapult ex,14d,2170,1,1.0,0.0,1.0,,False,False,,,,,,OK,2026-07-24T23:43:21.973780,2026-07-25T00:07:22.247227100,True,0,2026-08-10
2026-07-25,Counter_Only,FROZEN_DIAGNOSTIC,Team Rocket's Mewtwo ex,14d,2170,28,18.0,10.0,0.6429,0.3138,False,True,Team Rocket's Mewtwo ex,Fezandipiti ex,,,,OK,2026-07-24T23:43:21.973780,2026-07-25T00:07:22.247227100,True,0,2026-08-10
2026-07-25,ORACLE,PRIMARY,Team Rocket's Mewtwo ex,14d,2170,28,18.0,10.0,0.6429,,False,False,,,,,,OK,2026-07-24T23:43:21.973780,2026-07-25T00:07:22.247227100,True,0,2026-08-10
2026-07-25,BEST_DEPLOYABLE,PRIMARY,Team Rocket's Mewtwo ex,14d,2170,0,,,0.6429,,False,False,,,,,,OK,2026-07-24T23:43:21.973780,2026-07-25T00:07:22.247227100,True,0,2026-08-10
2026-07-26,A_most_popular,PRIMARY,Fezandipiti ex,14d,2208,41,18.0,23.0,0.439,,False,False,,,0.3021,,0.3021,OK,2026-07-25T23:35:50.774890400,2026-07-26T00:11:51.165793100,True,0,2026-08-10
2026-07-26,B_recent_wr,PRIMARY,Dragapult ex,14d,2208,12,5.0,7.0,0.4167,,False,False,,,0.6627,,0.6627,OK,2026-07-25T23:35:50.774890400,2026-07-26T00:11:51.165793100,True,0,2026-08-10
2026-07-26,C_conservative_meta_aware,PRIMARY,Dragapult ex,14d,2208,12,5.0,7.0,0.4167,,False,False,,,0.4388,,0.4388,OK,2026-07-25T23:35:50.774890400,2026-07-26T00:11:51.165793100,True,0,2026-08-10
2026-07-26,D_counter_aware,PRIMARY,Dragapult ex,14d,2208,12,5.0,7.0,0.4167,,False,False,,,0.4388,0.0,0.4388,OK,2026-07-25T23:35:50.774890400,2026-07-26T00:11:51.165793100,True,0,2026-08-10
2026-07-26,D_counter_aware,FROZEN_DIAGNOSTIC,Team Rocket's Mewtwo ex,14d,2208,17,8.0,9.0,0.4706,0.3021,True,True,Team Rocket's Mewtwo ex,Fezandipiti ex,0.4019,0.0549,0.4568,OK,2026-07-25T23:35:50.774890400,2026-07-26T00:11:51.165793100,True,0,2026-08-10
2026-07-26,Counter_Only,PRIMARY,Dragapult ex,14d,2208,12,5.0,7.0,0.4167,,False,False,,,,,,OK,2026-07-25T23:35:50.774890400,2026-07-26T00:11:51.165793100,True,0,2026-08-10
2026-07-26,Counter_Only,FROZEN_DIAGNOSTIC,Team Rocket's Mewtwo ex,14d,2208,17,8.0,9.0,0.4706,0.3021,False,True,Team Rocket's Mewtwo ex,Fezandipiti ex,,,,OK,2026-07-25T23:35:50.774890400,2026-07-26T00:11:51.165793100,True,0,2026-08-10
2026-07-26,ORACLE,PRIMARY,Marnie's Grimmsnarl ex,14d,2208,98,54.0,44.0,0.551,,False,False,,,,,,OK,2026-07-25T23:35:50.774890400,2026-07-26T00:11:51.165793100,True,0,2026-08-10
2026-07-26,BEST_DEPLOYABLE,PRIMARY,Marnie's Grimmsnarl ex,14d,2208,0,,,0.551,,False,False,,,,,,OK,2026-07-25T23:35:50.774890400,2026-07-26T00:11:51.165793100,True,0,2026-08-10
2026-07-27,A_most_popular,PRIMARY,Marnie's Grimmsnarl ex,14d,2274,117,51.0,66.0,0.4359,,False,False,,,0.3219,,0.3219,OK,2026-07-26T23:56:26.856804300,2026-07-27T00:04:26.361054300,True,0,2026-08-10
2026-07-27,B_recent_wr,PRIMARY,Dragapult ex,14d,2274,6,3.0,3.0,0.5,,False,False,,,0.6118,,0.6118,OK,2026-07-26T23:56:26.856804300,2026-07-27T00:04:26.361054300,True,0,2026-08-10
2026-07-27,C_conservative_meta_aware,PRIMARY,Marnie's Grimmsnarl ex,14d,2274,117,51.0,66.0,0.4359,,False,False,,,0.4162,,0.4162,OK,2026-07-26T23:56:26.856804300,2026-07-27T00:04:26.361054300,True,0,2026-08-10
2026-07-27,D_counter_aware,PRIMARY,Marnie's Grimmsnarl ex,14d,2274,117,51.0,66.0,0.4359,,False,False,,,0.4162,0.0,0.4162,OK,2026-07-26T23:56:26.856804300,2026-07-27T00:04:26.361054300,True,0,2026-08-10
2026-07-27,D_counter_aware,FROZEN_DIAGNOSTIC,Team Rocket's Mewtwo ex,14d,2274,12,7.0,5.0,0.5833,0.2942,True,True,Team Rocket's Mewtwo ex,Fezandipiti ex,0.3931,0.0597,0.4528,OK,2026-07-26T23:56:26.856804300,2026-07-27T00:04:26.361054300,True,0,2026-08-10
2026-07-27,Counter_Only,PRIMARY,Marnie's Grimmsnarl ex,14d,2274,117,51.0,66.0,0.4359,,False,False,,,,,,OK,2026-07-26T23:56:26.856804300,2026-07-27T00:04:26.361054300,True,0,2026-08-10
2026-07-27,Counter_Only,FROZEN_DIAGNOSTIC,Team Rocket's Mewtwo ex,14d,2274,12,7.0,5.0,0.5833,0.2942,False,True,Team Rocket's Mewtwo ex,Fezandipiti ex,,,,OK,2026-07-26T23:56:26.856804300,2026-07-27T00:04:26.361054300,True,0,2026-08-10
2026-07-27,ORACLE,PRIMARY,Mega Kangaskhan ex,14d,2274,20,14.0,6.0,0.7,,False,False,,,,,,OK,2026-07-26T23:56:26.856804300,2026-07-27T00:04:26.361054300,True,0,2026-08-10
2026-07-27,BEST_DEPLOYABLE,PRIMARY,Mega Kangaskhan ex,14d,2274,0,,,0.7,,False,False,,,,,,OK,2026-07-26T23:56:26.856804300,2026-07-27T00:04:26.361054300,True,0,2026-08-10
2026-07-28,A_most_popular,PRIMARY,Marnie's Grimmsnarl ex,14d,2328,126,68.0,58.0,0.5397,,False,False,,,0.3552,,0.3552,OK,2026-07-27T23:54:46.604147600,2026-07-28T00:02:38.665024600,True,0,2026-08-10
2026-07-28,B_recent_wr,PRIMARY,Dragapult ex,14d,2328,2,1.0,1.0,0.5,,False,False,,,0.6067,,0.6067,OK,2026-07-27T23:54:46.604147600,2026-07-28T00:02:38.665024600,True,0,2026-08-10
2026-07-28,C_conservative_meta_aware,PRIMARY,Marnie's Grimmsnarl ex,14d,2328,126,68.0,58.0,0.5397,,False,False,,,0.4127,,0.4127,OK,2026-07-27T23:54:46.604147600,2026-07-28T00:02:38.665024600,True,0,2026-08-10
2026-07-28,D_counter_aware,PRIMARY,Marnie's Grimmsnarl ex,14d,2328,126,68.0,58.0,0.5397,,False,False,,,0.4127,0.0,0.4127,OK,2026-07-27T23:54:46.604147600,2026-07-28T00:02:38.665024600,True,0,2026-08-10
2026-07-28,D_counter_aware,FROZEN_DIAGNOSTIC,Team Rocket's Mewtwo ex,14d,2328,14,8.0,6.0,0.5714,0.2736,True,True,Team Rocket's Mewtwo ex,Fezandipiti ex,0.399,0.0504,0.4494,OK,2026-07-27T23:54:46.604147600,2026-07-28T00:02:38.665024600,True,0,2026-08-10
2026-07-28,Counter_Only,PRIMARY,Marnie's Grimmsnarl ex,14d,2328,126,68.0,58.0,0.5397,,False,False,,,,,,OK,2026-07-27T23:54:46.604147600,2026-07-28T00:02:38.665024600,True,0,2026-08-10
2026-07-28,Counter_Only,FROZEN_DIAGNOSTIC,Team Rocket's Mewtwo ex,14d,2328,14,8.0,6.0,0.5714,0.2736,False,True,Team Rocket's Mewtwo ex,Fezandipiti ex,,,,OK,2026-07-27T23:54:46.604147600,2026-07-28T00:02:38.665024600,True,0,2026-08-10
2026-07-28,ORACLE,PRIMARY,Team Rocket's Mewtwo ex,14d,2328,14,8.0,6.0,0.5714,,False,False,,,,,,OK,2026-07-27T23:54:46.604147600,2026-07-28T00:02:38.665024600,True,0,2026-08-10
2026-07-28,BEST_DEPLOYABLE,PRIMARY,Team Rocket's Mewtwo ex,14d,2328,0,,,0.5714,,False,False,,,,,,OK,2026-07-27T23:54:46.604147600,2026-07-28T00:02:38.665024600,True,0,2026-08-10
2026-07-29,A_most_popular,PRIMARY,Marnie's Grimmsnarl ex,14d,2362,118,62.0,56.0,0.5254,,False,False,,,0.3946,,0.3946,OK,2026-07-28T23:59:28.086933400,2026-07-29T00:07:30.713689600,True,0,2026-08-10
2026-07-29,B_recent_wr,PRIMARY,Dragapult ex,14d,2362,1,0.0,1.0,0.0,,False,False,,,0.6044,,0.6044,OK,2026-07-28T23:59:28.086933400,2026-07-29T00:07:30.713689600,True,0,2026-08-10
2026-07-29,C_conservative_meta_aware,PRIMARY,Marnie's Grimmsnarl ex,14d,2362,118,62.0,56.0,0.5254,,False,False,,,0.4247,,0.4247,OK,2026-07-28T23:59:28.086933400,2026-07-29T00:07:30.713689600,True,0,2026-08-10
2026-07-29,D_counter_aware,PRIMARY,Marnie's Grimmsnarl ex,14d,2362,118,62.0,56.0,0.5254,,False,False,,,0.4247,0.0,0.4247,OK,2026-07-28T23:59:28.086933400,2026-07-29T00:07:30.713689600,True,0,2026-08-10
2026-07-29,D_counter_aware,FROZEN_DIAGNOSTIC,Team Rocket's Mewtwo ex,14d,2362,15,4.0,11.0,0.2667,0.2481,True,True,Team Rocket's Mewtwo ex,Fezandipiti ex,0.3944,0.0444,0.4388,OK,2026-07-28T23:59:28.086933400,2026-07-29T00:07:30.713689600,True,0,2026-08-10
2026-07-29,Counter_Only,PRIMARY,Marnie's Grimmsnarl ex,14d,2362,118,62.0,56.0,0.5254,,False,False,,,,,,OK,2026-07-28T23:59:28.086933400,2026-07-29T00:07:30.713689600,True,0,2026-08-10
2026-07-29,Counter_Only,FROZEN_DIAGNOSTIC,Team Rocket's Mewtwo ex,14d,2362,15,4.0,11.0,0.2667,0.2481,False,True,Team Rocket's Mewtwo ex,Fezandipiti ex,,,,OK,2026-07-28T23:59:28.086933400,2026-07-29T00:07:30.713689600,True,0,2026-08-10
2026-07-29,ORACLE,PRIMARY,Fezandipiti ex,14d,2362,12,7.0,5.0,0.5833,,False,False,,,,,,OK,2026-07-28T23:59:28.086933400,2026-07-29T00:07:30.713689600,True,0,2026-08-10
2026-07-29,BEST_DEPLOYABLE,PRIMARY,Fezandipiti ex,14d,2362,0,,,0.5833,,False,False,,,,,,OK,2026-07-28T23:59:28.086933400,2026-07-29T00:07:30.713689600,True,0,2026-08-10
2026-07-30,A_most_popular,PRIMARY,Marnie's Grimmsnarl ex,14d,2406,131,68.0,63.0,0.5191,,False,False,,,0.4268,,0.4268,OK,2026-07-29T23:53:26.125706100,2026-07-30T00:05:26.382393500,True,0,2026-08-10
2026-07-30,B_recent_wr,PRIMARY,Dragapult ex,14d,2406,4,2.0,2.0,0.5,,False,False,,,0.5978,,0.5978,OK,2026-07-29T23:53:26.125706100,2026-07-30T00:05:26.382393500,True,0,2026-08-10
2026-07-30,C_conservative_meta_aware,PRIMARY,Marnie's Grimmsnarl ex,14d,2406,131,68.0,63.0,0.5191,,False,False,,,0.4309,,0.4309,OK,2026-07-29T23:53:26.125706100,2026-07-30T00:05:26.382393500,True,0,2026-08-10
2026-07-30,D_counter_aware,PRIMARY,Marnie's Grimmsnarl ex,14d,2406,131,68.0,63.0,0.5191,,False,False,,,0.4309,0.0,0.4309,OK,2026-07-29T23:53:26.125706100,2026-07-30T00:05:26.382393500,True,0,2026-08-10
2026-07-30,D_counter_aware,FROZEN_DIAGNOSTIC,Marnie's Grimmsnarl ex,14d,2406,131,68.0,63.0,0.5191,0.2273,True,False,,Fezandipiti ex,0.4309,0.0,0.4309,OK,2026-07-29T23:53:26.125706100,2026-07-30T00:05:26.382393500,True,0,2026-08-10
2026-07-30,Counter_Only,PRIMARY,Marnie's Grimmsnarl ex,14d,2406,131,68.0,63.0,0.5191,,False,False,,,,,,OK,2026-07-29T23:53:26.125706100,2026-07-30T00:05:26.382393500,True,0,2026-08-10
2026-07-30,Counter_Only,FROZEN_DIAGNOSTIC,Team Rocket's Mewtwo ex,14d,2406,13,4.0,9.0,0.3077,0.2273,False,True,Team Rocket's Mewtwo ex,Fezandipiti ex,,,,OK,2026-07-29T23:53:26.125706100,2026-07-30T00:05:26.382393500,True,0,2026-08-10
2026-07-30,ORACLE,PRIMARY,Mega Kangaskhan ex,14d,2406,16,9.0,7.0,0.5625,,False,False,,,,,,OK,2026-07-29T23:53:26.125706100,2026-07-30T00:05:26.382393500,True,0,2026-08-10
2026-07-30,BEST_DEPLOYABLE,PRIMARY,Mega Kangaskhan ex,14d,2406,0,,,0.5625,,False,False,,,,,,OK,2026-07-29T23:53:26.125706100,2026-07-30T00:05:26.382393500,True,0,2026-08-10
2026-07-31,A_most_popular,PRIMARY,Marnie's Grimmsnarl ex,14d,2470,107,55.0,52.0,0.514,,False,False,,,0.4615,,0.4615,OK,2026-07-30T23:56:35.634620100,2026-07-31T00:12:31.697601300,True,0,2026-08-10
2026-07-31,B_recent_wr,PRIMARY,Dragapult ex,14d,2470,3,1.0,2.0,0.3333,,False,False,,,0.6023,,0.6023,OK,2026-07-30T23:56:35.634620100,2026-07-31T00:12:31.697601300,True,0,2026-08-10
2026-07-31,C_conservative_meta_aware,PRIMARY,Marnie's Grimmsnarl ex,14d,2470,107,55.0,52.0,0.514,,False,False,,,0.4398,,0.4398,OK,2026-07-30T23:56:35.634620100,2026-07-31T00:12:31.697601300,True,0,2026-08-10
2026-07-31,D_counter_aware,PRIMARY,Marnie's Grimmsnarl ex,14d,2470,107,55.0,52.0,0.514,,False,False,,,0.4398,0.0,0.4398,OK,2026-07-30T23:56:35.634620100,2026-07-31T00:12:31.697601300,True,0,2026-08-10
2026-07-31,D_counter_aware,FROZEN_DIAGNOSTIC,Marnie's Grimmsnarl ex,14d,2470,107,55.0,52.0,0.514,0.2138,True,False,,Fezandipiti ex,0.4398,0.0,0.4398,OK,2026-07-30T23:56:35.634620100,2026-07-31T00:12:31.697601300,True,0,2026-08-10
2026-07-31,Counter_Only,PRIMARY,Marnie's Grimmsnarl ex,14d,2470,107,55.0,52.0,0.514,,False,False,,,,,,OK,2026-07-30T23:56:35.634620100,2026-07-31T00:12:31.697601300,True,0,2026-08-10
2026-07-31,Counter_Only,FROZEN_DIAGNOSTIC,Team Rocket's Mewtwo ex,14d,2470,8,5.0,3.0,0.625,0.2138,False,True,Team Rocket's Mewtwo ex,Fezandipiti ex,,,,OK,2026-07-30T23:56:35.634620100,2026-07-31T00:12:31.697601300,True,0,2026-08-10
2026-07-31,ORACLE,PRIMARY,Marnie's Grimmsnarl ex,14d,2470,107,55.0,52.0,0.514,,False,False,,,,,,OK,2026-07-30T23:56:35.634620100,2026-07-31T00:12:31.697601300,True,0,2026-08-10
2026-07-31,BEST_DEPLOYABLE,PRIMARY,Marnie's Grimmsnarl ex,14d,2470,0,,,0.514,,False,False,,,,,,OK,2026-07-30T23:56:35.634620100,2026-07-31T00:12:31.697601300,True,0,2026-08-10
2026-08-01,A_most_popular,PRIMARY,Marnie's Grimmsnarl ex,14d,2510,98,47.0,51.0,0.4796,,False,False,,,0.4873,,0.4873,OK,2026-07-31T23:54:17.868914,2026-08-01T00:06:18.155205900,True,0,2026-08-10
2026-08-01,B_recent_wr,PRIMARY,Dragapult ex,14d,2510,4,3.0,1.0,0.75,,False,False,,,0.5732,,0.5732,OK,2026-07-31T23:54:17.868914,2026-08-01T00:06:18.155205900,True,0,2026-08-10
2026-08-01,C_conservative_meta_aware,PRIMARY,Marnie's Grimmsnarl ex,14d,2510,98,47.0,51.0,0.4796,,False,False,,,0.4425,,0.4425,OK,2026-07-31T23:54:17.868914,2026-08-01T00:06:18.155205900,True,0,2026-08-10
2026-08-01,D_counter_aware,PRIMARY,Marnie's Grimmsnarl ex,14d,2510,98,47.0,51.0,0.4796,,False,False,,,0.4425,0.0,0.4425,OK,2026-07-31T23:54:17.868914,2026-08-01T00:06:18.155205900,True,0,2026-08-10
2026-08-01,D_counter_aware,FROZEN_DIAGNOSTIC,Marnie's Grimmsnarl ex,14d,2510,98,47.0,51.0,0.4796,0.1928,True,False,,Fezandipiti ex,0.4425,0.0,0.4425,OK,2026-07-31T23:54:17.868914,2026-08-01T00:06:18.155205900,True,0,2026-08-10
2026-08-01,Counter_Only,PRIMARY,Marnie's Grimmsnarl ex,14d,2510,98,47.0,51.0,0.4796,,False,False,,,,,,OK,2026-07-31T23:54:17.868914,2026-08-01T00:06:18.155205900,True,0,2026-08-10
2026-08-01,Counter_Only,FROZEN_DIAGNOSTIC,Team Rocket's Mewtwo ex,14d,2510,6,3.0,3.0,0.5,0.1928,False,True,Team Rocket's Mewtwo ex,Fezandipiti ex,,,,OK,2026-07-31T23:54:17.868914,2026-08-01T00:06:18.155205900,True,0,2026-08-10
2026-08-01,ORACLE,PRIMARY,Mega Lopunny ex,14d,2510,20,16.0,4.0,0.8,,False,False,,,,,,OK,2026-07-31T23:54:17.868914,2026-08-01T00:06:18.155205900,True,0,2026-08-10
2026-08-01,BEST_DEPLOYABLE,PRIMARY,Mega Kangaskhan ex,14d,2510,0,,,0.5,,False,False,,,,,,OK,2026-07-31T23:54:17.868914,2026-08-01T00:06:18.155205900,True,0,2026-08-10
2026-08-02,A_most_popular,PRIMARY,Marnie's Grimmsnarl ex,14d,2582,84,37.0,47.0,0.4405,,False,False,,,0.4985,,0.4985,OK,2026-08-01T23:58:57.513844700,2026-08-02T00:06:57.547373200,True,0,2026-08-10
2026-08-02,B_recent_wr,PRIMARY,Dragapult ex,14d,2582,9,4.0,5.0,0.4444,,False,False,,,0.5679,,0.5679,OK,2026-08-01T23:58:57.513844700,2026-08-02T00:06:57.547373200,True,0,2026-08-10
2026-08-02,C_conservative_meta_aware,PRIMARY,Marnie's Grimmsnarl ex,14d,2582,84,37.0,47.0,0.4405,,False,False,,,0.4389,,0.4389,OK,2026-08-01T23:58:57.513844700,2026-08-02T00:06:57.547373200,True,0,2026-08-10
2026-08-02,D_counter_aware,PRIMARY,Marnie's Grimmsnarl ex,14d,2582,84,37.0,47.0,0.4405,,False,False,,,0.4389,0.0,0.4389,OK,2026-08-01T23:58:57.513844700,2026-08-02T00:06:57.547373200,True,0,2026-08-10
2026-08-02,D_counter_aware,FROZEN_DIAGNOSTIC,Marnie's Grimmsnarl ex,14d,2582,84,37.0,47.0,0.4405,0.1793,True,False,,Fezandipiti ex,0.4389,0.0,0.4389,OK,2026-08-01T23:58:57.513844700,2026-08-02T00:06:57.547373200,True,0,2026-08-10
2026-08-02,Counter_Only,PRIMARY,Marnie's Grimmsnarl ex,14d,2582,84,37.0,47.0,0.4405,,False,False,,,,,,OK,2026-08-01T23:58:57.513844700,2026-08-02T00:06:57.547373200,True,0,2026-08-10
2026-08-02,Counter_Only,FROZEN_DIAGNOSTIC,Team Rocket's Mewtwo ex,14d,2582,4,2.0,2.0,0.5,0.1793,False,True,Team Rocket's Mewtwo ex,Fezandipiti ex,,,,OK,2026-08-01T23:58:57.513844700,2026-08-02T00:06:57.547373200,True,0,2026-08-10
2026-08-02,ORACLE,PRIMARY,Mega Lopunny ex,14d,2582,25,18.0,7.0,0.72,,False,False,,,,,,OK,2026-08-01T23:58:57.513844700,2026-08-02T00:06:57.547373200,True,0,2026-08-10
2026-08-02,BEST_DEPLOYABLE,PRIMARY,Mega Lopunny ex,14d,2582,0,,,0.72,,False,False,,,,,,OK,2026-08-01T23:58:57.513844700,2026-08-02T00:06:57.547373200,True,0,2026-08-10
2026-08-03,A_most_popular,PRIMARY,Marnie's Grimmsnarl ex,14d,2604,67,31.0,36.0,0.4627,,False,False,,,0.5084,,0.5084,OK,2026-08-02T23:59:12.272596100,2026-08-03T00:03:12.350808100,True,0,2026-08-10
2026-08-03,B_recent_wr,PRIMARY,Mega Lopunny ex,14d,2604,35,18.0,17.0,0.5143,,False,False,,,0.6024,,0.6024,OK,2026-08-02T23:59:12.272596100,2026-08-03T00:03:12.350808100,True,0,2026-08-10
2026-08-03,C_conservative_meta_aware,PRIMARY,Marnie's Grimmsnarl ex,14d,2604,67,31.0,36.0,0.4627,,False,False,,,0.4378,,0.4378,OK,2026-08-02T23:59:12.272596100,2026-08-03T00:03:12.350808100,True,0,2026-08-10
2026-08-03,D_counter_aware,PRIMARY,Marnie's Grimmsnarl ex,14d,2604,67,31.0,36.0,0.4627,,False,False,,,0.4378,0.0,0.4378,OK,2026-08-02T23:59:12.272596100,2026-08-03T00:03:12.350808100,True,0,2026-08-10
2026-08-03,D_counter_aware,FROZEN_DIAGNOSTIC,Marnie's Grimmsnarl ex,14d,2604,67,31.0,36.0,0.4627,0.1601,True,False,,Fezandipiti ex,0.4378,0.0,0.4378,OK,2026-08-02T23:59:12.272596100,2026-08-03T00:03:12.350808100,True,0,2026-08-10
2026-08-03,Counter_Only,PRIMARY,Marnie's Grimmsnarl ex,14d,2604,67,31.0,36.0,0.4627,,False,False,,,,,,OK,2026-08-02T23:59:12.272596100,2026-08-03T00:03:12.350808100,True,0,2026-08-10
2026-08-03,Counter_Only,FROZEN_DIAGNOSTIC,Team Rocket's Mewtwo ex,14d,2604,1,0.0,1.0,0.0,0.1601,False,True,Team Rocket's Mewtwo ex,Fezandipiti ex,,,,OK,2026-08-02T23:59:12.272596100,2026-08-03T00:03:12.350808100,True,0,2026-08-10
2026-08-03,ORACLE,PRIMARY,Fezandipiti ex,14d,2604,23,16.0,7.0,0.6957,,False,False,,,,,,OK,2026-08-02T23:59:12.272596100,2026-08-03T00:03:12.350808100,True,0,2026-08-10
2026-08-03,BEST_DEPLOYABLE,PRIMARY,Fezandipiti ex,14d,2604,0,,,0.6957,,False,False,,,,,,OK,2026-08-02T23:59:12.272596100,2026-08-03T00:03:12.350808100,True,0,2026-08-10
2026-08-04,A_most_popular,PRIMARY,Marnie's Grimmsnarl ex,14d,2668,61,27.0,34.0,0.4426,,False,False,,,0.5052,,0.5052,OK,2026-08-03T23:24:05.972751800,2026-08-04T00:00:05.148657800,True,0,2026-08-10
2026-08-04,B_recent_wr,PRIMARY,Mega Lopunny ex,14d,2668,31,19.0,12.0,0.6129,,False,False,,,0.5812,,0.5812,OK,2026-08-03T23:24:05.972751800,2026-08-04T00:00:05.148657800,True,0,2026-08-10
2026-08-04,C_conservative_meta_aware,PRIMARY,Marnie's Grimmsnarl ex,14d,2668,61,27.0,34.0,0.4426,,False,False,,,0.4309,,0.4309,OK,2026-08-03T23:24:05.972751800,2026-08-04T00:00:05.148657800,True,0,2026-08-10
2026-08-04,D_counter_aware,PRIMARY,Marnie's Grimmsnarl ex,14d,2668,61,27.0,34.0,0.4426,,False,False,,,0.4309,0.0,0.4309,OK,2026-08-03T23:24:05.972751800,2026-08-04T00:00:05.148657800,True,0,2026-08-10
2026-08-04,D_counter_aware,FROZEN_DIAGNOSTIC,Marnie's Grimmsnarl ex,14d,2668,61,27.0,34.0,0.4426,0.1484,True,False,,Fezandipiti ex,0.4309,0.0,0.4309,OK,2026-08-03T23:24:05.972751800,2026-08-04T00:00:05.148657800,True,0,2026-08-10
2026-08-04,Counter_Only,PRIMARY,Marnie's Grimmsnarl ex,14d,2668,61,27.0,34.0,0.4426,,False,False,,,,,,OK,2026-08-03T23:24:05.972751800,2026-08-04T00:00:05.148657800,True,0,2026-08-10
2026-08-04,Counter_Only,FROZEN_DIAGNOSTIC,Team Rocket's Mewtwo ex,14d,2668,1,0.0,1.0,0.0,0.1484,False,True,Team Rocket's Mewtwo ex,Fezandipiti ex,,,,OK,2026-08-03T23:24:05.972751800,2026-08-04T00:00:05.148657800,True,0,2026-08-10
2026-08-04,ORACLE,PRIMARY,Dragapult ex,14d,2668,14,11.0,3.0,0.7857,,False,False,,,,,,OK,2026-08-03T23:24:05.972751800,2026-08-04T00:00:05.148657800,True,0,2026-08-10
2026-08-04,BEST_DEPLOYABLE,PRIMARY,Dragapult ex,14d,2668,0,,,0.7857,,False,False,,,,,,OK,2026-08-03T23:24:05.972751800,2026-08-04T00:00:05.148657800,True,0,2026-08-10
2026-08-05,A_most_popular,PRIMARY,Marnie's Grimmsnarl ex,14d,2666,60,26.0,34.0,0.4333,,False,False,,,0.5071,,0.5071,OK,2026-08-04T23:56:55.419080300,2026-08-05T00:00:53.476253500,True,0,2026-08-10
2026-08-05,B_recent_wr,PRIMARY,Mega Lopunny ex,14d,2666,22,12.0,10.0,0.5455,,False,False,,,0.5878,,0.5878,OK,2026-08-04T23:56:55.419080300,2026-08-05T00:00:53.476253500,True,0,2026-08-10
2026-08-05,C_conservative_meta_aware,PRIMARY,Marnie's Grimmsnarl ex,14d,2666,60,26.0,34.0,0.4333,,False,False,,,0.4282,,0.4282,OK,2026-08-04T23:56:55.419080300,2026-08-05T00:00:53.476253500,True,0,2026-08-10
2026-08-05,D_counter_aware,PRIMARY,Marnie's Grimmsnarl ex,14d,2666,60,26.0,34.0,0.4333,,False,False,,,0.4282,0.0,0.4282,OK,2026-08-04T23:56:55.419080300,2026-08-05T00:00:53.476253500,True,0,2026-08-10
2026-08-05,D_counter_aware,FROZEN_DIAGNOSTIC,Marnie's Grimmsnarl ex,14d,2666,60,26.0,34.0,0.4333,0.141,True,False,,Fezandipiti ex,0.4282,0.0,0.4282,OK,2026-08-04T23:56:55.419080300,2026-08-05T00:00:53.476253500,True,0,2026-08-10
2026-08-05,Counter_Only,PRIMARY,Marnie's Grimmsnarl ex,14d,2666,60,26.0,34.0,0.4333,,False,False,,,,,,OK,2026-08-04T23:56:55.419080300,2026-08-05T00:00:53.476253500,True,0,2026-08-10
2026-08-05,Counter_Only,FROZEN_DIAGNOSTIC,Team Rocket's Mewtwo ex,14d,2666,5,4.0,1.0,0.8,0.141,False,True,Team Rocket's Mewtwo ex,Fezandipiti ex,,,,OK,2026-08-04T23:56:55.419080300,2026-08-05T00:00:53.476253500,True,0,2026-08-10
2026-08-05,ORACLE,PRIMARY,Mega Kangaskhan ex,14d,2666,23,13.0,10.0,0.5652,,False,False,,,,,,OK,2026-08-04T23:56:55.419080300,2026-08-05T00:00:53.476253500,True,0,2026-08-10
2026-08-05,BEST_DEPLOYABLE,PRIMARY,Mega Kangaskhan ex,14d,2666,0,,,0.5652,,False,False,,,,,,OK,2026-08-04T23:56:55.419080300,2026-08-05T00:00:53.476253500,True,0,2026-08-10
2026-08-06,A_most_popular,PRIMARY,Marnie's Grimmsnarl ex,14d,2666,70,31.0,39.0,0.4429,,False,False,,,0.5026,,0.5026,OK,2026-08-05T23:56:45.780760700,2026-08-06T00:08:46.750806700,True,0,2026-08-10
2026-08-06,B_recent_wr,PRIMARY,Mega Lopunny ex,14d,2666,16,9.0,7.0,0.5625,,False,False,,,0.5854,,0.5854,OK,2026-08-05T23:56:45.780760700,2026-08-06T00:08:46.750806700,True,0,2026-08-10
2026-08-06,C_conservative_meta_aware,PRIMARY,Marnie's Grimmsnarl ex,14d,2666,70,31.0,39.0,0.4429,,False,False,,,0.4158,,0.4158,OK,2026-08-05T23:56:45.780760700,2026-08-06T00:08:46.750806700,True,0,2026-08-10
2026-08-06,D_counter_aware,PRIMARY,Marnie's Grimmsnarl ex,14d,2666,70,31.0,39.0,0.4429,,False,False,,,0.4158,0.0,0.4158,OK,2026-08-05T23:56:45.780760700,2026-08-06T00:08:46.750806700,True,0,2026-08-10
2026-08-06,D_counter_aware,FROZEN_DIAGNOSTIC,Marnie's Grimmsnarl ex,14d,2666,70,31.0,39.0,0.4429,0.1403,True,False,,Fezandipiti ex,0.4158,0.0,0.4158,OK,2026-08-05T23:56:45.780760700,2026-08-06T00:08:46.750806700,True,0,2026-08-10
2026-08-06,Counter_Only,PRIMARY,Marnie's Grimmsnarl ex,14d,2666,70,31.0,39.0,0.4429,,False,False,,,,,,OK,2026-08-05T23:56:45.780760700,2026-08-06T00:08:46.750806700,True,0,2026-08-10
2026-08-06,Counter_Only,FROZEN_DIAGNOSTIC,Team Rocket's Mewtwo ex,14d,2666,6,2.0,4.0,0.3333,0.1403,False,True,Team Rocket's Mewtwo ex,Fezandipiti ex,,,,OK,2026-08-05T23:56:45.780760700,2026-08-06T00:08:46.750806700,True,0,2026-08-10
2026-08-06,ORACLE,PRIMARY,Mega Kangaskhan ex,14d,2666,18,13.0,5.0,0.7222,,False,False,,,,,,OK,2026-08-05T23:56:45.780760700,2026-08-06T00:08:46.750806700,True,0,2026-08-10
2026-08-06,BEST_DEPLOYABLE,PRIMARY,Mega Kangaskhan ex,14d,2666,0,,,0.7222,,False,False,,,,,,OK,2026-08-05T23:56:45.780760700,2026-08-06T00:08:46.750806700,True,0,2026-08-10
2026-08-07,A_most_popular,PRIMARY,Marnie's Grimmsnarl ex,14d,2678,59,26.0,33.0,0.4407,,False,False,,,0.5019,,0.5019,OK,2026-08-06T23:46:01.072941100,2026-08-07T00:34:01.815685400,True,0,2026-08-10
2026-08-07,B_recent_wr,PRIMARY,Mega Lopunny ex,14d,2678,24,15.0,9.0,0.625,,False,False,,,0.593,,0.593,OK,2026-08-06T23:46:01.072941100,2026-08-07T00:34:01.815685400,True,0,2026-08-10
2026-08-07,C_conservative_meta_aware,PRIMARY,Teal Mask Ogerpon ex,14d,2678,19,10.0,9.0,0.5263,,False,False,,,0.4371,,0.4371,OK,2026-08-06T23:46:01.072941100,2026-08-07T00:34:01.815685400,True,0,2026-08-10
2026-08-07,D_counter_aware,PRIMARY,Teal Mask Ogerpon ex,14d,2678,19,10.0,9.0,0.5263,,False,False,,,0.4371,0.0,0.4371,OK,2026-08-06T23:46:01.072941100,2026-08-07T00:34:01.815685400,True,0,2026-08-10
2026-08-07,D_counter_aware,FROZEN_DIAGNOSTIC,Teal Mask Ogerpon ex,14d,2678,19,10.0,9.0,0.5263,0.1355,True,False,,Fezandipiti ex,0.4371,0.0,0.4371,OK,2026-08-06T23:46:01.072941100,2026-08-07T00:34:01.815685400,True,0,2026-08-10
2026-08-07,Counter_Only,PRIMARY,Teal Mask Ogerpon ex,14d,2678,19,10.0,9.0,0.5263,,False,False,,,,,,OK,2026-08-06T23:46:01.072941100,2026-08-07T00:34:01.815685400,True,0,2026-08-10
2026-08-07,Counter_Only,FROZEN_DIAGNOSTIC,Team Rocket's Mewtwo ex,14d,2678,0,0.0,0.0,,0.1355,False,True,Team Rocket's Mewtwo ex,Fezandipiti ex,,,,SKIPPED_NO_TEST_DATA,2026-08-06T23:46:01.072941100,2026-08-07T00:34:01.815685400,True,0,2026-08-10
2026-08-07,ORACLE,PRIMARY,Dragapult ex,14d,2678,11,8.0,3.0,0.7273,,False,False,,,,,,OK,2026-08-06T23:46:01.072941100,2026-08-07T00:34:01.815685400,True,0,2026-08-10
2026-08-07,BEST_DEPLOYABLE,PRIMARY,Dragapult ex,14d,2678,0,,,0.7273,,False,False,,,,,,OK,2026-08-06T23:46:01.072941100,2026-08-07T00:34:01.815685400,True,0,2026-08-10
2026-08-08,A_most_popular,PRIMARY,Marnie's Grimmsnarl ex,14d,2668,65,25.0,40.0,0.3846,,False,False,,,0.485,,0.485,OK,2026-08-07T23:59:34.431772400,2026-08-08T00:15:34.911084200,True,0,2026-08-10
2026-08-08,B_recent_wr,PRIMARY,Mega Lopunny ex,14d,2668,18,13.0,5.0,0.7222,,False,False,,,0.5949,,0.5949,OK,2026-08-07T23:59:34.431772400,2026-08-08T00:15:34.911084200,True,0,2026-08-10
2026-08-08,C_conservative_meta_aware,PRIMARY,Mega Lopunny ex,14d,2668,18,13.0,5.0,0.7222,,False,False,,,0.4299,,0.4299,OK,2026-08-07T23:59:34.431772400,2026-08-08T00:15:34.911084200,True,0,2026-08-10
2026-08-08,D_counter_aware,PRIMARY,Mega Lopunny ex,14d,2668,18,13.0,5.0,0.7222,,False,False,,,0.4299,0.0,0.4299,OK,2026-08-07T23:59:34.431772400,2026-08-08T00:15:34.911084200,True,0,2026-08-10
2026-08-08,D_counter_aware,FROZEN_DIAGNOSTIC,Mega Lopunny ex,14d,2668,18,13.0,5.0,0.7222,0.1379,True,False,,Fezandipiti ex,0.4299,0.0,0.4299,OK,2026-08-07T23:59:34.431772400,2026-08-08T00:15:34.911084200,True,0,2026-08-10
2026-08-08,Counter_Only,PRIMARY,Mega Lopunny ex,14d,2668,18,13.0,5.0,0.7222,,False,False,,,,,,OK,2026-08-07T23:59:34.431772400,2026-08-08T00:15:34.911084200,True,0,2026-08-10
2026-08-08,Counter_Only,FROZEN_DIAGNOSTIC,Team Rocket's Mewtwo ex,14d,2668,2,2.0,0.0,1.0,0.1379,False,True,Team Rocket's Mewtwo ex,Fezandipiti ex,,,,OK,2026-08-07T23:59:34.431772400,2026-08-08T00:15:34.911084200,True,0,2026-08-10
2026-08-08,ORACLE,PRIMARY,Mega Lopunny ex,14d,2668,18,13.0,5.0,0.7222,,False,False,,,,,,OK,2026-08-07T23:59:34.431772400,2026-08-08T00:15:34.911084200,True,0,2026-08-10
2026-08-08,BEST_DEPLOYABLE,PRIMARY,Mega Lopunny ex,14d,2668,0,,,0.7222,,False,False,,,,,,OK,2026-08-07T23:59:34.431772400,2026-08-08T00:15:34.911084200,True,0,2026-08-10
2026-08-09,A_most_popular,PRIMARY,Marnie's Grimmsnarl ex,14d,2668,48,20.0,28.0,0.4167,,False,False,,,0.4726,,0.4726,OK,2026-08-08T23:44:02.492964700,2026-08-09T00:08:02.923639900,True,0,2026-08-10
2026-08-09,B_recent_wr,PRIMARY,Mega Lopunny ex,14d,2668,24,10.0,14.0,0.4167,,False,False,,,0.6038,,0.6038,OK,2026-08-08T23:44:02.492964700,2026-08-09T00:08:02.923639900,True,0,2026-08-10
2026-08-09,C_conservative_meta_aware,PRIMARY,Mega Lopunny ex,14d,2668,24,10.0,14.0,0.4167,,False,False,,,0.444,,0.444,OK,2026-08-08T23:44:02.492964700,2026-08-09T00:08:02.923639900,True,0,2026-08-10
2026-08-09,D_counter_aware,PRIMARY,Mega Lopunny ex,14d,2668,24,10.0,14.0,0.4167,,False,False,,,0.444,0.0,0.444,OK,2026-08-08T23:44:02.492964700,2026-08-09T00:08:02.923639900,True,0,2026-08-10
2026-08-09,D_counter_aware,FROZEN_DIAGNOSTIC,Mega Lopunny ex,14d,2668,24,10.0,14.0,0.4167,0.1432,True,False,,Fezandipiti ex,0.444,0.0,0.444,OK,2026-08-08T23:44:02.492964700,2026-08-09T00:08:02.923639900,True,0,2026-08-10
2026-08-09,Counter_Only,PRIMARY,Mega Lopunny ex,14d,2668,24,10.0,14.0,0.4167,,False,False,,,,,,OK,2026-08-08T23:44:02.492964700,2026-08-09T00:08:02.923639900,True,0,2026-08-10
2026-08-09,Counter_Only,FROZEN_DIAGNOSTIC,Team Rocket's Mewtwo ex,14d,2668,2,2.0,0.0,1.0,0.1432,False,True,Team Rocket's Mewtwo ex,Fezandipiti ex,,,,OK,2026-08-08T23:44:02.492964700,2026-08-09T00:08:02.923639900,True,0,2026-08-10
2026-08-09,ORACLE,PRIMARY,Mega Kangaskhan ex,14d,2668,13,7.0,6.0,0.5385,,False,False,,,,,,OK,2026-08-08T23:44:02.492964700,2026-08-09T00:08:02.923639900,True,0,2026-08-10
2026-08-09,BEST_DEPLOYABLE,PRIMARY,Mega Kangaskhan ex,14d,2668,0,,,0.5385,,False,False,,,,,,OK,2026-08-08T23:44:02.492964700,2026-08-09T00:08:02.923639900,True,0,2026-08-10
2026-08-10,A_most_popular,PRIMARY,Marnie's Grimmsnarl ex,14d,2652,58,24.0,34.0,0.4138,,False,False,,,0.4566,,0.4566,OK,2026-08-09T23:52:07.814042800,2026-08-10T00:32:06.005505600,True,0,2026-08-10
2026-08-10,B_recent_wr,PRIMARY,Mega Lucario ex,14d,2652,5,4.0,1.0,0.8,,False,False,,,0.6111,,0.6111,OK,2026-08-09T23:52:07.814042800,2026-08-10T00:32:06.005505600,True,0,2026-08-10
2026-08-10,C_conservative_meta_aware,PRIMARY,Mega Lopunny ex,14d,2652,21,9.0,12.0,0.4286,,False,False,,,0.4399,,0.4399,OK,2026-08-09T23:52:07.814042800,2026-08-10T00:32:06.005505600,True,0,2026-08-10
2026-08-10,D_counter_aware,PRIMARY,Mega Lopunny ex,14d,2652,21,9.0,12.0,0.4286,0.1425,True,False,,Fezandipiti ex,0.4399,0.0,0.4399,OK,2026-08-09T23:52:07.814042800,2026-08-10T00:32:06.005505600,True,0,2026-08-10
2026-08-10,D_counter_aware,FROZEN_DIAGNOSTIC,Mega Lopunny ex,14d,2652,21,9.0,12.0,0.4286,0.1425,True,False,,Fezandipiti ex,0.4399,0.0,0.4399,OK,2026-08-09T23:52:07.814042800,2026-08-10T00:32:06.005505600,True,0,2026-08-10
2026-08-10,Counter_Only,PRIMARY,Team Rocket's Mewtwo ex,14d,2652,1,0.0,1.0,0.0,0.1425,False,True,Team Rocket's Mewtwo ex,Fezandipiti ex,,,,OK,2026-08-09T23:52:07.814042800,2026-08-10T00:32:06.005505600,True,0,2026-08-10
2026-08-10,Counter_Only,FROZEN_DIAGNOSTIC,Team Rocket's Mewtwo ex,14d,2652,1,0.0,1.0,0.0,0.1425,False,True,Team Rocket's Mewtwo ex,Fezandipiti ex,,,,OK,2026-08-09T23:52:07.814042800,2026-08-10T00:32:06.005505600,True,0,2026-08-10
2026-08-10,ORACLE,PRIMARY,Teal Mask Ogerpon ex,14d,2652,20,13.0,7.0,0.65,,False,False,,,,,,OK,2026-08-09T23:52:07.814042800,2026-08-10T00:32:06.005505600,True,0,2026-08-10
2026-08-10,BEST_DEPLOYABLE,PRIMARY,Teal Mask Ogerpon ex,14d,2652,0,,,0.65,,False,False,,,,,,OK,2026-08-09T23:52:07.814042800,2026-08-10T00:32:06.005505600,True,0,2026-08-10
