deck_hash,label,cluster_id,games,share_pct,wins,losses,win_rate,wilson_lo,wilson_hi,first_player_win_rate,second_player_win_rate,avg_player_rating_inferred,avg_opponent_rating_inferred,avg_game_length,confidence
dc2ce39b94cbbb38,Marnie's Grimmsnarl ex,Marnie's Grimmsnarl ex,1436,20.567,697,739,0.4854,0.4596,0.5112,0.5409,0.4294,1080.0,1092.9,181.2,USABLE
fcac695071c3f3cf,Fezandipiti ex,Fezandipiti ex,763,10.928,353,410,0.4626,0.4275,0.4981,0.5303,0.3958,1103.9,1097.4,154.8,USABLE
b43a53d96da0f0b5,Marnie's Grimmsnarl ex,Marnie's Grimmsnarl ex,393,5.629,202,191,0.514,0.4647,0.563,0.5213,0.5055,1097.2,1100.5,175.4,USABLE
e34dae96b1984485,Cynthia's Garchomp ex,Cynthia's Garchomp ex,261,3.738,139,122,0.5326,0.472,0.5922,0.5899,0.4672,1106.6,1096.8,156.9,USABLE
b20e3e96100a11d5,Fezandipiti ex,Fezandipiti ex,237,3.394,117,120,0.4937,0.4306,0.5569,0.56,0.4196,1136.1,1109.1,155.4,USABLE
37f2032236fb6baf,Mega Kangaskhan ex,Mega Kangaskhan ex,152,2.177,70,82,0.4605,0.3832,0.5398,0.493,0.4321,1144.0,1110.9,141.6,USABLE
fb6542fd45093b86,Mega Lopunny ex,Mega Lopunny ex,119,1.704,75,44,0.6303,0.5407,0.7116,0.6889,0.5946,1092.7,1081.1,161.9,USABLE
14db4b34cc8fbbb7,Mega Kangaskhan ex,Mega Kangaskhan ex,116,1.661,53,63,0.4569,0.3691,0.5475,0.4032,0.5185,1124.9,1099.7,156.6,USABLE
831fd3a04060c7c2,UNLABELED,UNLABELED_CLUSTER_01,115,1.647,57,58,0.4957,0.4059,0.5857,0.569,0.4211,1069.4,1085.2,161.9,USABLE
58c4d89cf8edc355,Team Rocket's Mewtwo ex,Team Rocket's Mewtwo ex,77,1.103,36,41,0.4675,0.3603,0.5779,0.5526,0.3846,1142.3,1113.6,164.1,USABLE
61f90c30a060ef40,Marnie's Grimmsnarl ex,Marnie's Grimmsnarl ex,75,1.074,30,45,0.4,0.2966,0.5131,0.4545,0.3571,1094.4,1094.8,150.8,USABLE
19a01ac1cebb1e8b,Mega Lopunny ex,Mega Lopunny ex,68,0.974,38,30,0.5588,0.4408,0.6705,0.5,0.6111,1112.6,1080.7,166.4,USABLE
910dcaefeb77a2f0,Marnie's Grimmsnarl ex,Marnie's Grimmsnarl ex,67,0.96,44,23,0.6567,0.5373,0.7591,0.6923,0.6071,1124.1,1098.2,162.0,USABLE
2b38095c5eca59f6,Teal Mask Ogerpon ex,Teal Mask Ogerpon ex,65,0.931,33,32,0.5077,0.3892,0.6254,0.4688,0.5455,1075.1,1086.4,129.1,USABLE
058f82abd5449e39,Dragapult ex,Dragapult ex,64,0.917,37,27,0.5781,0.4561,0.6913,0.5714,0.5833,1056.6,1077.9,196.7,USABLE
5ef1f4c673271c4f,Mega Kangaskhan ex,Mega Kangaskhan ex,63,0.902,35,28,0.5556,0.4332,0.6715,0.6364,0.4667,1074.3,1099.6,142.5,USABLE
6c534f1524e51c74,Mega Lucario ex,Mega Lucario ex,60,0.859,25,35,0.4167,0.3006,0.5427,0.5161,0.3103,893.6,891.6,125.7,USABLE
f1b53d2f908f682e,Mega Kangaskhan ex,Mega Kangaskhan ex,60,0.859,29,31,0.4833,0.3617,0.6069,0.4138,0.5484,1109.4,1082.4,165.2,USABLE
cf54338b6b99acc3,UNLABELED,UNLABELED_CLUSTER_05,58,0.831,28,30,0.4828,0.3593,0.6084,0.5,0.4643,1055.7,1054.9,162.7,USABLE
b78aa05e94236e10,Mega Kangaskhan ex,Mega Kangaskhan ex,57,0.816,32,25,0.5614,0.4328,0.6823,0.5556,0.5714,1152.8,1120.9,139.6,USABLE
13ea47d998aa99fa,Mega Lopunny ex,Mega Lopunny ex,53,0.759,22,31,0.4151,0.2926,0.5491,0.4583,0.3793,1073.7,1076.8,165.7,USABLE
3fc2cb03df5b2747,Fezandipiti ex,Fezandipiti ex,53,0.759,24,29,0.4528,0.3266,0.5855,0.5185,0.3846,1132.5,1122.6,160.8,USABLE
4a256a933ac66a7b,Mega Lucario ex,Mega Lucario ex,53,0.759,31,22,0.5849,0.4509,0.7074,0.5625,0.619,1013.5,1017.6,125.5,USABLE
c9d8794e26a87fa3,Marnie's Grimmsnarl ex,Marnie's Grimmsnarl ex,50,0.716,23,27,0.46,0.3297,0.596,0.4286,0.5333,1120.3,1114.4,176.3,USABLE
eb1222900df9baf0,Mega Lucario ex,Mega Lucario ex,48,0.687,36,12,0.75,0.6122,0.8508,0.8182,0.6923,1157.9,1113.3,132.4,LOW_CONFIDENCE
59138a345c6b933a,Dragapult ex,Dragapult ex,47,0.673,24,23,0.5106,0.3724,0.6472,0.375,0.5385,1019.5,1023.8,156.7,LOW_CONFIDENCE
2b3108749e2032d7,UNLABELED,UNLABELED_CLUSTER_02,46,0.659,27,19,0.587,0.4434,0.7171,0.6364,0.5714,1065.1,1064.5,122.5,LOW_CONFIDENCE
2603936f8d49f47b,Dragapult ex,Dragapult ex,44,0.63,26,18,0.5909,0.4441,0.7231,0.65,0.5417,1116.1,1109.0,164.0,LOW_CONFIDENCE
69252ea384766495,Mega Kangaskhan ex,Mega Kangaskhan ex,44,0.63,23,21,0.5227,0.3794,0.6625,0.5789,0.48,1101.4,1087.6,138.5,LOW_CONFIDENCE
1e1aceae4b6358f6,Team Rocket's Mewtwo ex,Team Rocket's Mewtwo ex,41,0.587,23,18,0.561,0.4104,0.7011,0.6667,0.45,1142.7,1124.1,165.1,LOW_CONFIDENCE
478924c6d1995606,UNLABELED,UNLABELED_CLUSTER_03,41,0.587,17,24,0.4146,0.2776,0.5663,0.45,0.381,1085.7,1100.8,106.1,LOW_CONFIDENCE
c4ebaf6e42fc8a2a,Fezandipiti ex,Fezandipiti ex,40,0.573,18,22,0.45,0.3071,0.6017,0.4783,0.4118,1097.0,1079.1,142.0,LOW_CONFIDENCE
0eb1f4f9633c4cd0,Team Rocket's Mewtwo ex,Team Rocket's Mewtwo ex,39,0.559,19,20,0.4872,0.3386,0.638,0.4706,0.5,1109.9,1093.4,166.6,LOW_CONFIDENCE
d83b61b3461e6f3d,Teal Mask Ogerpon ex,Teal Mask Ogerpon ex,35,0.501,23,12,0.6571,0.4915,0.7917,0.7619,0.5,1065.0,1081.9,137.7,LOW_CONFIDENCE
219bb78661ad6ccd,Dragapult ex,Dragapult ex,35,0.501,24,11,0.6857,0.5202,0.8145,0.8,0.6,1138.0,1103.0,162.4,LOW_CONFIDENCE
fb6d7f5767de6f81,Team Rocket's Mewtwo ex,Team Rocket's Mewtwo ex,32,0.458,16,16,0.5,0.3363,0.6637,0.7273,0.381,1121.7,1097.1,158.0,LOW_CONFIDENCE
3fe56fcd5e43bce7,Team Rocket's Mewtwo ex,Team Rocket's Mewtwo ex,32,0.458,13,19,0.4062,0.2552,0.5774,0.4667,0.3529,1126.3,1103.6,156.8,LOW_CONFIDENCE
3371c6e0d2105401,UNLABELED,UNLABELED_CLUSTER_04,32,0.458,15,17,0.4688,0.3087,0.6355,0.375,0.5625,1063.4,1109.5,184.0,LOW_CONFIDENCE
aa2398e69a3549ad,UNLABELED,UNLABELED_CLUSTER_03,31,0.444,16,15,0.5161,0.3484,0.6803,0.5333,0.5,1048.5,1049.3,96.1,LOW_CONFIDENCE
0d18cb26af1f820a,Marnie's Grimmsnarl ex,Marnie's Grimmsnarl ex,30,0.43,15,15,0.5,0.3315,0.6685,0.5556,0.4167,1113.6,1081.7,166.5,LOW_CONFIDENCE
c1bdf4d2201556a3,Mega Lopunny ex,Mega Lopunny ex,26,0.372,14,12,0.5385,0.3546,0.7124,0.5385,0.5385,1087.8,1077.3,165.2,LOW_CONFIDENCE
7d6f431b88be3307,Mega Kangaskhan ex,Mega Kangaskhan ex,26,0.372,14,12,0.5385,0.3546,0.7124,0.5625,0.5,1073.2,1105.4,155.7,LOW_CONFIDENCE
bf4fd9046cb2d210,Fezandipiti ex,Fezandipiti ex,21,0.301,12,9,0.5714,0.3655,0.7553,0.625,0.4,1128.8,1114.7,156.3,LOW_CONFIDENCE
f68ccef625779ef7,Fezandipiti ex,Fezandipiti ex,21,0.301,15,6,0.7143,0.5004,0.8619,0.75,0.6923,1035.0,1075.7,177.4,LOW_CONFIDENCE
59aefb1a7dfb20a9,UNLABELED,UNLABELED_CLUSTER_06,20,0.286,10,10,0.5,0.2993,0.7007,0.3333,0.5714,932.9,927.3,79.2,LOW_CONFIDENCE
4d503cd6c360c028,Team Rocket's Mewtwo ex,Team Rocket's Mewtwo ex,20,0.286,11,9,0.55,0.3421,0.7418,0.75,0.4167,1123.3,1115.0,155.4,LOW_CONFIDENCE
abf375974152bc4e,UNLABELED,UNLABELED_CLUSTER_09,20,0.286,13,7,0.65,0.4329,0.8188,0.6923,0.5714,1111.8,1107.1,123.3,LOW_CONFIDENCE
6948b9208b17fad2,UNLABELED,UNLABELED_CLUSTER_10,19,0.272,11,8,0.5789,0.3628,0.7686,0.6,0.5714,1075.0,1049.8,116.7,INSUFFICIENT
dafa1e6efd85150e,UNLABELED,UNLABELED_CLUSTER_04,19,0.272,11,8,0.5789,0.3628,0.7686,0.6667,0.5625,1067.8,1084.4,170.8,INSUFFICIENT
2655572b2591c7f6,Mega Kangaskhan ex,Mega Kangaskhan ex,19,0.272,9,10,0.4737,0.2733,0.6829,0.375,0.5455,1104.2,1098.8,120.3,INSUFFICIENT
afaa4ac744b28ee5,Marnie's Grimmsnarl ex,Marnie's Grimmsnarl ex,18,0.258,10,8,0.5556,0.3372,0.7544,0.875,0.3,1116.3,1091.4,158.8,INSUFFICIENT
147595d71b360f2c,Mega Kangaskhan ex,Mega Kangaskhan ex,17,0.243,7,10,0.4118,0.2161,0.6399,0.4545,0.3333,1081.4,1074.8,118.9,INSUFFICIENT
f90d43e354d19683,Fezandipiti ex,Fezandipiti ex,17,0.243,9,8,0.5294,0.3096,0.7384,0.5,0.5714,1122.4,1125.2,133.6,INSUFFICIENT
bd0509fb088518b1,Team Rocket's Mewtwo ex,Team Rocket's Mewtwo ex,17,0.243,7,10,0.4118,0.2161,0.6399,0.4444,0.375,1127.6,1139.3,164.9,INSUFFICIENT
890af7220ecf499d,UNLABELED,UNLABELED_CLUSTER_02,16,0.229,6,10,0.375,0.1848,0.6136,0.5,0.3571,1098.1,1129.3,126.1,INSUFFICIENT
ffb78ce042dc36d9,Team Rocket's Mewtwo ex,Team Rocket's Mewtwo ex,16,0.229,13,3,0.8125,0.5699,0.9341,0.6667,1.0,1101.6,1092.8,157.4,INSUFFICIENT
d9614beda9774552,UNLABELED,UNLABELED_CLUSTER_11,16,0.229,8,8,0.5,0.28,0.72,0.5,0.5,1090.2,1082.7,127.5,INSUFFICIENT
64e146b2133f7b99,Mega Lucario ex,Mega Lucario ex,16,0.229,6,10,0.375,0.1848,0.6136,0.25,0.5,973.3,943.1,132.9,INSUFFICIENT
bd3a5d98cf29cbc3,Iono's (Bellibolt/Voltorb),Iono's (Bellibolt/Voltorb),15,0.215,5,10,0.3333,0.1518,0.5829,0.3333,0.3333,1003.8,994.3,197.4,INSUFFICIENT
37fabc1f62f64d07,UNLABELED,UNLABELED_CLUSTER_13,15,0.215,9,6,0.6,0.3575,0.8018,0.5385,1.0,1103.5,1110.1,136.4,INSUFFICIENT
89c3e2c479a23d14,Dragapult ex,Dragapult ex,15,0.215,7,8,0.4667,0.2481,0.6988,0.5,0.4286,1049.7,1096.9,192.7,INSUFFICIENT
8907612d396f895a,Marnie's Grimmsnarl ex,Marnie's Grimmsnarl ex,14,0.201,6,8,0.4286,0.2138,0.6741,0.5,0.25,1079.4,1126.3,144.9,INSUFFICIENT
d2e1bedcf0288b4f,UNLABELED,UNLABELED_CLUSTER_08,14,0.201,11,3,0.7857,0.5241,0.9243,0.8,0.75,1072.2,1104.8,121.5,INSUFFICIENT
9d1dad39ec641aa0,Mega Lucario ex,Mega Lucario ex,14,0.201,6,8,0.4286,0.2138,0.6741,0.0,0.4615,1083.2,1120.6,134.3,INSUFFICIENT
a6449dd6b7ace502,Cynthia's Garchomp ex,Cynthia's Garchomp ex,14,0.201,8,6,0.5714,0.3259,0.7862,0.4286,0.7143,1063.2,1100.2,173.3,INSUFFICIENT
e9647ebbaa869e6b,Dragapult ex,Dragapult ex,13,0.186,9,4,0.6923,0.4237,0.8732,0.5,1.0,1077.0,1083.7,185.1,INSUFFICIENT
0065b4cfff358aba,UNLABELED,UNLABELED_CLUSTER_01,13,0.186,8,5,0.6154,0.3552,0.8229,0.5,0.6667,1095.6,1101.6,155.9,INSUFFICIENT
1a6bef5759001c56,Marnie's Grimmsnarl ex,Marnie's Grimmsnarl ex,13,0.186,6,7,0.4615,0.2321,0.7086,0.8,0.25,1106.9,1082.8,168.8,INSUFFICIENT
0fb452788ceca249,Mega Kangaskhan ex,Mega Kangaskhan ex,13,0.186,9,4,0.6923,0.4237,0.8732,0.8571,0.5,1080.0,1092.8,101.5,INSUFFICIENT
156485fe400622e4,UNLABELED,UNLABELED_CLUSTER_02,13,0.186,4,9,0.3077,0.1268,0.5763,0.4444,0.0,1065.0,1087.7,155.1,INSUFFICIENT
fbbd8ac1e662e82c,Fezandipiti ex,Fezandipiti ex,13,0.186,6,7,0.4615,0.2321,0.7086,0.5,0.4286,1106.6,1120.4,150.1,INSUFFICIENT
d19dd275a0b6998b,UNLABELED,UNLABELED_CLUSTER_07,13,0.186,9,4,0.6923,0.4237,0.8732,0.7143,0.6667,1174.3,1128.9,120.8,INSUFFICIENT
61c5f1394e265863,UNLABELED,UNLABELED_CLUSTER_15,12,0.172,9,3,0.75,0.4677,0.9111,0.8,0.7143,1183.4,1132.2,131.1,INSUFFICIENT
3a9221cdc7ce6934,Dragapult ex,Dragapult ex,12,0.172,7,5,0.5833,0.3195,0.8067,0.4286,0.8,1076.5,1108.0,180.0,INSUFFICIENT
102b0ac263351177,Teal Mask Ogerpon ex,Teal Mask Ogerpon ex,12,0.172,6,6,0.5,0.2538,0.7462,0.3333,0.6667,1059.2,1110.3,161.7,INSUFFICIENT
a60edec4f2dfc3e5,Team Rocket's Mewtwo ex,Team Rocket's Mewtwo ex,12,0.172,7,5,0.5833,0.3195,0.8067,0.5714,0.6,1120.9,1106.7,152.6,INSUFFICIENT
07ab87cf5acd3608,Fezandipiti ex,Fezandipiti ex,12,0.172,8,4,0.6667,0.3906,0.8619,0.5714,0.8,1058.0,1092.3,152.8,INSUFFICIENT
fb85400b6df83aa3,Fezandipiti ex,Fezandipiti ex,12,0.172,4,8,0.3333,0.1381,0.6094,0.3333,0.3333,1078.1,1107.8,153.8,INSUFFICIENT
da2a64c2ecaab66a,Mega Abomasnow ex,Mega Abomasnow ex,12,0.172,7,5,0.5833,0.3195,0.8067,0.75,0.25,631.4,685.4,57.8,INSUFFICIENT
f8261f22b9cd0c48,Dragapult ex,Dragapult ex,12,0.172,9,3,0.75,0.4677,0.9111,0.8182,0.0,1050.9,1106.6,180.8,INSUFFICIENT
16eb558bab120cba,Marnie's Grimmsnarl ex,Marnie's Grimmsnarl ex,11,0.158,2,9,0.1818,0.0514,0.477,0.2857,0.0,1075.8,1124.2,141.8,INSUFFICIENT
b166b6b93aa1670b,UNLABELED,UNLABELED_CLUSTER_02,11,0.158,3,8,0.2727,0.0975,0.5657,0.0,0.3,1045.0,1080.7,141.9,INSUFFICIENT
7c0a454617fc9ab4,Mega Kangaskhan ex,Mega Kangaskhan ex,11,0.158,7,4,0.6364,0.3538,0.8483,0.7143,0.5,1129.7,1108.8,119.5,INSUFFICIENT
d27ab9465febb3da,Mega Kangaskhan ex,Mega Kangaskhan ex,11,0.158,6,5,0.5455,0.2801,0.7873,0.625,0.3333,1117.2,1110.0,138.4,INSUFFICIENT
a7d5394d86394bcd,Marnie's Grimmsnarl ex,Marnie's Grimmsnarl ex,10,0.143,4,6,0.4,0.1682,0.6873,0.5,0.25,1079.6,1081.2,180.4,INSUFFICIENT
888826866a5bccdd,Mega Kangaskhan ex,Mega Kangaskhan ex,10,0.143,8,2,0.8,0.4902,0.9433,1.0,0.6,1073.9,1094.0,157.7,INSUFFICIENT
712e7e9d851a570b,Teal Mask Ogerpon ex,Teal Mask Ogerpon ex,10,0.143,6,4,0.6,0.3127,0.8318,0.75,0.5,1010.0,1064.4,150.5,INSUFFICIENT
8417597ea8879a72,UNLABELED,UNLABELED_CLUSTER_16,10,0.143,3,7,0.3,0.1078,0.6032,0.2857,0.3333,1086.1,1111.4,144.0,INSUFFICIENT
a88ac606b2d71a36,UNLABELED,UNLABELED_CLUSTER_04,10,0.143,4,6,0.4,0.1682,0.6873,0.0,0.5,1157.6,1092.0,118.4,INSUFFICIENT
9e430faa7c831500,UNLABELED,UNLABELED_CLUSTER_08,10,0.143,6,4,0.6,0.3127,0.8318,0.6667,0.5,1103.1,1160.8,143.5,INSUFFICIENT
111d0a87c7071fde,Teal Mask Ogerpon ex,Teal Mask Ogerpon ex,10,0.143,5,5,0.5,0.2366,0.7634,0.3333,0.75,1127.3,1085.7,127.7,INSUFFICIENT
fc239cfea35c4828,Marnie's Grimmsnarl ex,Marnie's Grimmsnarl ex,10,0.143,6,4,0.6,0.3127,0.8318,0.5714,0.6667,1090.2,1094.1,189.5,INSUFFICIENT
6f38a6915ee11a29,Mega Kangaskhan ex,Mega Kangaskhan ex,9,0.129,6,3,0.6667,0.3542,0.8794,1.0,0.4,1121.9,1080.1,178.6,INSUFFICIENT
0fe5bb1f17b6b854,Team Rocket's Mewtwo ex,Team Rocket's Mewtwo ex,9,0.129,6,3,0.6667,0.3542,0.8794,0.8571,0.0,1083.0,1137.3,173.3,INSUFFICIENT
24d2f0bf0cee8dde,Fezandipiti ex,Fezandipiti ex,9,0.129,2,7,0.2222,0.0632,0.5474,0.3333,0.0,1068.3,1082.4,171.1,INSUFFICIENT
8ff1e185fabb8099,UNLABELED,UNLABELED_CLUSTER_14,9,0.129,4,5,0.4444,0.1888,0.7334,1.0,0.375,1058.6,1076.5,127.4,INSUFFICIENT
884c0683209ead35,Dragapult ex,Dragapult ex,9,0.129,4,5,0.4444,0.1888,0.7334,0.5,0.4,1103.1,1072.1,185.4,INSUFFICIENT
7d3dd55013032486,Dragapult ex,Dragapult ex,9,0.129,6,3,0.6667,0.3542,0.8794,1.0,0.4,1086.4,1099.2,129.3,INSUFFICIENT
079a59b4e50730a5,Fezandipiti ex,Fezandipiti ex,8,0.115,5,3,0.625,0.3057,0.8632,0.75,0.5,1068.3,1073.2,179.5,INSUFFICIENT
d8c9db09b2d04f55,Marnie's Grimmsnarl ex,Marnie's Grimmsnarl ex,8,0.115,4,4,0.5,0.2152,0.7848,0.6,0.3333,1076.7,1089.3,157.6,INSUFFICIENT
4164643d1cfb5694,UNLABELED,UNLABELED_CLUSTER_17,8,0.115,7,1,0.875,0.5291,0.9776,1.0,0.6667,887.4,882.6,96.0,INSUFFICIENT
057fd0ffbc716756,Mega Kangaskhan ex,Mega Kangaskhan ex,8,0.115,3,5,0.375,0.1368,0.6943,0.6667,0.2,1037.9,1069.5,150.6,INSUFFICIENT
17e0e94afdf4984b,Team Rocket's Mewtwo ex,Team Rocket's Mewtwo ex,8,0.115,5,3,0.625,0.3057,0.8632,0.5,0.75,1070.9,1084.0,160.8,INSUFFICIENT
2da70d7f4cb16df3,Fezandipiti ex,Fezandipiti ex,7,0.1,2,5,0.2857,0.0822,0.6411,0.2,0.5,1075.9,1091.4,144.1,INSUFFICIENT
63cc39b3cfe59c37,Dragapult ex,Dragapult ex,7,0.1,3,4,0.4286,0.1582,0.7495,0.5,0.4,1048.0,1104.0,167.7,INSUFFICIENT
6e15dd0f2dd6c299,Mega Lucario ex,Mega Lucario ex,7,0.1,4,3,0.5714,0.2505,0.8418,1.0,0.4,1071.3,1085.8,175.1,INSUFFICIENT
46b184ae9968549d,Marnie's Grimmsnarl ex,Marnie's Grimmsnarl ex,7,0.1,3,4,0.4286,0.1582,0.7495,0.5,0.3333,1144.5,1083.6,146.4,INSUFFICIENT
7c58f3915e31351e,UNLABELED,UNLABELED_CLUSTER_20,7,0.1,3,4,0.4286,0.1582,0.7495,0.5,0.3333,1098.6,1065.1,120.6,INSUFFICIENT
4fa2d13d3f52f835,Fezandipiti ex,Fezandipiti ex,7,0.1,2,5,0.2857,0.0822,0.6411,0.0,0.4,1111.0,1070.8,162.4,INSUFFICIENT
450b46f82d284492,Teal Mask Ogerpon ex,Teal Mask Ogerpon ex,7,0.1,5,2,0.7143,0.3589,0.9178,1.0,0.5,1059.4,1060.1,163.9,INSUFFICIENT
a3f1d2935659226e,Mega Lucario ex,Mega Lucario ex,7,0.1,2,5,0.2857,0.0822,0.6411,0.1667,1.0,1031.1,1101.3,122.0,INSUFFICIENT
b1513b47b94933fa,Teal Mask Ogerpon ex,Teal Mask Ogerpon ex,7,0.1,3,4,0.4286,0.1582,0.7495,0.6,0.0,1019.6,1049.2,149.4,INSUFFICIENT
bc913d2ec5e06497,Dragapult ex,Dragapult ex,7,0.1,4,3,0.5714,0.2505,0.8418,0.4,1.0,1091.6,1100.0,205.4,INSUFFICIENT
ad9eb15621c47305,UNLABELED,UNLABELED_CLUSTER_07,7,0.1,4,3,0.5714,0.2505,0.8418,0.75,0.3333,1037.5,1036.7,91.9,INSUFFICIENT
c560f1caa3468d1c,UNLABELED,UNLABELED_CLUSTER_06,7,0.1,3,4,0.4286,0.1582,0.7495,0.5,0.0,825.4,866.8,76.0,INSUFFICIENT
9dfcab39e3ed21bf,Teal Mask Ogerpon ex,Teal Mask Ogerpon ex,7,0.1,3,4,0.4286,0.1582,0.7495,,0.4286,1032.5,1051.5,143.6,INSUFFICIENT
8be72bbfa0bafaff,Mega Lucario ex,Mega Lucario ex,7,0.1,3,4,0.4286,0.1582,0.7495,0.5,0.3333,1052.8,1103.2,132.3,INSUFFICIENT
6b960e3ec5086fd3,Fezandipiti ex,Fezandipiti ex,7,0.1,5,2,0.7143,0.3589,0.9178,0.8,0.5,1162.8,1152.8,135.7,INSUFFICIENT
7f6aeb19dceb3577,UNLABELED,UNLABELED_CLUSTER_18,6,0.086,4,2,0.6667,0.3,0.9032,0.6667,0.6667,1099.5,1107.7,118.8,INSUFFICIENT
f59e852fe5450580,Marnie's Grimmsnarl ex,Marnie's Grimmsnarl ex,6,0.086,2,4,0.3333,0.0968,0.7,0.0,0.4,1065.1,1052.6,178.3,INSUFFICIENT
0078ce0f297a4597,Marnie's Grimmsnarl ex,Marnie's Grimmsnarl ex,6,0.086,3,3,0.5,0.1876,0.8124,0.6,0.0,1043.2,1070.4,172.7,INSUFFICIENT
e97ea339c59eb7e9,Team Rocket's Mewtwo ex,Team Rocket's Mewtwo ex,6,0.086,2,4,0.3333,0.0968,0.7,0.5,0.0,1004.5,1026.5,167.2,INSUFFICIENT
e69858a31af3698a,UNLABELED,UNLABELED_CLUSTER_24,6,0.086,4,2,0.6667,0.3,0.9032,1.0,0.3333,1046.2,1084.4,117.3,INSUFFICIENT
393e490e6960de29,Fezandipiti ex,Fezandipiti ex,6,0.086,3,3,0.5,0.1876,0.8124,0.25,1.0,1036.8,1045.1,177.2,INSUFFICIENT
495b41c6bf629ba8,UNLABELED,UNLABELED_CLUSTER_12,6,0.086,2,4,0.3333,0.0968,0.7,0.5,0.25,1090.1,1107.3,87.5,INSUFFICIENT
dec7cdaef424b950,Fezandipiti ex,Fezandipiti ex,6,0.086,3,3,0.5,0.1876,0.8124,0.5,0.5,1157.9,1120.2,136.8,INSUFFICIENT
de141cdc55266782,Dragapult ex,Dragapult ex,6,0.086,2,4,0.3333,0.0968,0.7,,0.3333,1096.4,1054.9,220.3,INSUFFICIENT
3ee0afc0c1b58a95,Dragapult ex,Dragapult ex,6,0.086,3,3,0.5,0.1876,0.8124,0.6667,0.3333,1076.0,1072.8,196.7,INSUFFICIENT
b82361d3db04432f,Marnie's Grimmsnarl ex,Marnie's Grimmsnarl ex,6,0.086,3,3,0.5,0.1876,0.8124,1.0,0.25,1124.4,1094.8,211.2,INSUFFICIENT
cf827fff53a7d57b,UNLABELED,UNLABELED_CLUSTER_07,6,0.086,3,3,0.5,0.1876,0.8124,0.5,0.5,1128.9,1103.2,98.0,INSUFFICIENT
b0ac2e64118eeabf,Teal Mask Ogerpon ex,Teal Mask Ogerpon ex,6,0.086,3,3,0.5,0.1876,0.8124,1.0,0.25,1012.6,1048.5,144.7,INSUFFICIENT
2e79a10ee3ba9449,UNLABELED,UNLABELED_CLUSTER_04,6,0.086,2,4,0.3333,0.0968,0.7,0.0,1.0,1049.5,1082.6,195.2,INSUFFICIENT
2768139fe1eb6d0b,UNLABELED,UNLABELED_CLUSTER_01,6,0.086,0,6,0.0,0.0,0.3903,,0.0,1043.5,1028.8,150.5,INSUFFICIENT
00926e891310648e,Marnie's Grimmsnarl ex,Marnie's Grimmsnarl ex,5,0.072,4,1,0.8,0.3755,0.9638,0.5,1.0,1101.9,1102.6,175.4,INSUFFICIENT
f5fadf03018935e6,Fezandipiti ex,Fezandipiti ex,5,0.072,1,4,0.2,0.0362,0.6245,0.5,0.0,1045.6,1077.6,186.2,INSUFFICIENT
ec75fde5aaa1daf0,UNLABELED,UNLABELED_CLUSTER_03,5,0.072,2,3,0.4,0.1176,0.7693,0.3333,0.5,1189.0,1150.8,103.2,INSUFFICIENT
c5c2d4ee92fd71f5,Mega Kangaskhan ex,Mega Kangaskhan ex,5,0.072,3,2,0.6,0.2307,0.8824,0.5,1.0,1057.7,1096.2,165.4,INSUFFICIENT
c6970cfeed44b34d,Team Rocket's Mewtwo ex,Team Rocket's Mewtwo ex,5,0.072,4,1,0.8,0.3755,0.9638,1.0,0.6667,1117.4,1111.5,177.4,INSUFFICIENT
db6f0378eb8b85ba,Fezandipiti ex,Fezandipiti ex,5,0.072,2,3,0.4,0.1176,0.7693,1.0,0.0,1001.0,1037.1,157.6,INSUFFICIENT
cda996a02f18641b,Marnie's Grimmsnarl ex,Marnie's Grimmsnarl ex,5,0.072,2,3,0.4,0.1176,0.7693,0.0,0.6667,1076.8,1058.3,178.6,INSUFFICIENT
d2b031fb79e19d00,UNLABELED,UNLABELED_CLUSTER_14,5,0.072,1,4,0.2,0.0362,0.6245,,0.2,1066.9,1076.9,128.6,INSUFFICIENT
27b307e62db35245,UNLABELED,UNLABELED_CLUSTER_03,5,0.072,1,4,0.2,0.0362,0.6245,0.0,1.0,1140.6,1142.4,106.0,INSUFFICIENT
52bf12478558b725,Fezandipiti ex,Fezandipiti ex,5,0.072,1,4,0.2,0.0362,0.6245,0.0,1.0,964.5,986.1,169.6,INSUFFICIENT
4911d251036bbddc,Mega Abomasnow ex,Mega Abomasnow ex,5,0.072,3,2,0.6,0.2307,0.8824,0.5,0.6667,697.2,695.0,57.4,INSUFFICIENT
40fa447486e93faf,Teal Mask Ogerpon ex,Teal Mask Ogerpon ex,5,0.072,4,1,0.8,0.3755,0.9638,0.5,1.0,1073.2,1067.3,106.4,INSUFFICIENT
4511e2f8da72f777,UNLABELED,UNLABELED_CLUSTER_12,5,0.072,4,1,0.8,0.3755,0.9638,1.0,0.5,1130.8,1078.4,105.8,INSUFFICIENT
449ba799a24fb205,UNLABELED,UNLABELED_CLUSTER_25,5,0.072,2,3,0.4,0.1176,0.7693,,0.4,1084.0,1094.8,158.4,INSUFFICIENT
3c1906459f149732,Mega Lucario ex,Mega Lucario ex,4,0.057,3,1,0.75,0.3006,0.9544,0.5,1.0,1007.8,968.5,113.8,INSUFFICIENT
fb8f0ed22caee7b4,UNLABELED,UNLABELED_CLUSTER_04,4,0.057,2,2,0.5,0.15,0.85,0.6667,0.0,1013.9,1105.8,151.2,INSUFFICIENT
c24bf0ab54319e9f,UNLABELED,UNLABELED_CLUSTER_18,4,0.057,1,3,0.25,0.0456,0.6994,0.0,0.3333,1139.6,1065.7,104.8,INSUFFICIENT
c2b584b6ca73cc31,Dragapult ex,Dragapult ex,4,0.057,3,1,0.75,0.3006,0.9544,1.0,0.6667,1011.2,1056.7,196.2,INSUFFICIENT
50f4fed941e7bd61,UNLABELED,UNLABELED_CLUSTER_26,4,0.057,1,3,0.25,0.0456,0.6994,0.25,,1090.2,1115.7,113.2,INSUFFICIENT
587e178e82ddbea5,Marnie's Grimmsnarl ex,Marnie's Grimmsnarl ex,4,0.057,1,3,0.25,0.0456,0.6994,0.25,,1001.9,1043.5,166.0,INSUFFICIENT
d11306618e7ece62,Mega Kangaskhan ex,Mega Kangaskhan ex,4,0.057,1,3,0.25,0.0456,0.6994,0.5,0.0,1018.3,1056.6,162.8,INSUFFICIENT
d47d8a3b679e2d6f,Dragapult ex,Dragapult ex,4,0.057,0,4,0.0,0.0,0.4899,0.0,,1061.1,1095.7,214.8,INSUFFICIENT
a38180053506b20f,UNLABELED,UNLABELED_CLUSTER_01,4,0.057,4,0,1.0,0.5101,1.0,1.0,,1027.1,1082.7,173.2,INSUFFICIENT
b5d70706436c5264,Marnie's Grimmsnarl ex,Marnie's Grimmsnarl ex,4,0.057,1,3,0.25,0.0456,0.6994,1.0,0.0,1135.0,1078.9,142.8,INSUFFICIENT
6549b75f119a0b62,Teal Mask Ogerpon ex,Teal Mask Ogerpon ex,4,0.057,3,1,0.75,0.3006,0.9544,0.6667,1.0,989.0,1028.1,182.5,INSUFFICIENT
a77981dc1b5cc27c,Teal Mask Ogerpon ex,Teal Mask Ogerpon ex,4,0.057,2,2,0.5,0.15,0.85,1.0,0.3333,1018.4,1017.6,167.8,INSUFFICIENT
31235eddd9aefebc,UNLABELED,UNLABELED_CLUSTER_01,4,0.057,3,1,0.75,0.3006,0.9544,0.5,1.0,1137.8,1066.1,128.5,INSUFFICIENT
b13b062a5e20bcf3,Cynthia's Garchomp ex,Cynthia's Garchomp ex,4,0.057,1,3,0.25,0.0456,0.6994,0.0,0.5,1070.8,1076.5,155.8,INSUFFICIENT
8da9c9d12374effd,Fezandipiti ex,Fezandipiti ex,4,0.057,1,3,0.25,0.0456,0.6994,0.5,0.0,1116.5,1080.1,136.2,INSUFFICIENT
9c8099036f7d7f16,UNLABELED,UNLABELED_CLUSTER_11,4,0.057,3,1,0.75,0.3006,0.9544,0.6667,1.0,1182.4,1161.7,129.8,INSUFFICIENT
7f16d36ae4847ce5,Marnie's Grimmsnarl ex,Marnie's Grimmsnarl ex,4,0.057,2,2,0.5,0.15,0.85,,0.5,1061.7,1045.4,166.8,INSUFFICIENT
0bf953f8612d58ea,UNLABELED,UNLABELED_CLUSTER_19,4,0.057,3,1,0.75,0.3006,0.9544,1.0,0.6667,1025.1,1045.2,128.0,INSUFFICIENT
7436a436fd90a94d,UNLABELED,UNLABELED_CLUSTER_23,4,0.057,4,0,1.0,0.5101,1.0,1.0,1.0,1139.8,1119.7,161.5,INSUFFICIENT
8945c20fc38af9f1,Team Rocket's Mewtwo ex,Team Rocket's Mewtwo ex,4,0.057,3,1,0.75,0.3006,0.9544,0.6667,1.0,1059.0,1071.0,134.8,INSUFFICIENT
88739802da194717,Fezandipiti ex,Fezandipiti ex,4,0.057,2,2,0.5,0.15,0.85,0.3333,1.0,1150.4,1111.3,151.8,INSUFFICIENT
8ce08ead92022fde,Team Rocket's Mewtwo ex,Team Rocket's Mewtwo ex,4,0.057,1,3,0.25,0.0456,0.6994,0.0,0.3333,1111.7,1053.7,154.5,INSUFFICIENT
8c6a91def4dd5f6c,Mega Kangaskhan ex,Mega Kangaskhan ex,4,0.057,3,1,0.75,0.3006,0.9544,1.0,0.5,1171.2,1155.1,112.0,INSUFFICIENT
902b00d2b6f713c2,UNLABELED,UNLABELED_CLUSTER_01,4,0.057,2,2,0.5,0.15,0.85,0.5,0.5,1122.6,1050.3,167.0,INSUFFICIENT
b8e2515051817ff7,UNLABELED,UNLABELED_CLUSTER_21,4,0.057,2,2,0.5,0.15,0.85,0.6667,0.0,1126.6,1121.3,148.5,INSUFFICIENT
c8c8ca4e003ab163,Marnie's Grimmsnarl ex,Marnie's Grimmsnarl ex,4,0.057,1,3,0.25,0.0456,0.6994,,0.25,1137.4,1061.6,150.5,INSUFFICIENT
6320e3b35bf45d3c,Mega Lopunny ex,Mega Lopunny ex,4,0.057,0,4,0.0,0.0,0.4899,,0.0,1084.1,1062.6,161.0,INSUFFICIENT
6384bf64d82fbece,UNLABELED,UNLABELED_CLUSTER_04,4,0.057,2,2,0.5,0.15,0.85,1.0,0.3333,1027.9,1067.5,178.5,INSUFFICIENT
45d76ffee028359f,Fezandipiti ex,Fezandipiti ex,3,0.043,1,2,0.3333,0.0615,0.7923,1.0,0.0,1061.9,1091.8,166.0,INSUFFICIENT
45ba6b3928b96ea0,Team Rocket's Mewtwo ex,Team Rocket's Mewtwo ex,3,0.043,1,2,0.3333,0.0615,0.7923,0.5,0.0,1144.4,1110.9,166.7,INSUFFICIENT
da98983292e95622,Team Rocket's Mewtwo ex,Team Rocket's Mewtwo ex,3,0.043,2,1,0.6667,0.2077,0.9385,0.6667,,1003.0,1039.3,160.7,INSUFFICIENT
e3d8207f64216ae8,Marnie's Grimmsnarl ex,Marnie's Grimmsnarl ex,3,0.043,1,2,0.3333,0.0615,0.7923,0.5,0.0,1042.9,1091.1,189.3,INSUFFICIENT
da71c738ef47665c,Cynthia's Garchomp ex,Cynthia's Garchomp ex,3,0.043,3,0,1.0,0.4385,1.0,1.0,,1123.7,1110.0,124.3,INSUFFICIENT
0f8ded0dab3abdd6,UNLABELED,UNLABELED_CLUSTER_02,3,0.043,0,3,0.0,0.0,0.5615,0.0,0.0,1192.7,1178.2,138.7,INSUFFICIENT
fd97aba1b0111c21,UNLABELED,UNLABELED_CLUSTER_08,3,0.043,3,0,1.0,0.4385,1.0,1.0,1.0,1069.0,1103.5,132.3,INSUFFICIENT
0b80f6a47f968786,Fezandipiti ex,Fezandipiti ex,3,0.043,0,3,0.0,0.0,0.5615,0.0,0.0,1023.8,1109.6,134.3,INSUFFICIENT
f9b67c5efbba736e,UNLABELED,UNLABELED_CLUSTER_01,3,0.043,2,1,0.6667,0.2077,0.9385,0.6667,,1146.0,1176.8,113.0,INSUFFICIENT
48dcbf6680fdded7,UNLABELED,UNLABELED_CLUSTER_22,3,0.043,3,0,1.0,0.4385,1.0,1.0,1.0,1126.6,1114.0,137.7,INSUFFICIENT
07d37d40a18e4197,UNLABELED,UNLABELED_CLUSTER_31,3,0.043,2,1,0.6667,0.2077,0.9385,1.0,0.5,1094.2,1067.1,180.3,INSUFFICIENT
efd433b04c8c2099,Mega Lopunny ex,Mega Lopunny ex,3,0.043,1,2,0.3333,0.0615,0.7923,0.5,0.0,1068.2,1116.0,123.0,INSUFFICIENT
875223feb861ca74,Marnie's Grimmsnarl ex,Marnie's Grimmsnarl ex,3,0.043,2,1,0.6667,0.2077,0.9385,,0.6667,1040.8,1066.8,142.3,INSUFFICIENT
a08c00547af63ae9,Fezandipiti ex,Fezandipiti ex,3,0.043,2,1,0.6667,0.2077,0.9385,0.6667,,1159.2,1151.2,149.3,INSUFFICIENT
2fa84cd9495ec752,UNLABELED,UNLABELED_CLUSTER_01,3,0.043,1,2,0.3333,0.0615,0.7923,1.0,0.0,1049.1,1085.3,150.3,INSUFFICIENT
7800c70ef460208a,Mega Lucario ex,Mega Lucario ex,3,0.043,1,2,0.3333,0.0615,0.7923,0.0,1.0,1026.7,1103.6,152.3,INSUFFICIENT
71774939c0095e11,Mega Lopunny ex,Mega Lopunny ex,3,0.043,3,0,1.0,0.4385,1.0,1.0,1.0,1026.9,1116.3,153.3,INSUFFICIENT
633a6e693834e6a7,UNLABELED,UNLABELED_CLUSTER_05,3,0.043,1,2,0.3333,0.0615,0.7923,0.5,0.0,1090.5,1084.1,119.7,INSUFFICIENT
b3043b6d5221e93a,Marnie's Grimmsnarl ex,Marnie's Grimmsnarl ex,3,0.043,2,1,0.6667,0.2077,0.9385,,0.6667,1105.2,1062.8,188.7,INSUFFICIENT
842972d3b3962877,Mega Kangaskhan ex,Mega Kangaskhan ex,3,0.043,1,2,0.3333,0.0615,0.7923,1.0,0.0,1224.5,1145.9,129.7,INSUFFICIENT
7e52672c91577618,UNLABELED,UNLABELED_CLUSTER_21,3,0.043,2,1,0.6667,0.2077,0.9385,1.0,0.5,1112.4,1068.8,105.7,INSUFFICIENT
f4f9e0b2dfde5a5c,Marnie's Grimmsnarl ex,Marnie's Grimmsnarl ex,3,0.043,3,0,1.0,0.4385,1.0,1.0,,1048.9,1093.7,192.0,INSUFFICIENT
04ecfe41e2898127,UNLABELED,UNLABELED_CLUSTER_01,3,0.043,3,0,1.0,0.4385,1.0,1.0,1.0,1162.4,1134.9,142.0,INSUFFICIENT
0b99dec21056b2f3,UNLABELED,UNLABELED_CLUSTER_05,3,0.043,2,1,0.6667,0.2077,0.9385,1.0,0.5,1049.1,1013.0,180.7,INSUFFICIENT
74338cad5e6dbc8b,Team Rocket's Mewtwo ex,Team Rocket's Mewtwo ex,3,0.043,2,1,0.6667,0.2077,0.9385,0.5,1.0,1057.6,1091.8,138.3,INSUFFICIENT
f459fe7a54523885,UNLABELED,UNLABELED_CLUSTER_09,3,0.043,1,2,0.3333,0.0615,0.7923,0.0,1.0,1042.2,1082.6,144.7,INSUFFICIENT
74c27650b18b57e3,UNLABELED,UNLABELED_CLUSTER_01,3,0.043,1,2,0.3333,0.0615,0.7923,0.0,0.5,1084.3,1073.7,190.0,INSUFFICIENT
7465611391547243,Dragapult ex,Dragapult ex,3,0.043,2,1,0.6667,0.2077,0.9385,1.0,0.5,1073.7,1041.7,124.0,INSUFFICIENT
54454f5d1343798a,Fezandipiti ex,Fezandipiti ex,3,0.043,0,3,0.0,0.0,0.5615,0.0,0.0,1066.2,1141.3,192.3,INSUFFICIENT
14833e9b4c2389a3,Fezandipiti ex,Fezandipiti ex,3,0.043,1,2,0.3333,0.0615,0.7923,,0.3333,973.8,1034.2,149.3,INSUFFICIENT
c51189f519cd1c07,UNLABELED,UNLABELED_CLUSTER_28,3,0.043,0,3,0.0,0.0,0.5615,0.0,0.0,1063.3,1071.5,131.7,INSUFFICIENT
65c1c1667f96d6d8,Cynthia's Garchomp ex,Cynthia's Garchomp ex,3,0.043,2,1,0.6667,0.2077,0.9385,1.0,0.5,1139.5,1111.0,175.0,INSUFFICIENT
b7fe4794b7f5835b,Cynthia's Garchomp ex,Cynthia's Garchomp ex,3,0.043,1,2,0.3333,0.0615,0.7923,0.0,1.0,1047.3,1075.9,144.0,INSUFFICIENT
1b63cff39ca1b990,Teal Mask Ogerpon ex,Teal Mask Ogerpon ex,3,0.043,2,1,0.6667,0.2077,0.9385,0.5,1.0,986.6,1026.8,126.0,INSUFFICIENT
664b36fb6a71c47d,UNLABELED,UNLABELED_CLUSTER_02,3,0.043,2,1,0.6667,0.2077,0.9385,,0.6667,1092.9,1089.0,216.0,INSUFFICIENT
17d163ba9b2ec58c,UNLABELED,UNLABELED_CLUSTER_30,3,0.043,0,3,0.0,0.0,0.5615,0.0,,1112.4,1145.7,171.0,INSUFFICIENT
54a81ccb36ebe329,Teal Mask Ogerpon ex,Teal Mask Ogerpon ex,3,0.043,3,0,1.0,0.4385,1.0,1.0,1.0,1083.6,1092.3,125.3,INSUFFICIENT
45e8cc6322697f80,UNLABELED,UNLABELED_CLUSTER_07,3,0.043,0,3,0.0,0.0,0.5615,0.0,0.0,1096.7,1089.2,94.3,INSUFFICIENT
1d0dee049c97c9e7,UNLABELED,UNLABELED_CLUSTER_27,3,0.043,3,0,1.0,0.4385,1.0,1.0,1.0,1137.8,1076.2,101.7,INSUFFICIENT
08243e2321f0e11e,Mega Lucario ex,Mega Lucario ex,2,0.029,0,2,0.0,0.0,0.6576,,0.0,1064.9,1072.2,144.5,INSUFFICIENT
e4af24fa5d0d619b,Teal Mask Ogerpon ex,Teal Mask Ogerpon ex,2,0.029,0,2,0.0,0.0,0.6576,0.0,,1028.8,1092.0,150.0,INSUFFICIENT
ecf06b29e2a9ff12,UNLABELED,UNLABELED_CLUSTER_32,2,0.029,2,0,1.0,0.3424,1.0,1.0,1.0,980.7,989.5,124.0,INSUFFICIENT
433c63791dfad146,Fezandipiti ex,Fezandipiti ex,2,0.029,1,1,0.5,0.0945,0.9055,0.5,,982.6,1115.2,134.5,INSUFFICIENT
42c823200429ac49,UNLABELED,UNLABELED_CLUSTER_33,2,0.029,2,0,1.0,0.3424,1.0,1.0,1.0,1019.7,1006.2,132.5,INSUFFICIENT
d5e2e6b068b45bf0,UNLABELED,UNLABELED_CLUSTER_37,2,0.029,1,1,0.5,0.0945,0.9055,0.5,,1032.0,1055.8,217.0,INSUFFICIENT
d60bd450662912be,Dragapult ex,Dragapult ex,2,0.029,0,2,0.0,0.0,0.6576,,0.0,1002.2,1005.0,195.0,INSUFFICIENT
d7c3cf38cf288455,Team Rocket's Mewtwo ex,Team Rocket's Mewtwo ex,2,0.029,1,1,0.5,0.0945,0.9055,,0.5,1160.3,1110.1,244.0,INSUFFICIENT
d97004b63104f708,UNLABELED,UNLABELED_CLUSTER_02,2,0.029,2,0,1.0,0.3424,1.0,,1.0,1094.7,1054.2,125.5,INSUFFICIENT
0e8ba7dfa2b3a1b7,UNLABELED,UNLABELED_CLUSTER_12,2,0.029,1,1,0.5,0.0945,0.9055,,0.5,1023.3,984.7,122.5,INSUFFICIENT
dbd9c475e049b908,Teal Mask Ogerpon ex,Teal Mask Ogerpon ex,2,0.029,1,1,0.5,0.0945,0.9055,1.0,0.0,1034.7,1031.7,118.5,INSUFFICIENT
db7e43390449b177,Marnie's Grimmsnarl ex,Marnie's Grimmsnarl ex,2,0.029,1,1,0.5,0.0945,0.9055,1.0,0.0,1033.7,1059.5,183.5,INSUFFICIENT
1461973842ae99c3,Fezandipiti ex,Fezandipiti ex,2,0.029,1,1,0.5,0.0945,0.9055,,0.5,878.1,839.0,132.5,INSUFFICIENT
e359a7f47a4cb94a,Fezandipiti ex,Fezandipiti ex,2,0.029,0,2,0.0,0.0,0.6576,0.0,0.0,965.5,1020.7,189.5,INSUFFICIENT
e6c8c8b46da53cae,UNLABELED,UNLABELED_CLUSTER_40,2,0.029,1,1,0.5,0.0945,0.9055,1.0,0.0,1119.7,1107.6,173.5,INSUFFICIENT
e4465735c1f698e2,Dragapult ex,Dragapult ex,2,0.029,0,2,0.0,0.0,0.6576,,0.0,621.9,773.7,87.5,INSUFFICIENT
4941578511f48d1e,UNLABELED,UNLABELED_CLUSTER_02,2,0.029,1,1,0.5,0.0945,0.9055,,0.5,1035.7,1084.9,158.5,INSUFFICIENT
48ce6cc5310e298f,UNLABELED,UNLABELED_CLUSTER_02,2,0.029,2,0,1.0,0.3424,1.0,1.0,1.0,1078.3,1032.1,104.0,INSUFFICIENT
47e257e33ef5f5a6,UNLABELED,UNLABELED_CLUSTER_41,2,0.029,0,2,0.0,0.0,0.6576,0.0,0.0,1010.5,1055.4,112.5,INSUFFICIENT
46becdc8f8899835,Fezandipiti ex,Fezandipiti ex,2,0.029,1,1,0.5,0.0945,0.9055,1.0,0.0,1077.8,1045.2,178.5,INSUFFICIENT
4687026fcbc2d0cb,UNLABELED,UNLABELED_CLUSTER_27,2,0.029,2,0,1.0,0.3424,1.0,1.0,1.0,946.6,1031.4,178.5,INSUFFICIENT
429baecf852e7cb3,Fezandipiti ex,Fezandipiti ex,2,0.029,1,1,0.5,0.0945,0.9055,,0.5,1082.9,1057.6,119.5,INSUFFICIENT
424b6ebe66ea61f8,Mega Lopunny ex,Mega Lopunny ex,2,0.029,1,1,0.5,0.0945,0.9055,0.0,1.0,1032.9,1069.0,193.5,INSUFFICIENT
e7e6ae056098df1c,UNLABELED,UNLABELED_CLUSTER_03,2,0.029,2,0,1.0,0.3424,1.0,,1.0,1000.0,1048.5,113.0,INSUFFICIENT
e986f2371864e201,Teal Mask Ogerpon ex,Teal Mask Ogerpon ex,2,0.029,1,1,0.5,0.0945,0.9055,0.0,1.0,1055.4,1062.3,162.0,INSUFFICIENT
c1dbf7dfcca53308,Marnie's Grimmsnarl ex,Marnie's Grimmsnarl ex,2,0.029,1,1,0.5,0.0945,0.9055,1.0,0.0,1016.4,1050.4,179.5,INSUFFICIENT
c4401e2db5bd7036,Dragapult ex,Dragapult ex,2,0.029,1,1,0.5,0.0945,0.9055,,0.5,1144.8,1090.7,169.0,INSUFFICIENT
5391bfeaeabddaaa,Mega Lopunny ex,Mega Lopunny ex,2,0.029,2,0,1.0,0.3424,1.0,1.0,1.0,1001.3,996.1,177.0,INSUFFICIENT
be1ffbbc6c01f2c1,Mega Kangaskhan ex,Mega Kangaskhan ex,2,0.029,1,1,0.5,0.0945,0.9055,1.0,0.0,989.5,1037.0,231.0,INSUFFICIENT
5b0df51eb3e5dafa,Cynthia's Garchomp ex,Cynthia's Garchomp ex,2,0.029,0,2,0.0,0.0,0.6576,0.0,0.0,1128.3,1044.2,174.5,INSUFFICIENT
5c3b250ebbd0471c,UNLABELED,UNLABELED_CLUSTER_01,2,0.029,1,1,0.5,0.0945,0.9055,1.0,0.0,1094.7,1064.6,203.5,INSUFFICIENT
6143634cde029e33,UNLABELED,UNLABELED_CLUSTER_06,2,0.029,2,0,1.0,0.3424,1.0,,1.0,782.8,867.9,121.0,INSUFFICIENT
55a418e3d6a8787d,UNLABELED,UNLABELED_CLUSTER_42,2,0.029,1,1,0.5,0.0945,0.9055,,0.5,1002.2,1050.4,167.5,INSUFFICIENT
cd20dc40ab299bd9,UNLABELED,UNLABELED_CLUSTER_46,2,0.029,1,1,0.5,0.0945,0.9055,0.5,,958.4,1017.9,160.0,INSUFFICIENT
d5466d070c71fde7,Mega Lucario ex,Mega Lucario ex,2,0.029,1,1,0.5,0.0945,0.9055,,0.5,983.5,1004.4,217.0,INSUFFICIENT
d562e376a3d71d6b,Marnie's Grimmsnarl ex,Marnie's Grimmsnarl ex,2,0.029,1,1,0.5,0.0945,0.9055,1.0,0.0,937.5,1048.7,164.5,INSUFFICIENT
d598b9166f5f51ae,Fezandipiti ex,Fezandipiti ex,2,0.029,2,0,1.0,0.3424,1.0,1.0,1.0,1022.5,1104.3,162.0,INSUFFICIENT
a6441a73d162c977,UNLABELED,UNLABELED_CLUSTER_07,2,0.029,1,1,0.5,0.0945,0.9055,0.0,1.0,959.9,1039.9,119.0,INSUFFICIENT
a75a8d5778834ad9,UNLABELED,UNLABELED_CLUSTER_39,2,0.029,1,1,0.5,0.0945,0.9055,,0.5,1088.1,1100.7,134.5,INSUFFICIENT
a847f32547a773fd,UNLABELED,UNLABELED_CLUSTER_05,2,0.029,1,1,0.5,0.0945,0.9055,0.5,,1168.2,1163.0,106.0,INSUFFICIENT
a7ecb399eff72c6a,UNLABELED,UNLABELED_CLUSTER_01,2,0.029,0,2,0.0,0.0,0.6576,0.0,0.0,1104.8,1126.3,124.5,INSUFFICIENT
ac5c7f212a5dd251,UNLABELED,UNLABELED_CLUSTER_02,2,0.029,0,2,0.0,0.0,0.6576,,0.0,1038.9,1092.5,123.5,INSUFFICIENT
ac9855a643a150ea,UNLABELED,UNLABELED_CLUSTER_12,2,0.029,1,1,0.5,0.0945,0.9055,1.0,0.0,1077.7,1121.6,117.0,INSUFFICIENT
b41dab6a922e3a11,Fezandipiti ex,Fezandipiti ex,2,0.029,0,2,0.0,0.0,0.6576,0.0,0.0,1118.0,1080.1,211.0,INSUFFICIENT
b034cc9d268c1961,UNLABELED,UNLABELED_CLUSTER_12,2,0.029,1,1,0.5,0.0945,0.9055,0.0,1.0,1050.1,1093.1,191.5,INSUFFICIENT
b42b2ee66670b06f,UNLABELED,UNLABELED_CLUSTER_34,2,0.029,1,1,0.5,0.0945,0.9055,1.0,0.0,1016.8,1108.5,131.0,INSUFFICIENT
200d57a432545513,Marnie's Grimmsnarl ex,Marnie's Grimmsnarl ex,2,0.029,2,0,1.0,0.3424,1.0,1.0,1.0,972.9,1031.1,180.5,INSUFFICIENT
b943fd9e7cc70064,Mega Kangaskhan ex,Mega Kangaskhan ex,2,0.029,2,0,1.0,0.3424,1.0,1.0,1.0,1104.7,1091.4,156.5,INSUFFICIENT
b9d645da110e5c06,Fezandipiti ex,Fezandipiti ex,2,0.029,1,1,0.5,0.0945,0.9055,0.0,1.0,1002.3,1053.6,181.5,INSUFFICIENT
b4b5a378368fad61,Team Rocket's Mewtwo ex,Team Rocket's Mewtwo ex,2,0.029,0,2,0.0,0.0,0.6576,0.0,0.0,1087.3,1116.0,149.0,INSUFFICIENT
b7308eebc0b485e6,Team Rocket's Mewtwo ex,Team Rocket's Mewtwo ex,2,0.029,1,1,0.5,0.0945,0.9055,0.0,1.0,1055.1,1106.9,199.5,INSUFFICIENT
1a0c457584213a4b,Fezandipiti ex,Fezandipiti ex,2,0.029,1,1,0.5,0.0945,0.9055,0.5,,1024.8,1002.0,112.5,INSUFFICIENT
69b44e61ab6725cf,UNLABELED,UNLABELED_CLUSTER_07,2,0.029,0,2,0.0,0.0,0.6576,,0.0,1101.6,1084.7,136.0,INSUFFICIENT
20ba66c22462a120,UNLABELED,UNLABELED_CLUSTER_06,2,0.029,2,0,1.0,0.3424,1.0,1.0,,985.5,996.1,42.0,INSUFFICIENT
1659ede5d05ada54,Fezandipiti ex,Fezandipiti ex,2,0.029,1,1,0.5,0.0945,0.9055,,0.5,842.1,887.5,129.5,INSUFFICIENT
19e9a6845fd135a0,Fezandipiti ex,Fezandipiti ex,2,0.029,1,1,0.5,0.0945,0.9055,,0.5,1050.9,1126.3,131.0,INSUFFICIENT
18b76759876ddefa,UNLABELED,UNLABELED_CLUSTER_10,2,0.029,1,1,0.5,0.0945,0.9055,0.5,,999.8,986.0,140.0,INSUFFICIENT
cc30dfc61693132d,UNLABELED,UNLABELED_CLUSTER_45,2,0.029,2,0,1.0,0.3424,1.0,1.0,,1015.2,1084.4,109.5,INSUFFICIENT
d263d4de37a37f2b,Fezandipiti ex,Fezandipiti ex,2,0.029,0,2,0.0,0.0,0.6576,0.0,,1075.6,1091.0,141.0,INSUFFICIENT
d1582f2a04774329,Dragapult ex,Dragapult ex,2,0.029,1,1,0.5,0.0945,0.9055,,0.5,958.5,1031.9,204.5,INSUFFICIENT
53f420cb63036c6b,Fezandipiti ex,Fezandipiti ex,2,0.029,1,1,0.5,0.0945,0.9055,0.5,,1085.9,1028.1,168.5,INSUFFICIENT
3da418017b237a5f,Marnie's Grimmsnarl ex,Marnie's Grimmsnarl ex,2,0.029,0,2,0.0,0.0,0.6576,0.0,0.0,1042.5,1054.4,156.0,INSUFFICIENT
9e2749ec691d6925,Dragapult ex,Dragapult ex,2,0.029,1,1,0.5,0.0945,0.9055,,0.5,1007.2,1007.0,215.5,INSUFFICIENT
9d6219ef6950f794,Teal Mask Ogerpon ex,Teal Mask Ogerpon ex,2,0.029,2,0,1.0,0.3424,1.0,1.0,,1003.5,1078.4,115.5,INSUFFICIENT
a61ad8dc4eb8b1d6,UNLABELED,UNLABELED_CLUSTER_01,2,0.029,1,1,0.5,0.0945,0.9055,1.0,0.0,1097.9,1047.1,201.0,INSUFFICIENT
a2a92c0b83d4b6c5,Team Rocket's Mewtwo ex,Team Rocket's Mewtwo ex,2,0.029,2,0,1.0,0.3424,1.0,1.0,,1093.6,1067.7,151.5,INSUFFICIENT
6dda26bc0a584b26,Mega Kangaskhan ex,Mega Kangaskhan ex,2,0.029,1,1,0.5,0.0945,0.9055,,0.5,1126.7,1101.0,165.0,INSUFFICIENT
2dc0367808ff9740,UNLABELED,UNLABELED_CLUSTER_44,2,0.029,0,2,0.0,0.0,0.6576,,0.0,1043.8,1128.9,164.0,INSUFFICIENT
30d909f08c1a652e,Team Rocket's Mewtwo ex,Team Rocket's Mewtwo ex,2,0.029,0,2,0.0,0.0,0.6576,0.0,,1089.7,1160.0,147.0,INSUFFICIENT
2d0a90fa804b68f1,Dragapult ex,Dragapult ex,2,0.029,0,2,0.0,0.0,0.6576,0.0,0.0,1031.3,1065.2,174.0,INSUFFICIENT
898f15c46cf94538,Mega Lucario ex,Mega Lucario ex,2,0.029,1,1,0.5,0.0945,0.9055,0.5,,1027.6,1075.4,127.0,INSUFFICIENT
8d8af3b7021430ef,UNLABELED,UNLABELED_CLUSTER_01,2,0.029,2,0,1.0,0.3424,1.0,1.0,1.0,1054.6,1073.3,182.5,INSUFFICIENT
975a7d1f164387d5,UNLABELED,UNLABELED_CLUSTER_43,2,0.029,0,2,0.0,0.0,0.6576,,0.0,1014.8,1123.3,188.5,INSUFFICIENT
95af6e29bfb80f8c,Teal Mask Ogerpon ex,Teal Mask Ogerpon ex,2,0.029,1,1,0.5,0.0945,0.9055,0.5,,1017.9,1037.9,147.0,INSUFFICIENT
93554da5c89db39a,Mega Kangaskhan ex,Mega Kangaskhan ex,2,0.029,0,2,0.0,0.0,0.6576,0.0,0.0,1112.1,1109.2,195.5,INSUFFICIENT
9043e889671bc0f6,UNLABELED,UNLABELED_CLUSTER_12,2,0.029,1,1,0.5,0.0945,0.9055,1.0,0.0,1143.8,1088.0,134.0,INSUFFICIENT
8f4c6902beadfd10,Fezandipiti ex,Fezandipiti ex,2,0.029,1,1,0.5,0.0945,0.9055,0.5,,633.1,765.7,153.0,INSUFFICIENT
9a800fb2e1b7d966,Marnie's Grimmsnarl ex,Marnie's Grimmsnarl ex,2,0.029,1,1,0.5,0.0945,0.9055,1.0,0.0,1074.1,1118.3,156.0,INSUFFICIENT
95cf523ef7febb46,Mega Lucario ex,Mega Lucario ex,2,0.029,2,0,1.0,0.3424,1.0,1.0,,943.0,942.0,128.0,INSUFFICIENT
22d3f669e8184599,UNLABELED,UNLABELED_CLUSTER_02,2,0.029,0,2,0.0,0.0,0.6576,0.0,0.0,1185.3,1136.2,146.5,INSUFFICIENT
a1e9ec76aecc4e58,Marnie's Grimmsnarl ex,Marnie's Grimmsnarl ex,2,0.029,2,0,1.0,0.3424,1.0,1.0,1.0,1059.5,1102.6,161.0,INSUFFICIENT
70bab7cb8c68f6d0,Mega Abomasnow ex,Mega Abomasnow ex,2,0.029,0,2,0.0,0.0,0.6576,0.0,0.0,742.2,685.5,53.0,INSUFFICIENT
a033289729234cd2,UNLABELED,UNLABELED_CLUSTER_23,2,0.029,1,1,0.5,0.0945,0.9055,1.0,0.0,972.9,948.9,151.0,INSUFFICIENT
74f419fc4f947422,Mega Kangaskhan ex,Mega Kangaskhan ex,2,0.029,1,1,0.5,0.0945,0.9055,,0.5,1055.3,1063.5,102.0,INSUFFICIENT
753c7d1f9e30d5be,UNLABELED,UNLABELED_CLUSTER_01,2,0.029,2,0,1.0,0.3424,1.0,1.0,,978.9,1022.4,149.0,INSUFFICIENT
8646527a9765ecf5,Mega Kangaskhan ex,Mega Kangaskhan ex,2,0.029,2,0,1.0,0.3424,1.0,,1.0,1072.4,1034.2,142.5,INSUFFICIENT
86f48729d55f8661,Fezandipiti ex,Fezandipiti ex,2,0.029,1,1,0.5,0.0945,0.9055,1.0,0.0,1086.4,1054.8,180.0,INSUFFICIENT
272e624d9683e14e,Fezandipiti ex,Fezandipiti ex,2,0.029,1,1,0.5,0.0945,0.9055,0.5,,1237.4,1199.9,77.5,INSUFFICIENT
272e341949227f9c,UNLABELED,UNLABELED_CLUSTER_07,2,0.029,1,1,0.5,0.0945,0.9055,1.0,0.0,1021.4,1038.0,90.0,INSUFFICIENT
28e08086f5844701,UNLABELED,UNLABELED_CLUSTER_22,2,0.029,1,1,0.5,0.0945,0.9055,0.0,1.0,1089.2,1036.9,162.0,INSUFFICIENT
766ca153ce8e65d8,Mega Kangaskhan ex,Mega Kangaskhan ex,2,0.029,1,1,0.5,0.0945,0.9055,1.0,0.0,1098.4,1083.5,134.5,INSUFFICIENT
78424bb7b3831f69,UNLABELED,UNLABELED_CLUSTER_29,2,0.029,0,2,0.0,0.0,0.6576,0.0,,1058.9,1096.5,158.5,INSUFFICIENT
7e126a3431e21d4d,UNLABELED,UNLABELED_CLUSTER_38,2,0.029,1,1,0.5,0.0945,0.9055,0.5,,1189.6,1247.8,83.5,INSUFFICIENT
0e05ea288ae6e6a6,Fezandipiti ex,Fezandipiti ex,2,0.029,1,1,0.5,0.0945,0.9055,,0.5,1112.5,1069.2,163.0,INSUFFICIENT
7d49edaa78ac6f8c,UNLABELED,UNLABELED_CLUSTER_19,2,0.029,2,0,1.0,0.3424,1.0,1.0,,1132.0,1060.3,178.5,INSUFFICIENT
815f539a0c57442e,Team Rocket's Mewtwo ex,Team Rocket's Mewtwo ex,2,0.029,1,1,0.5,0.0945,0.9055,1.0,0.0,1030.5,1051.5,129.0,INSUFFICIENT
0cba3f750cdde2c5,UNLABELED,UNLABELED_CLUSTER_01,2,0.029,0,2,0.0,0.0,0.6576,0.0,0.0,1100.6,1068.4,102.5,INSUFFICIENT
f95d704202ebc6d7,UNLABELED,UNLABELED_CLUSTER_05,2,0.029,0,2,0.0,0.0,0.6576,0.0,0.0,1123.2,1092.8,166.5,INSUFFICIENT
05aba4123d4ac622,Fezandipiti ex,Fezandipiti ex,2,0.029,2,0,1.0,0.3424,1.0,1.0,1.0,1066.2,1074.7,129.5,INSUFFICIENT
01f31cfad9010e89,UNLABELED,UNLABELED_CLUSTER_01,2,0.029,0,2,0.0,0.0,0.6576,0.0,0.0,1099.1,1034.8,104.0,INSUFFICIENT
0173ceef418f1aed,Dragapult ex,Dragapult ex,2,0.029,1,1,0.5,0.0945,0.9055,,0.5,1106.8,1090.2,183.5,INSUFFICIENT
ecb9fd41d48b6ccb,UNLABELED,UNLABELED_CLUSTER_02,1,0.014,0,1,0.0,0.0,0.7935,,0.0,1056.0,1070.5,151.0,INSUFFICIENT
ec6f84cdcccc913b,Fezandipiti ex,Fezandipiti ex,1,0.014,1,0,1.0,0.2065,1.0,1.0,,892.2,1027.8,157.0,INSUFFICIENT
41e645122e9d59c6,Fezandipiti ex,Fezandipiti ex,1,0.014,0,1,0.0,0.0,0.7935,,0.0,937.4,906.6,23.0,INSUFFICIENT
40f1021085a61e0f,Mega Kangaskhan ex,Mega Kangaskhan ex,1,0.014,0,1,0.0,0.0,0.7935,0.0,,1065.0,1116.0,170.0,INSUFFICIENT
3fb280bccb7483a7,UNLABELED,UNLABELED_CLUSTER_06,1,0.014,0,1,0.0,0.0,0.7935,,0.0,727.5,829.7,65.0,INSUFFICIENT
3f1f09c8f684f280,Mega Kangaskhan ex,Mega Kangaskhan ex,1,0.014,0,1,0.0,0.0,0.7935,,0.0,1120.6,1041.5,153.0,INSUFFICIENT
3f0180aa6166785a,UNLABELED,UNLABELED_CLUSTER_02,1,0.014,0,1,0.0,0.0,0.7935,,0.0,1173.8,1206.4,145.0,INSUFFICIENT
00ac5196e6530f86,Marnie's Grimmsnarl ex,Marnie's Grimmsnarl ex,1,0.014,0,1,0.0,0.0,0.7935,0.0,,1035.0,1072.6,141.0,INSUFFICIENT
fbce070f0c6c02f0,Dragapult ex,Dragapult ex,1,0.014,0,1,0.0,0.0,0.7935,,0.0,744.4,648.8,167.0,INSUFFICIENT
fa99a994b272cc28,UNLABELED,UNLABELED_CLUSTER_04,1,0.014,0,1,0.0,0.0,0.7935,,0.0,1097.7,1005.7,262.0,INSUFFICIENT
fa628b3fd76fd4c1,Fezandipiti ex,Fezandipiti ex,1,0.014,0,1,0.0,0.0,0.7935,0.0,,893.7,932.7,132.0,INSUFFICIENT
fa4545d6a064914a,Cynthia's Garchomp ex,Cynthia's Garchomp ex,1,0.014,0,1,0.0,0.0,0.7935,,0.0,1057.8,921.4,189.0,INSUFFICIENT
ec1564bfeb05c103,Mega Lopunny ex,Mega Lopunny ex,1,0.014,0,1,0.0,0.0,0.7935,,0.0,1054.9,963.3,126.0,INSUFFICIENT
eaf1d2f9fc5cc13b,Mega Kangaskhan ex,Mega Kangaskhan ex,1,0.014,0,1,0.0,0.0,0.7935,0.0,,1037.6,1138.0,123.0,INSUFFICIENT
eac7d1e616d44bf4,Fezandipiti ex,Fezandipiti ex,1,0.014,0,1,0.0,0.0,0.7935,,0.0,432.6,340.3,197.0,INSUFFICIENT
e9bb6661a3de3f80,Mega Lucario ex,Mega Lucario ex,1,0.014,0,1,0.0,0.0,0.7935,0.0,,1000.0,1192.9,159.0,INSUFFICIENT
840698aa5f175aeb,Fezandipiti ex,Fezandipiti ex,1,0.014,0,1,0.0,0.0,0.7935,,0.0,1103.7,1049.3,166.0,INSUFFICIENT
834b6eda21fb1237,UNLABELED,UNLABELED_CLUSTER_06,1,0.014,0,1,0.0,0.0,0.7935,,0.0,850.5,923.8,94.0,INSUFFICIENT
81a40d929609bf7c,Mega Lucario ex,Mega Lucario ex,1,0.014,0,1,0.0,0.0,0.7935,0.0,,1160.6,1165.1,125.0,INSUFFICIENT
7eeb119d5acc4906,Fezandipiti ex,Fezandipiti ex,1,0.014,1,0,1.0,0.2065,1.0,,1.0,999.0,996.8,201.0,INSUFFICIENT
7e359b4676816133,UNLABELED,UNLABELED_CLUSTER_04,1,0.014,0,1,0.0,0.0,0.7935,,0.0,1030.2,1124.6,133.0,INSUFFICIENT
7d60eec45120e5f0,UNLABELED,UNLABELED_CLUSTER_02,1,0.014,0,1,0.0,0.0,0.7935,,0.0,1081.2,1034.4,55.0,INSUFFICIENT
7b8dec20710c5b73,UNLABELED,UNLABELED_CLUSTER_48,1,0.014,1,0,1.0,0.2065,1.0,1.0,,741.8,835.6,62.0,INSUFFICIENT
7a3dfdac5c420dd6,UNLABELED,UNLABELED_CLUSTER_07,1,0.014,1,0,1.0,0.2065,1.0,1.0,,1048.9,1123.5,147.0,INSUFFICIENT
797fcd4985090800,Fezandipiti ex,Fezandipiti ex,1,0.014,1,0,1.0,0.2065,1.0,,1.0,1173.9,1093.3,180.0,INSUFFICIENT
795a6c78e1194ccd,Fezandipiti ex,Fezandipiti ex,1,0.014,0,1,0.0,0.0,0.7935,,0.0,1034.7,1095.2,146.0,INSUFFICIENT
79181fc7b7433c70,UNLABELED,UNLABELED_CLUSTER_54,1,0.014,0,1,0.0,0.0,0.7935,0.0,,954.2,1007.3,92.0,INSUFFICIENT
f575288d2b9f7bd3,Team Rocket's Mewtwo ex,Team Rocket's Mewtwo ex,1,0.014,1,0,1.0,0.2065,1.0,,1.0,989.1,975.6,170.0,INSUFFICIENT
f52b72943cdb12d7,UNLABELED,UNLABELED_CLUSTER_53,1,0.014,0,1,0.0,0.0,0.7935,,0.0,1014.6,1000.6,112.0,INSUFFICIENT
f519414181f507a2,UNLABELED,UNLABELED_CLUSTER_05,1,0.014,1,0,1.0,0.2065,1.0,1.0,,988.7,1049.4,181.0,INSUFFICIENT
f3a66a435b68dcf2,UNLABELED,UNLABELED_CLUSTER_62,1,0.014,1,0,1.0,0.2065,1.0,1.0,,832.7,986.7,122.0,INSUFFICIENT
f2d7e132a10b9ad9,Fezandipiti ex,Fezandipiti ex,1,0.014,1,0,1.0,0.2065,1.0,,1.0,1084.4,1050.3,222.0,INSUFFICIENT
772413e4790654e2,UNLABELED,UNLABELED_CLUSTER_01,1,0.014,1,0,1.0,0.2065,1.0,,1.0,1024.3,996.4,127.0,INSUFFICIENT
7702f27dfc110b71,Dragapult ex,Dragapult ex,1,0.014,0,1,0.0,0.0,0.7935,,0.0,1028.1,981.3,142.0,INSUFFICIENT
76d558d342480e95,Mega Lucario ex,Mega Lucario ex,1,0.014,0,1,0.0,0.0,0.7935,,0.0,1164.3,1029.4,242.0,INSUFFICIENT
755af6541b064429,UNLABELED,UNLABELED_CLUSTER_02,1,0.014,0,1,0.0,0.0,0.7935,0.0,,1064.4,1106.7,107.0,INSUFFICIENT
7452774657ad1444,UNLABELED,UNLABELED_CLUSTER_05,1,0.014,0,1,0.0,0.0,0.7935,,0.0,1015.4,914.8,153.0,INSUFFICIENT
73b8e8e2162f22b1,UNLABELED,UNLABELED_CLUSTER_17,1,0.014,0,1,0.0,0.0,0.7935,,0.0,1054.8,1064.4,61.0,INSUFFICIENT
73b0ed38b2c7f5ea,Dragapult ex,Dragapult ex,1,0.014,1,0,1.0,0.2065,1.0,,1.0,997.5,1026.0,192.0,INSUFFICIENT
2a8c2e76cea8afd6,UNLABELED,UNLABELED_CLUSTER_01,1,0.014,1,0,1.0,0.2065,1.0,,1.0,1064.0,921.6,143.0,INSUFFICIENT
2a57f95a0978f0cc,UNLABELED,UNLABELED_CLUSTER_01,1,0.014,0,1,0.0,0.0,0.7935,,0.0,1255.9,1149.2,88.0,INSUFFICIENT
2759046d45c803ab,Dragapult ex,Dragapult ex,1,0.014,0,1,0.0,0.0,0.7935,,0.0,1017.8,948.4,193.0,INSUFFICIENT
87b0ed2ad6405a26,Mega Lucario ex,Mega Lucario ex,1,0.014,1,0,1.0,0.2065,1.0,,1.0,1062.8,1040.8,84.0,INSUFFICIENT
878d8d9ada634b46,UNLABELED,UNLABELED_CLUSTER_03,1,0.014,1,0,1.0,0.2065,1.0,1.0,,980.3,956.8,125.0,INSUFFICIENT
87878bec14a895a0,UNLABELED,UNLABELED_CLUSTER_01,1,0.014,1,0,1.0,0.2065,1.0,,1.0,1155.5,1145.9,183.0,INSUFFICIENT
86c088ba7b657377,Fezandipiti ex,Fezandipiti ex,1,0.014,1,0,1.0,0.2065,1.0,1.0,,1012.2,1024.7,142.0,INSUFFICIENT
86499e4fd823b2f6,UNLABELED,UNLABELED_CLUSTER_61,1,0.014,0,1,0.0,0.0,0.7935,,0.0,1006.0,1013.2,200.0,INSUFFICIENT
8638514a3b38c1c8,Mega Lucario ex,Mega Lucario ex,1,0.014,0,1,0.0,0.0,0.7935,,0.0,908.5,889.1,101.0,INSUFFICIENT
9726a91cb9cdbd95,Marnie's Grimmsnarl ex,Marnie's Grimmsnarl ex,1,0.014,0,1,0.0,0.0,0.7935,0.0,,1035.1,1112.4,216.0,INSUFFICIENT
94f469280059e654,Fezandipiti ex,Fezandipiti ex,1,0.014,1,0,1.0,0.2065,1.0,1.0,,989.7,1099.0,204.0,INSUFFICIENT
94d15b6068715910,UNLABELED,UNLABELED_CLUSTER_36,1,0.014,1,0,1.0,0.2065,1.0,,1.0,982.5,951.2,136.0,INSUFFICIENT
94a74a2b69d27207,UNLABELED,UNLABELED_CLUSTER_59,1,0.014,1,0,1.0,0.2065,1.0,1.0,,901.3,999.6,149.0,INSUFFICIENT
948b0508c38b60ba,UNLABELED,UNLABELED_CLUSTER_05,1,0.014,0,1,0.0,0.0,0.7935,0.0,,928.8,965.5,136.0,INSUFFICIENT
90c1a3f3163f9edd,UNLABELED,UNLABELED_CLUSTER_01,1,0.014,1,0,1.0,0.2065,1.0,,1.0,986.9,919.3,123.0,INSUFFICIENT
9009f46efe8e7721,UNLABELED,UNLABELED_CLUSTER_01,1,0.014,1,0,1.0,0.2065,1.0,1.0,,998.2,1047.3,175.0,INSUFFICIENT
8e82656e634ac2da,UNLABELED,UNLABELED_CLUSTER_02,1,0.014,0,1,0.0,0.0,0.7935,0.0,,1020.2,1082.0,138.0,INSUFFICIENT
8e69a0e7db2dd8a7,Mega Lucario ex,Mega Lucario ex,1,0.014,1,0,1.0,0.2065,1.0,1.0,,1052.2,913.5,68.0,INSUFFICIENT
8e44b412c21c5dfa,UNLABELED,UNLABELED_CLUSTER_01,1,0.014,1,0,1.0,0.2065,1.0,1.0,,1191.6,1137.5,165.0,INSUFFICIENT
8be9c7c4fe9d0254,UNLABELED,UNLABELED_CLUSTER_22,1,0.014,0,1,0.0,0.0,0.7935,0.0,,1012.4,1035.1,145.0,INSUFFICIENT
8b02f194cdf581d4,UNLABELED,UNLABELED_CLUSTER_06,1,0.014,0,1,0.0,0.0,0.7935,,0.0,1057.5,1133.9,114.0,INSUFFICIENT
2dad2c302cbb4a32,UNLABELED,UNLABELED_CLUSTER_03,1,0.014,0,1,0.0,0.0,0.7935,,0.0,1060.2,1099.9,118.0,INSUFFICIENT
2d71c6f1996fb778,Mega Lucario ex,Mega Lucario ex,1,0.014,0,1,0.0,0.0,0.7935,0.0,,721.3,891.0,35.0,INSUFFICIENT
2c9b6cbbab859256,UNLABELED,UNLABELED_CLUSTER_49,1,0.014,0,1,0.0,0.0,0.7935,,0.0,675.8,592.6,52.0,INSUFFICIENT
2b2e5439cf9cc23e,UNLABELED,UNLABELED_CLUSTER_06,1,0.014,1,0,1.0,0.2065,1.0,,1.0,795.8,710.4,66.0,INSUFFICIENT
37e9db4920994509,Dragapult ex,Dragapult ex,1,0.014,1,0,1.0,0.2065,1.0,,1.0,1121.7,1002.4,154.0,INSUFFICIENT
36b9eec2910872dd,Dragapult ex,Dragapult ex,1,0.014,0,1,0.0,0.0,0.7935,,0.0,687.0,611.9,243.0,INSUFFICIENT
3654c8b86446be5e,Mega Kangaskhan ex,Mega Kangaskhan ex,1,0.014,0,1,0.0,0.0,0.7935,,0.0,1035.9,987.2,176.0,INSUFFICIENT
338eafbad291cdbe,UNLABELED,UNLABELED_CLUSTER_34,1,0.014,1,0,1.0,0.2065,1.0,1.0,,1065.9,1187.2,87.0,INSUFFICIENT
9f7b10daf7dc00ca,UNLABELED,UNLABELED_CLUSTER_01,1,0.014,1,0,1.0,0.2065,1.0,1.0,,850.0,831.8,145.0,INSUFFICIENT
9e806ea24e98166b,UNLABELED,UNLABELED_CLUSTER_01,1,0.014,0,1,0.0,0.0,0.7935,0.0,,813.4,880.2,24.0,INSUFFICIENT
9cf95f0d27401a58,Dragapult ex,Dragapult ex,1,0.014,0,1,0.0,0.0,0.7935,,0.0,1102.7,1039.8,244.0,INSUFFICIENT
9c9bdd6f955942f8,UNLABELED,UNLABELED_CLUSTER_52,1,0.014,0,1,0.0,0.0,0.7935,,0.0,955.5,826.5,43.0,INSUFFICIENT
9b0067512e7461eb,Fezandipiti ex,Fezandipiti ex,1,0.014,0,1,0.0,0.0,0.7935,0.0,,1107.7,1222.6,119.0,INSUFFICIENT
9a8414bc1605d25a,Cynthia's Garchomp ex,Cynthia's Garchomp ex,1,0.014,1,0,1.0,0.2065,1.0,,1.0,1092.3,1023.2,176.0,INSUFFICIENT
99ee137d28bac0f3,UNLABELED,UNLABELED_CLUSTER_06,1,0.014,0,1,0.0,0.0,0.7935,,0.0,835.6,741.8,62.0,INSUFFICIENT
999a5669c80f5ad1,UNLABELED,UNLABELED_CLUSTER_17,1,0.014,1,0,1.0,0.2065,1.0,1.0,,870.9,1019.4,83.0,INSUFFICIENT
995f93195aa795aa,Mega Kangaskhan ex,Mega Kangaskhan ex,1,0.014,0,1,0.0,0.0,0.7935,,0.0,1118.0,1098.4,105.0,INSUFFICIENT
9908e937128aa33b,UNLABELED,UNLABELED_CLUSTER_05,1,0.014,0,1,0.0,0.0,0.7935,0.0,,975.0,1070.5,157.0,INSUFFICIENT
98ecdbce8bd61a0f,UNLABELED,UNLABELED_CLUSTER_02,1,0.014,0,1,0.0,0.0,0.7935,,0.0,1101.3,1214.3,52.0,INSUFFICIENT
98df4170353e7c8e,UNLABELED,UNLABELED_CLUSTER_01,1,0.014,0,1,0.0,0.0,0.7935,0.0,,1097.3,1145.5,134.0,INSUFFICIENT
215bc19f41007af0,Dragapult ex,Dragapult ex,1,0.014,0,1,0.0,0.0,0.7935,,0.0,1210.1,1209.4,190.0,INSUFFICIENT
20bd60dc632d10b8,Fezandipiti ex,Fezandipiti ex,1,0.014,0,1,0.0,0.0,0.7935,0.0,,982.4,1142.2,105.0,INSUFFICIENT
a5437fdb9a42f891,Mega Lucario ex,Mega Lucario ex,1,0.014,0,1,0.0,0.0,0.7935,0.0,,996.4,1024.3,127.0,INSUFFICIENT
a52543fc87a97ef2,UNLABELED,UNLABELED_CLUSTER_02,1,0.014,1,0,1.0,0.2065,1.0,1.0,,964.3,997.6,151.0,INSUFFICIENT
a303839777316bee,Marnie's Grimmsnarl ex,Marnie's Grimmsnarl ex,1,0.014,1,0,1.0,0.2065,1.0,1.0,,972.8,1022.5,182.0,INSUFFICIENT
a27827186fbb722b,Mega Kangaskhan ex,Mega Kangaskhan ex,1,0.014,0,1,0.0,0.0,0.7935,0.0,,1097.2,1170.5,134.0,INSUFFICIENT
7398c8069a08a8d1,Mega Lopunny ex,Mega Lopunny ex,1,0.014,1,0,1.0,0.2065,1.0,1.0,,960.6,1044.6,38.0,INSUFFICIENT
72425533dadc98a1,UNLABELED,UNLABELED_CLUSTER_51,1,0.014,1,0,1.0,0.2065,1.0,1.0,,1049.9,1118.1,222.0,INSUFFICIENT
71837a73b1294f82,Mega Lucario ex,Mega Lucario ex,1,0.014,0,1,0.0,0.0,0.7935,0.0,,635.3,720.6,149.0,INSUFFICIENT
713a673323897fef,UNLABELED,UNLABELED_CLUSTER_02,1,0.014,1,0,1.0,0.2065,1.0,,1.0,1092.3,1102.2,169.0,INSUFFICIENT
711c9c6119886c6e,Fezandipiti ex,Fezandipiti ex,1,0.014,1,0,1.0,0.2065,1.0,,1.0,1081.6,1036.7,111.0,INSUFFICIENT
71056fd1f7a89b2a,Marnie's Grimmsnarl ex,Marnie's Grimmsnarl ex,1,0.014,0,1,0.0,0.0,0.7935,,0.0,998.4,996.9,161.0,INSUFFICIENT
7076f6b88c1d7538,Dragapult ex,Dragapult ex,1,0.014,1,0,1.0,0.2065,1.0,,1.0,1064.2,1053.5,165.0,INSUFFICIENT
706f433a5ad22f75,Teal Mask Ogerpon ex,Teal Mask Ogerpon ex,1,0.014,0,1,0.0,0.0,0.7935,0.0,,974.9,1021.9,125.0,INSUFFICIENT
70645f1ff74e9b48,UNLABELED,UNLABELED_CLUSTER_71,1,0.014,0,1,0.0,0.0,0.7935,,0.0,993.5,979.7,113.0,INSUFFICIENT
6f8d904a64e7ca25,Marnie's Grimmsnarl ex,Marnie's Grimmsnarl ex,1,0.014,0,1,0.0,0.0,0.7935,,0.0,1136.6,1050.9,207.0,INSUFFICIENT
247a5dc95aff7788,Mega Lucario ex,Mega Lucario ex,1,0.014,0,1,0.0,0.0,0.7935,0.0,,1006.3,1011.0,132.0,INSUFFICIENT
31075c9e53d1a13d,Dragapult ex,Dragapult ex,1,0.014,0,1,0.0,0.0,0.7935,,0.0,1050.2,1106.6,147.0,INSUFFICIENT
30db1ee024042ec8,Marnie's Grimmsnarl ex,Marnie's Grimmsnarl ex,1,0.014,0,1,0.0,0.0,0.7935,0.0,,1057.8,1091.1,173.0,INSUFFICIENT
2fcf79f31ecdb9ff,Mega Lucario ex,Mega Lucario ex,1,0.014,1,0,1.0,0.2065,1.0,1.0,,764.2,873.2,118.0,INSUFFICIENT
2f94e9ff474c39a1,Mega Lopunny ex,Mega Lopunny ex,1,0.014,1,0,1.0,0.2065,1.0,,1.0,1160.2,1044.1,147.0,INSUFFICIENT
2e6ecf8381bfd901,UNLABELED,UNLABELED_CLUSTER_58,1,0.014,0,1,0.0,0.0,0.7935,,0.0,1022.0,995.9,135.0,INSUFFICIENT
2e52301ff6911308,Mega Kangaskhan ex,Mega Kangaskhan ex,1,0.014,0,1,0.0,0.0,0.7935,0.0,,980.6,1002.4,133.0,INSUFFICIENT
6f11053c647355ae,Fezandipiti ex,Fezandipiti ex,1,0.014,1,0,1.0,0.2065,1.0,,1.0,854.7,707.6,67.0,INSUFFICIENT
6d7d4d82b45a1f8b,Fezandipiti ex,Fezandipiti ex,1,0.014,1,0,1.0,0.2065,1.0,1.0,,1078.3,1055.2,132.0,INSUFFICIENT
6d3e4f8dfdc7aeaf,Team Rocket's Mewtwo ex,Team Rocket's Mewtwo ex,1,0.014,1,0,1.0,0.2065,1.0,,1.0,1053.7,1048.1,167.0,INSUFFICIENT
6ceb5146e7203de6,Cynthia's Garchomp ex,Cynthia's Garchomp ex,1,0.014,0,1,0.0,0.0,0.7935,,0.0,1024.7,1012.2,142.0,INSUFFICIENT
6bcc792fc6e11051,Mega Abomasnow ex,Mega Abomasnow ex,1,0.014,0,1,0.0,0.0,0.7935,0.0,,1049.8,925.7,80.0,INSUFFICIENT
23b16a1d79ac3afc,Fezandipiti ex,Fezandipiti ex,1,0.014,0,1,0.0,0.0,0.7935,,0.0,1113.4,1097.3,163.0,INSUFFICIENT
22e465ba34de23db,Fezandipiti ex,Fezandipiti ex,1,0.014,1,0,1.0,0.2065,1.0,1.0,,1031.1,1111.3,104.0,INSUFFICIENT
22a47c5a1058b921,Fezandipiti ex,Fezandipiti ex,1,0.014,1,0,1.0,0.2065,1.0,1.0,,983.5,984.8,135.0,INSUFFICIENT
2209c374c5fe2353,UNLABELED,UNLABELED_CLUSTER_57,1,0.014,0,1,0.0,0.0,0.7935,0.0,,923.2,1018.3,140.0,INSUFFICIENT
b28bceb540618967,Fezandipiti ex,Fezandipiti ex,1,0.014,1,0,1.0,0.2065,1.0,1.0,,1071.0,1075.5,252.0,INSUFFICIENT
b25e7963304a20a1,Mega Lucario ex,Mega Lucario ex,1,0.014,0,1,0.0,0.0,0.7935,,0.0,862.2,804.7,96.0,INSUFFICIENT
b1af26bae039a041,UNLABELED,UNLABELED_CLUSTER_63,1,0.014,0,1,0.0,0.0,0.7935,0.0,,1071.6,1101.3,144.0,INSUFFICIENT
b1adeb52225c848f,Fezandipiti ex,Fezandipiti ex,1,0.014,0,1,0.0,0.0,0.7935,0.0,,792.5,768.9,152.0,INSUFFICIENT
b114cc9bd6f2c80c,Mega Lucario ex,Mega Lucario ex,1,0.014,1,0,1.0,0.2065,1.0,1.0,,1044.4,1086.2,184.0,INSUFFICIENT
b04165f456e6f563,Mega Lucario ex,Mega Lucario ex,1,0.014,0,1,0.0,0.0,0.7935,0.0,,1165.5,1175.3,165.0,INSUFFICIENT
afdee5230b0c5b97,Fezandipiti ex,Fezandipiti ex,1,0.014,1,0,1.0,0.2065,1.0,1.0,,1034.5,1050.1,144.0,INSUFFICIENT
ae0d14ce9fa3b86f,UNLABELED,UNLABELED_CLUSTER_01,1,0.014,0,1,0.0,0.0,0.7935,0.0,,1035.5,1047.0,133.0,INSUFFICIENT
ae0a52064d430013,Marnie's Grimmsnarl ex,Marnie's Grimmsnarl ex,1,0.014,1,0,1.0,0.2065,1.0,1.0,,1051.3,1057.7,146.0,INSUFFICIENT
aa4a785fce84445d,UNLABELED,UNLABELED_CLUSTER_10,1,0.014,1,0,1.0,0.2065,1.0,,1.0,1047.8,1126.6,110.0,INSUFFICIENT
aa2fdb668e14e9c4,UNLABELED,UNLABELED_CLUSTER_22,1,0.014,1,0,1.0,0.2065,1.0,1.0,,1028.8,1076.7,172.0,INSUFFICIENT
aa0e3183d195e2d3,Mega Lopunny ex,Mega Lopunny ex,1,0.014,0,1,0.0,0.0,0.7935,0.0,,1030.7,1103.6,124.0,INSUFFICIENT
26c6379657a2c820,UNLABELED,UNLABELED_CLUSTER_01,1,0.014,0,1,0.0,0.0,0.7935,0.0,,1023.0,1096.6,166.0,INSUFFICIENT
26bc83edcbd7dada,UNLABELED,UNLABELED_CLUSTER_47,1,0.014,1,0,1.0,0.2065,1.0,1.0,,962.3,991.9,165.0,INSUFFICIENT
25cfcf0100ef1145,UNLABELED,UNLABELED_CLUSTER_22,1,0.014,0,1,0.0,0.0,0.7935,,0.0,1070.5,1011.0,143.0,INSUFFICIENT
248f452e8b8aa953,UNLABELED,UNLABELED_CLUSTER_02,1,0.014,1,0,1.0,0.2065,1.0,,1.0,1172.2,1094.1,127.0,INSUFFICIENT
b55af43e0b922162,UNLABELED,UNLABELED_CLUSTER_01,1,0.014,1,0,1.0,0.2065,1.0,1.0,,1034.0,1061.3,282.0,INSUFFICIENT
b520caec0c3511ff,Dragapult ex,Dragapult ex,1,0.014,0,1,0.0,0.0,0.7935,,0.0,981.2,898.6,191.0,INSUFFICIENT
b4ef20e5475def6f,UNLABELED,UNLABELED_CLUSTER_23,1,0.014,1,0,1.0,0.2065,1.0,1.0,,1001.8,1015.8,235.0,INSUFFICIENT
b4d63a18cb52e991,UNLABELED,UNLABELED_CLUSTER_64,1,0.014,0,1,0.0,0.0,0.7935,0.0,,1078.6,1207.2,170.0,INSUFFICIENT
6b0907ec35e835bd,Teal Mask Ogerpon ex,Teal Mask Ogerpon ex,1,0.014,0,1,0.0,0.0,0.7935,,0.0,1011.3,979.7,51.0,INSUFFICIENT
6a5ea46694ab74f1,Mega Lucario ex,Mega Lucario ex,1,0.014,1,0,1.0,0.2065,1.0,1.0,,1096.4,1111.9,37.0,INSUFFICIENT
6a52f924c124b4df,Fezandipiti ex,Fezandipiti ex,1,0.014,0,1,0.0,0.0,0.7935,0.0,,1173.3,1178.8,148.0,INSUFFICIENT
69d88f938f8b3f54,UNLABELED,UNLABELED_CLUSTER_56,1,0.014,0,1,0.0,0.0,0.7935,,0.0,1122.9,1088.5,221.0,INSUFFICIENT
680da0c6c840cf99,UNLABELED,UNLABELED_CLUSTER_68,1,0.014,0,1,0.0,0.0,0.7935,,0.0,1009.3,985.6,132.0,INSUFFICIENT
671aea4c78b10f87,Mega Kangaskhan ex,Mega Kangaskhan ex,1,0.014,0,1,0.0,0.0,0.7935,,0.0,1136.7,1023.1,183.0,INSUFFICIENT
6620d7bcbd15b965,UNLABELED,UNLABELED_CLUSTER_06,1,0.014,0,1,0.0,0.0,0.7935,,0.0,765.4,870.9,67.0,INSUFFICIENT
6618cabff34b2735,Dragapult ex,Dragapult ex,1,0.014,1,0,1.0,0.2065,1.0,1.0,,1045.1,1096.4,89.0,INSUFFICIENT
637a70372eb9874c,UNLABELED,UNLABELED_CLUSTER_33,1,0.014,0,1,0.0,0.0,0.7935,,0.0,1136.4,1047.1,134.0,INSUFFICIENT
b4469cd28d438fb3,UNLABELED,UNLABELED_CLUSTER_19,1,0.014,0,1,0.0,0.0,0.7935,0.0,,970.0,1035.3,143.0,INSUFFICIENT
b3f8f5a936f62434,Mega Abomasnow ex,Mega Abomasnow ex,1,0.014,1,0,1.0,0.2065,1.0,1.0,,646.7,693.0,114.0,INSUFFICIENT
b303167d8f7d6113,Fezandipiti ex,Fezandipiti ex,1,0.014,0,1,0.0,0.0,0.7935,,0.0,1114.2,1043.5,89.0,INSUFFICIENT
bb2006b5432dd110,Fezandipiti ex,Fezandipiti ex,1,0.014,0,1,0.0,0.0,0.7935,0.0,,599.1,755.9,129.0,INSUFFICIENT
b8a17357fd357b34,Fezandipiti ex,Fezandipiti ex,1,0.014,1,0,1.0,0.2065,1.0,,1.0,1145.5,1097.3,134.0,INSUFFICIENT
b89226f24fe868a6,UNLABELED,UNLABELED_CLUSTER_65,1,0.014,0,1,0.0,0.0,0.7935,0.0,,708.6,834.7,147.0,INSUFFICIENT
b888258643d0b247,UNLABELED,UNLABELED_CLUSTER_70,1,0.014,0,1,0.0,0.0,0.7935,0.0,,1029.1,1147.9,182.0,INSUFFICIENT
b8027dd41807d784,UNLABELED,UNLABELED_CLUSTER_05,1,0.014,1,0,1.0,0.2065,1.0,1.0,,1008.0,1076.3,113.0,INSUFFICIENT
b7d26f5c7d715607,UNLABELED,UNLABELED_CLUSTER_01,1,0.014,0,1,0.0,0.0,0.7935,0.0,,1087.2,1036.5,28.0,INSUFFICIENT
20627125ffab9207,Fezandipiti ex,Fezandipiti ex,1,0.014,0,1,0.0,0.0,0.7935,,0.0,1061.6,983.9,177.0,INSUFFICIENT
1f8703b476d6d38a,Teal Mask Ogerpon ex,Teal Mask Ogerpon ex,1,0.014,1,0,1.0,0.2065,1.0,,1.0,1048.6,1023.4,158.0,INSUFFICIENT
1e58a553d59975a3,Team Rocket's Mewtwo ex,Team Rocket's Mewtwo ex,1,0.014,0,1,0.0,0.0,0.7935,0.0,,1111.5,1183.2,186.0,INSUFFICIENT
1d74e3b00be01a64,Teal Mask Ogerpon ex,Teal Mask Ogerpon ex,1,0.014,0,1,0.0,0.0,0.7935,0.0,,1061.0,1068.3,196.0,INSUFFICIENT
1d4926b966aa2486,Mega Lucario ex,Mega Lucario ex,1,0.014,0,1,0.0,0.0,0.7935,,0.0,1187.1,1004.3,99.0,INSUFFICIENT
1d1ce49f8102bb10,UNLABELED,UNLABELED_CLUSTER_72,1,0.014,1,0,1.0,0.2065,1.0,1.0,,1031.6,1082.3,158.0,INSUFFICIENT
1b96d77f991ff5b1,Mega Lucario ex,Mega Lucario ex,1,0.014,0,1,0.0,0.0,0.7935,0.0,,987.1,1024.9,123.0,INSUFFICIENT
1aab0237a6569b2c,Fezandipiti ex,Fezandipiti ex,1,0.014,0,1,0.0,0.0,0.7935,,0.0,1099.8,1045.2,129.0,INSUFFICIENT
1a151591a6ec4386,UNLABELED,UNLABELED_CLUSTER_01,1,0.014,0,1,0.0,0.0,0.7935,,0.0,971.8,929.9,42.0,INSUFFICIENT
b76538df393ecad6,Mega Lucario ex,Mega Lucario ex,1,0.014,1,0,1.0,0.2065,1.0,,1.0,1030.2,968.0,134.0,INSUFFICIENT
be3a8e357b9439ff,Fezandipiti ex,Fezandipiti ex,1,0.014,1,0,1.0,0.2065,1.0,1.0,,1121.4,980.0,143.0,INSUFFICIENT
bb394cfcc536b3c2,UNLABELED,UNLABELED_CLUSTER_04,1,0.014,0,1,0.0,0.0,0.7935,,0.0,1057.3,988.7,192.0,INSUFFICIENT
bb2d316213f97f70,UNLABELED,UNLABELED_CLUSTER_01,1,0.014,1,0,1.0,0.2065,1.0,1.0,,962.5,965.1,112.0,INSUFFICIENT
619c4f503791d5d8,UNLABELED,UNLABELED_CLUSTER_48,1,0.014,1,0,1.0,0.2065,1.0,1.0,,889.1,908.5,101.0,INSUFFICIENT
60c3e5ab24904782,Dragapult ex,Dragapult ex,1,0.014,0,1,0.0,0.0,0.7935,,0.0,972.0,952.6,164.0,INSUFFICIENT
608037127de0670f,Mega Lucario ex,Mega Lucario ex,1,0.014,0,1,0.0,0.0,0.7935,0.0,,986.4,911.0,182.0,INSUFFICIENT
5f973872992c4b08,UNLABELED,UNLABELED_CLUSTER_02,1,0.014,0,1,0.0,0.0,0.7935,0.0,,1104.3,1173.5,21.0,INSUFFICIENT
5f5f62912ed0d081,Mega Lucario ex,Mega Lucario ex,1,0.014,1,0,1.0,0.2065,1.0,1.0,,965.0,967.9,179.0,INSUFFICIENT
5dc2661b39f914a2,Marnie's Grimmsnarl ex,Marnie's Grimmsnarl ex,1,0.014,1,0,1.0,0.2065,1.0,,1.0,1029.7,1026.3,156.0,INSUFFICIENT
5d6516d5aaf4c75d,Mega Lucario ex,Mega Lucario ex,1,0.014,0,1,0.0,0.0,0.7935,0.0,,1008.5,1016.6,144.0,INSUFFICIENT
5bbe78c7df6a16a2,Mega Kangaskhan ex,Mega Kangaskhan ex,1,0.014,0,1,0.0,0.0,0.7935,,0.0,909.8,862.4,142.0,INSUFFICIENT
59c1b32644e6d6e9,Teal Mask Ogerpon ex,Teal Mask Ogerpon ex,1,0.014,1,0,1.0,0.2065,1.0,,1.0,1078.0,1018.2,114.0,INSUFFICIENT
598876e4552e2f81,Fezandipiti ex,Fezandipiti ex,1,0.014,1,0,1.0,0.2065,1.0,1.0,,1011.0,1070.5,143.0,INSUFFICIENT
5970215cd0f6968c,Mega Lucario ex,Mega Lucario ex,1,0.014,0,1,0.0,0.0,0.7935,0.0,,1024.5,1054.8,115.0,INSUFFICIENT
596d814be92eab55,UNLABELED,UNLABELED_CLUSTER_02,1,0.014,0,1,0.0,0.0,0.7935,0.0,,1160.7,1152.6,150.0,INSUFFICIENT
593615e603566f8f,UNLABELED,UNLABELED_CLUSTER_03,1,0.014,1,0,1.0,0.2065,1.0,1.0,,966.3,942.5,174.0,INSUFFICIENT
c8e3597d524a0e79,Team Rocket's Mewtwo ex,Team Rocket's Mewtwo ex,1,0.014,0,1,0.0,0.0,0.7935,0.0,,1094.1,1172.2,127.0,INSUFFICIENT
c8c1bf9764932d8d,UNLABELED,UNLABELED_CLUSTER_06,1,0.014,0,1,0.0,0.0,0.7935,0.0,,1077.1,1161.2,183.0,INSUFFICIENT
c80ecfa9fa17df43,Mega Lucario ex,Mega Lucario ex,1,0.014,1,0,1.0,0.2065,1.0,,1.0,1140.1,1131.9,159.0,INSUFFICIENT
c7bb3c9d30cf02de,Teal Mask Ogerpon ex,Teal Mask Ogerpon ex,1,0.014,1,0,1.0,0.2065,1.0,1.0,,1052.5,1076.7,62.0,INSUFFICIENT
c7200b56dc7c4c6f,Fezandipiti ex,Fezandipiti ex,1,0.014,1,0,1.0,0.2065,1.0,1.0,,1042.6,1097.1,108.0,INSUFFICIENT
c7178b65df7faade,Mega Kangaskhan ex,Mega Kangaskhan ex,1,0.014,0,1,0.0,0.0,0.7935,0.0,,1037.8,1123.9,256.0,INSUFFICIENT
c6fb751bd0d1b301,UNLABELED,UNLABELED_CLUSTER_20,1,0.014,0,1,0.0,0.0,0.7935,0.0,,1036.7,1081.6,111.0,INSUFFICIENT
c62b983d72cc9030,UNLABELED,UNLABELED_CLUSTER_35,1,0.014,0,1,0.0,0.0,0.7935,,0.0,1197.9,1179.4,129.0,INSUFFICIENT
c61a10379c017038,Mega Lucario ex,Mega Lucario ex,1,0.014,0,1,0.0,0.0,0.7935,,0.0,1050.1,930.0,130.0,INSUFFICIENT
c32b0ee23a53e88a,UNLABELED,UNLABELED_CLUSTER_06,1,0.014,0,1,0.0,0.0,0.7935,,0.0,1019.4,870.9,83.0,INSUFFICIENT
c2ee4dbcdf7ec7e4,UNLABELED,UNLABELED_CLUSTER_28,1,0.014,1,0,1.0,0.2065,1.0,,1.0,1061.2,1052.3,77.0,INSUFFICIENT
c2e2a1d6f6290e71,Dragapult ex,Dragapult ex,1,0.014,1,0,1.0,0.2065,1.0,,1.0,1007.1,1069.6,164.0,INSUFFICIENT
c1a4aa00d710cc27,Dragapult ex,Dragapult ex,1,0.014,1,0,1.0,0.2065,1.0,,1.0,1003.2,1095.0,111.0,INSUFFICIENT
bfe17f933d600385,UNLABELED,UNLABELED_CLUSTER_35,1,0.014,1,0,1.0,0.2065,1.0,,1.0,1076.4,1162.5,129.0,INSUFFICIENT
bfb8a7a58fcd4295,Cynthia's Garchomp ex,Cynthia's Garchomp ex,1,0.014,0,1,0.0,0.0,0.7935,,0.0,1101.9,1065.7,185.0,INSUFFICIENT
bf935b4da2e041b7,Fezandipiti ex,Fezandipiti ex,1,0.014,0,1,0.0,0.0,0.7935,0.0,,1162.5,1076.4,129.0,INSUFFICIENT
c9eba9795f3be059,UNLABELED,UNLABELED_CLUSTER_06,1,0.014,0,1,0.0,0.0,0.7935,,0.0,913.5,1052.2,68.0,INSUFFICIENT
1780347646b3b151,UNLABELED,UNLABELED_CLUSTER_47,1,0.014,1,0,1.0,0.2065,1.0,1.0,,1039.3,1119.5,118.0,INSUFFICIENT
16545c60396b882b,Fezandipiti ex,Fezandipiti ex,1,0.014,0,1,0.0,0.0,0.7935,0.0,,1023.0,1170.2,147.0,INSUFFICIENT
56e7f229dce76854,UNLABELED,UNLABELED_CLUSTER_04,1,0.014,0,1,0.0,0.0,0.7935,0.0,,1061.7,1067.4,105.0,INSUFFICIENT
54a3f4c2301cdbd5,Mega Kangaskhan ex,Mega Kangaskhan ex,1,0.014,1,0,1.0,0.2065,1.0,,1.0,1016.2,977.8,190.0,INSUFFICIENT
543ca4bbd0093585,Fezandipiti ex,Fezandipiti ex,1,0.014,1,0,1.0,0.2065,1.0,1.0,,1107.8,1164.5,128.0,INSUFFICIENT
5386aba595f8d879,Dragapult ex,Dragapult ex,1,0.014,0,1,0.0,0.0,0.7935,0.0,,1051.8,1093.2,176.0,INSUFFICIENT
51b56fb88dab93cf,Teal Mask Ogerpon ex,Teal Mask Ogerpon ex,1,0.014,0,1,0.0,0.0,0.7935,0.0,,989.5,1036.0,323.0,INSUFFICIENT
3c825a3abd501753,UNLABELED,UNLABELED_CLUSTER_02,1,0.014,0,1,0.0,0.0,0.7935,,0.0,1047.1,1040.5,25.0,INSUFFICIENT
3c6df30f8a7a9ba8,Cynthia's Garchomp ex,Cynthia's Garchomp ex,1,0.014,0,1,0.0,0.0,0.7935,0.0,,1042.9,1079.1,187.0,INSUFFICIENT
3c623d17a29ea8c0,UNLABELED,UNLABELED_CLUSTER_07,1,0.014,1,0,1.0,0.2065,1.0,,1.0,1104.1,1044.3,115.0,INSUFFICIENT
16122d69e068716f,Marnie's Grimmsnarl ex,Marnie's Grimmsnarl ex,1,0.014,0,1,0.0,0.0,0.7935,0.0,,1039.2,1122.8,176.0,INSUFFICIENT
15b2a18ec6e238e1,UNLABELED,UNLABELED_CLUSTER_02,1,0.014,1,0,1.0,0.2065,1.0,,1.0,1164.7,1206.1,165.0,INSUFFICIENT
157ad0f02530292c,Mega Abomasnow ex,Mega Abomasnow ex,1,0.014,0,1,0.0,0.0,0.7935,,0.0,797.5,662.4,134.0,INSUFFICIENT
c9a5452977af0b41,UNLABELED,UNLABELED_CLUSTER_69,1,0.014,1,0,1.0,0.2065,1.0,,1.0,1094.3,1069.5,84.0,INSUFFICIENT
c9917240e9bd8067,Fezandipiti ex,Fezandipiti ex,1,0.014,0,1,0.0,0.0,0.7935,0.0,,1027.4,1141.1,182.0,INSUFFICIENT
49c73af4f8ad03d9,UNLABELED,UNLABELED_CLUSTER_67,1,0.014,0,1,0.0,0.0,0.7935,0.0,,1011.3,1133.2,145.0,INSUFFICIENT
d5cacb6709e59f7a,Dragapult ex,Dragapult ex,1,0.014,1,0,1.0,0.2065,1.0,1.0,,1060.6,1150.9,211.0,INSUFFICIENT
d5a00cd9fec5560e,Mega Lucario ex,Mega Lucario ex,1,0.014,1,0,1.0,0.2065,1.0,1.0,,1065.1,1106.0,209.0,INSUFFICIENT
d4a88fa6447152fe,Dragapult ex,Dragapult ex,1,0.014,1,0,1.0,0.2065,1.0,1.0,,1084.3,1097.4,160.0,INSUFFICIENT
d3d944ac94530cb6,UNLABELED,UNLABELED_CLUSTER_05,1,0.014,1,0,1.0,0.2065,1.0,,1.0,971.1,1121.2,134.0,INSUFFICIENT
d28a5e94534aae0c,UNLABELED,UNLABELED_CLUSTER_29,1,0.014,0,1,0.0,0.0,0.7935,0.0,,1146.4,1194.9,161.0,INSUFFICIENT
d253f23f46f8b4ba,UNLABELED,UNLABELED_CLUSTER_32,1,0.014,1,0,1.0,0.2065,1.0,1.0,,988.8,1027.7,127.0,INSUFFICIENT
d17ff875cf148c46,Fezandipiti ex,Fezandipiti ex,1,0.014,0,1,0.0,0.0,0.7935,,0.0,986.7,832.7,122.0,INSUFFICIENT
cf6d10eb0b2ec055,UNLABELED,UNLABELED_CLUSTER_29,1,0.014,1,0,1.0,0.2065,1.0,1.0,,1025.4,1124.7,156.0,INSUFFICIENT
cf3a7feaf2e07bff,UNLABELED,UNLABELED_CLUSTER_01,1,0.014,1,0,1.0,0.2065,1.0,,1.0,1014.0,1089.3,148.0,INSUFFICIENT
cf0f955995a47140,UNLABELED,UNLABELED_CLUSTER_02,1,0.014,0,1,0.0,0.0,0.7935,0.0,,1003.6,1013.0,48.0,INSUFFICIENT
ccd41f8554b530ab,UNLABELED,UNLABELED_CLUSTER_07,1,0.014,1,0,1.0,0.2065,1.0,,1.0,1090.3,1023.7,36.0,INSUFFICIENT
cc84b1b9f1e05949,Dragapult ex,Dragapult ex,1,0.014,1,0,1.0,0.2065,1.0,,1.0,1066.6,1018.5,291.0,INSUFFICIENT
cb942fc9fc700141,Team Rocket's Mewtwo ex,Team Rocket's Mewtwo ex,1,0.014,1,0,1.0,0.2065,1.0,1.0,,1009.8,1022.8,161.0,INSUFFICIENT
cad0e42d5a0a29dd,Dragapult ex,Dragapult ex,1,0.014,0,1,0.0,0.0,0.7935,0.0,,962.4,1030.4,158.0,INSUFFICIENT
ca8556aeaedd5e09,UNLABELED,UNLABELED_CLUSTER_16,1,0.014,0,1,0.0,0.0,0.7935,0.0,,1071.0,1107.9,242.0,INSUFFICIENT
d7849c79633b5627,UNLABELED,UNLABELED_CLUSTER_19,1,0.014,1,0,1.0,0.2065,1.0,1.0,,1009.2,1072.1,141.0,INSUFFICIENT
d618f01afde0c0c5,UNLABELED,UNLABELED_CLUSTER_02,1,0.014,1,0,1.0,0.2065,1.0,,1.0,1077.6,1095.3,144.0,INSUFFICIENT
3b336973fe7b01c6,Dragapult ex,Dragapult ex,1,0.014,0,1,0.0,0.0,0.7935,,0.0,885.7,776.8,162.0,INSUFFICIENT
3aff49e27d78ff81,Dragapult ex,Dragapult ex,1,0.014,0,1,0.0,0.0,0.7935,0.0,,459.8,677.3,22.0,INSUFFICIENT
3a7349781963f0b1,Mega Kangaskhan ex,Mega Kangaskhan ex,1,0.014,1,0,1.0,0.2065,1.0,,1.0,960.4,1011.8,144.0,INSUFFICIENT
38fa8a4262f5f9e0,UNLABELED,UNLABELED_CLUSTER_18,1,0.014,0,1,0.0,0.0,0.7935,,0.0,1088.7,1041.4,146.0,INSUFFICIENT
37fca0625bdfcba0,Cynthia's Garchomp ex,Cynthia's Garchomp ex,1,0.014,1,0,1.0,0.2065,1.0,,1.0,1103.6,1030.7,124.0,INSUFFICIENT
37f128dd13a7fe6c,Mega Lucario ex,Mega Lucario ex,1,0.014,1,0,1.0,0.2065,1.0,1.0,,1029.6,1051.7,154.0,INSUFFICIENT
50bffd8b08d6667c,UNLABELED,UNLABELED_CLUSTER_03,1,0.014,0,1,0.0,0.0,0.7935,,0.0,1026.2,1117.5,71.0,INSUFFICIENT
4c938c6bf506dfd6,UNLABELED,UNLABELED_CLUSTER_50,1,0.014,0,1,0.0,0.0,0.7935,,0.0,1031.2,1086.8,141.0,INSUFFICIENT
4c5a6821e863e617,Mega Kangaskhan ex,Mega Kangaskhan ex,1,0.014,0,1,0.0,0.0,0.7935,0.0,,1010.9,1036.4,151.0,INSUFFICIENT
4ae75c6f572cbf5a,Teal Mask Ogerpon ex,Teal Mask Ogerpon ex,1,0.014,0,1,0.0,0.0,0.7935,0.0,,1002.5,1025.1,127.0,INSUFFICIENT
4a4c8fdc31bc148f,UNLABELED,UNLABELED_CLUSTER_02,1,0.014,0,1,0.0,0.0,0.7935,,0.0,1028.9,1105.8,147.0,INSUFFICIENT
4a4bdaa4cc799960,Dragapult ex,Dragapult ex,1,0.014,0,1,0.0,0.0,0.7935,,0.0,1135.7,1177.6,108.0,INSUFFICIENT
4a12527f6d92c9a2,UNLABELED,UNLABELED_CLUSTER_02,1,0.014,1,0,1.0,0.2065,1.0,,1.0,1009.0,1082.7,205.0,INSUFFICIENT
49d41435c571ef3d,Fezandipiti ex,Fezandipiti ex,1,0.014,1,0,1.0,0.2065,1.0,1.0,,806.9,694.9,166.0,INSUFFICIENT
e06df914d47f033e,Marnie's Grimmsnarl ex,Marnie's Grimmsnarl ex,1,0.014,0,1,0.0,0.0,0.7935,0.0,,1047.1,1120.7,203.0,INSUFFICIENT
dfc731fac71f26f1,UNLABELED,UNLABELED_CLUSTER_19,1,0.014,0,1,0.0,0.0,0.7935,,0.0,1198.5,1150.4,101.0,INSUFFICIENT
dcdb898bf51e0fb7,Mega Lucario ex,Mega Lucario ex,1,0.014,0,1,0.0,0.0,0.7935,,0.0,1076.7,996.2,84.0,INSUFFICIENT
dc762c6de252f8b4,Mega Lopunny ex,Mega Lopunny ex,1,0.014,1,0,1.0,0.2065,1.0,,1.0,1111.5,1070.1,168.0,INSUFFICIENT
dc00190f2a5ba462,Mega Kangaskhan ex,Mega Kangaskhan ex,1,0.014,1,0,1.0,0.2065,1.0,,1.0,1108.2,1019.9,142.0,INSUFFICIENT
dbfc1ba8fdabeb39,UNLABELED,UNLABELED_CLUSTER_07,1,0.014,0,1,0.0,0.0,0.7935,0.0,,1011.1,1039.4,197.0,INSUFFICIENT
11b0a2d81e5449a3,Fezandipiti ex,Fezandipiti ex,1,0.014,0,1,0.0,0.0,0.7935,,0.0,1116.9,1160.5,193.0,INSUFFICIENT
11b04dcb725c356f,Mega Lucario ex,Mega Lucario ex,1,0.014,0,1,0.0,0.0,0.7935,0.0,,1035.1,1110.7,215.0,INSUFFICIENT
11537082a1d27571,Marnie's Grimmsnarl ex,Marnie's Grimmsnarl ex,1,0.014,0,1,0.0,0.0,0.7935,,0.0,1121.5,1243.7,226.0,INSUFFICIENT
104f0ed21c6e5b31,Mega Lopunny ex,Mega Lopunny ex,1,0.014,0,1,0.0,0.0,0.7935,,0.0,1095.3,1071.5,215.0,INSUFFICIENT
102eedd09a52a911,Mega Lucario ex,Mega Lucario ex,1,0.014,1,0,1.0,0.2065,1.0,1.0,,998.1,1002.1,30.0,INSUFFICIENT
101254ad244275c0,UNLABELED,UNLABELED_CLUSTER_35,1,0.014,1,0,1.0,0.2065,1.0,1.0,,1052.9,1142.2,200.0,INSUFFICIENT
0e7a9c48c0fbb1bb,UNLABELED,UNLABELED_CLUSTER_36,1,0.014,0,1,0.0,0.0,0.7935,0.0,,1023.7,1090.3,36.0,INSUFFICIENT
d9022add08284118,Mega Lucario ex,Mega Lucario ex,1,0.014,0,1,0.0,0.0,0.7935,0.0,,1002.7,1073.7,163.0,INSUFFICIENT
d818ad189e127a04,UNLABELED,UNLABELED_CLUSTER_26,1,0.014,1,0,1.0,0.2065,1.0,,1.0,1159.1,1059.9,152.0,INSUFFICIENT
d787bd2fa5f6c5e3,UNLABELED,UNLABELED_CLUSTER_17,1,0.014,0,1,0.0,0.0,0.7935,0.0,,921.6,1049.8,160.0,INSUFFICIENT
e8cc78ff2aca77a9,Mega Lucario ex,Mega Lucario ex,1,0.014,0,1,0.0,0.0,0.7935,0.0,,695.7,763.6,63.0,INSUFFICIENT
e5766997074f72cb,UNLABELED,UNLABELED_CLUSTER_02,1,0.014,1,0,1.0,0.2065,1.0,,1.0,1117.5,1144.6,160.0,INSUFFICIENT
e51fedf968c4efda,UNLABELED,UNLABELED_CLUSTER_02,1,0.014,0,1,0.0,0.0,0.7935,,0.0,1198.4,1079.8,94.0,INSUFFICIENT
e4e79fcca78f4293,Mega Lucario ex,Mega Lucario ex,1,0.014,1,0,1.0,0.2065,1.0,1.0,,914.8,1015.4,153.0,INSUFFICIENT
e4aabd354cc35f91,Dragapult ex,Dragapult ex,1,0.014,1,0,1.0,0.2065,1.0,,1.0,988.8,994.4,168.0,INSUFFICIENT
e44a46bfcc0214e4,UNLABELED,UNLABELED_CLUSTER_21,1,0.014,0,1,0.0,0.0,0.7935,0.0,,1030.2,1054.0,205.0,INSUFFICIENT
48dd52a2dbec2f58,Teal Mask Ogerpon ex,Teal Mask Ogerpon ex,1,0.014,1,0,1.0,0.2065,1.0,,1.0,725.8,648.7,36.0,INSUFFICIENT
48d55595933d4482,Fezandipiti ex,Fezandipiti ex,1,0.014,1,0,1.0,0.2065,1.0,1.0,,995.9,1022.0,135.0,INSUFFICIENT
48462cea7bb2adca,UNLABELED,UNLABELED_CLUSTER_49,1,0.014,1,0,1.0,0.2065,1.0,1.0,,870.9,765.4,67.0,INSUFFICIENT
46e13a8eb7e183af,UNLABELED,UNLABELED_CLUSTER_02,1,0.014,0,1,0.0,0.0,0.7935,,0.0,1111.2,1031.6,146.0,INSUFFICIENT
452f97ef2f4d3154,Mega Lopunny ex,Mega Lopunny ex,1,0.014,0,1,0.0,0.0,0.7935,,0.0,1036.4,953.7,150.0,INSUFFICIENT
43a84eaf17fde18d,Fezandipiti ex,Fezandipiti ex,1,0.014,1,0,1.0,0.2065,1.0,,1.0,1287.1,1165.0,151.0,INSUFFICIENT
438ae9574c66cf2b,Mega Kangaskhan ex,Mega Kangaskhan ex,1,0.014,0,1,0.0,0.0,0.7935,0.0,,977.6,1026.3,139.0,INSUFFICIENT
e2db90241152a724,UNLABELED,UNLABELED_CLUSTER_02,1,0.014,1,0,1.0,0.2065,1.0,,1.0,1210.5,1154.3,162.0,INSUFFICIENT
e219a37a1170ce98,UNLABELED,UNLABELED_CLUSTER_01,1,0.014,1,0,1.0,0.2065,1.0,1.0,,1001.8,1034.6,151.0,INSUFFICIENT
e13fd1ccc84b095d,UNLABELED,UNLABELED_CLUSTER_01,1,0.014,1,0,1.0,0.2065,1.0,,1.0,1116.9,1021.2,196.0,INSUFFICIENT
0069e1f158b8f95c,Mega Kangaskhan ex,Mega Kangaskhan ex,1,0.014,0,1,0.0,0.0,0.7935,,0.0,966.5,1047.5,155.0,INSUFFICIENT
ff6eff37c766e3c7,Team Rocket's Mewtwo ex,Team Rocket's Mewtwo ex,1,0.014,0,1,0.0,0.0,0.7935,,0.0,1078.4,968.9,104.0,INSUFFICIENT
0155f6b15993e7a7,UNLABELED,UNLABELED_CLUSTER_05,1,0.014,1,0,1.0,0.2065,1.0,,1.0,891.0,721.3,35.0,INSUFFICIENT
fce93e7e9e521c17,UNLABELED,UNLABELED_CLUSTER_04,1,0.014,1,0,1.0,0.2065,1.0,1.0,,1139.7,1185.5,145.0,INSUFFICIENT
00932bb6c7f7e12a,Mega Lopunny ex,Mega Lopunny ex,1,0.014,0,1,0.0,0.0,0.7935,,0.0,1093.6,1080.1,152.0,INSUFFICIENT
f62466cb40363d5e,UNLABELED,UNLABELED_CLUSTER_06,1,0.014,0,1,0.0,0.0,0.7935,0.0,,591.2,707.8,25.0,INSUFFICIENT
f5c72d899ca8b632,Mega Lucario ex,Mega Lucario ex,1,0.014,1,0,1.0,0.2065,1.0,1.0,,592.6,675.8,52.0,INSUFFICIENT
086aae342648ca9e,Mega Kangaskhan ex,Mega Kangaskhan ex,1,0.014,0,1,0.0,0.0,0.7935,,0.0,1089.3,1030.7,149.0,INSUFFICIENT
07ff69c74632b4c4,UNLABELED,UNLABELED_CLUSTER_55,1,0.014,1,0,1.0,0.2065,1.0,,1.0,797.7,686.4,96.0,INSUFFICIENT
0741acc7a0a81516,UNLABELED,UNLABELED_CLUSTER_60,1,0.014,0,1,0.0,0.0,0.7935,,0.0,992.0,969.5,231.0,INSUFFICIENT
06382fe8bcef5212,Fezandipiti ex,Fezandipiti ex,1,0.014,1,0,1.0,0.2065,1.0,1.0,,607.9,748.9,90.0,INSUFFICIENT
f12a75c0e5a5c261,UNLABELED,UNLABELED_CLUSTER_08,1,0.014,1,0,1.0,0.2065,1.0,,1.0,993.8,940.7,71.0,INSUFFICIENT
f106156986534f4a,Mega Kangaskhan ex,Mega Kangaskhan ex,1,0.014,1,0,1.0,0.2065,1.0,1.0,,662.4,797.5,134.0,INSUFFICIENT
ef1c3cb4eae26467,UNLABELED,UNLABELED_CLUSTER_02,1,0.014,0,1,0.0,0.0,0.7935,,0.0,1091.8,982.9,143.0,INSUFFICIENT
ef078dead3d0980e,Mega Kangaskhan ex,Mega Kangaskhan ex,1,0.014,0,1,0.0,0.0,0.7935,,0.0,1064.0,1049.3,85.0,INSUFFICIENT
ed8af32e00d56c9a,UNLABELED,UNLABELED_CLUSTER_50,1,0.014,0,1,0.0,0.0,0.7935,,0.0,1101.7,1059.4,123.0,INSUFFICIENT
f26c077f8702317c,Fezandipiti ex,Fezandipiti ex,1,0.014,0,1,0.0,0.0,0.7935,,0.0,1119.5,1039.3,118.0,INSUFFICIENT
f2390a7e5d8e3c94,Mega Lucario ex,Mega Lucario ex,1,0.014,0,1,0.0,0.0,0.7935,0.0,,1035.8,1064.3,153.0,INSUFFICIENT
f2361cdbad25851b,Teal Mask Ogerpon ex,Teal Mask Ogerpon ex,1,0.014,1,0,1.0,0.2065,1.0,,1.0,864.1,828.7,134.0,INSUFFICIENT
0d651d7ecc471d41,Mega Lucario ex,Mega Lucario ex,1,0.014,1,0,1.0,0.2065,1.0,,1.0,873.7,855.4,65.0,INSUFFICIENT
0d2a3e2649f24fb1,UNLABELED,UNLABELED_CLUSTER_66,1,0.014,1,0,1.0,0.2065,1.0,,1.0,1142.8,1005.3,123.0,INSUFFICIENT
f8dc4ccd39e98d12,Marnie's Grimmsnarl ex,Marnie's Grimmsnarl ex,1,0.014,1,0,1.0,0.2065,1.0,1.0,,1008.4,1136.6,145.0,INSUFFICIENT
f86ba61cccf3ccb1,UNLABELED,UNLABELED_CLUSTER_05,1,0.014,1,0,1.0,0.2065,1.0,,1.0,996.4,980.5,20.0,INSUFFICIENT
061e24144a6ce11a,Teal Mask Ogerpon ex,Teal Mask Ogerpon ex,1,0.014,0,1,0.0,0.0,0.7935,0.0,,988.8,1022.0,164.0,INSUFFICIENT
05eb715b17b613fe,Mega Lopunny ex,Mega Lopunny ex,1,0.014,1,0,1.0,0.2065,1.0,1.0,,986.0,990.6,202.0,INSUFFICIENT
05e63c3f2a7ecec1,UNLABELED,UNLABELED_CLUSTER_36,1,0.014,1,0,1.0,0.2065,1.0,,1.0,977.5,958.1,188.0,INSUFFICIENT
05d630ea10f7d16b,Mega Kangaskhan ex,Mega Kangaskhan ex,1,0.014,0,1,0.0,0.0,0.7935,,0.0,1126.0,1008.5,81.0,INSUFFICIENT
05413f44dfa35d63,Marnie's Grimmsnarl ex,Marnie's Grimmsnarl ex,1,0.014,0,1,0.0,0.0,0.7935,0.0,,1004.2,1011.2,209.0,INSUFFICIENT
0416c1e6c4217101,Dragapult ex,Dragapult ex,1,0.014,1,0,1.0,0.2065,1.0,1.0,,1016.8,1060.0,189.0,INSUFFICIENT
029019fef4a5042d,Mega Kangaskhan ex,Mega Kangaskhan ex,1,0.014,0,1,0.0,0.0,0.7935,,0.0,1187.4,1007.8,173.0,INSUFFICIENT
020506086cb2e7b0,Mega Kangaskhan ex,Mega Kangaskhan ex,1,0.014,1,0,1.0,0.2065,1.0,1.0,,898.6,981.2,191.0,INSUFFICIENT
01e3b9c098771ebd,Dragapult ex,Dragapult ex,1,0.014,1,0,1.0,0.2065,1.0,,1.0,601.3,710.3,118.0,INSUFFICIENT
