game_index,decision_index,elapsed_ms,eligible,search_begin_ok,visits
0,0,0.6019,0,0,0
0,1,0.8716,0,0,0
0,2,701.2195,1,1,93
0,3,707.1908,1,1,210
0,4,704.0985,1,1,66
0,5,1.0278,0,0,0
0,6,1.1818,0,0,0
0,7,708.0421,1,1,65
0,8,707.8419,1,1,63
0,9,701.8558,1,1,65
0,10,1.9027,0,0,0
0,11,701.3325,1,1,57
1,0,0.2170,0,0,0
1,1,0.7966,0,0,0
1,2,1.1977,0,0,0
1,3,0.5019,0,0,0
1,4,704.0583,1,1,87
1,5,702.2644,1,1,89
1,6,1.2524,0,0,0
1,7,701.4154,1,1,162
1,8,702.3610,1,1,162
1,9,1.1800,0,0,0
1,10,1.0770,0,0,0
1,11,0.9597,0,0,0
1,12,703.6572,1,1,202
1,13,0.8880,0,0,0
1,14,702.7327,1,1,212
1,15,1.0262,0,0,0
1,16,701.9697,1,1,128
1,17,704.6261,1,1,131
1,18,0.9106,0,0,0
1,19,706.1302,1,1,122
1,20,706.6986,1,1,129
1,21,701.8509,1,1,155
1,22,701.6565,1,1,146
1,23,704.2709,1,1,157
1,24,1.3830,0,0,0
1,25,1.3222,0,0,0
1,26,1.2556,0,0,0
1,27,703.2741,1,1,177
1,28,0.9538,0,0,0
1,29,1.2073,0,0,0
1,30,703.6537,1,1,192
1,31,702.6229,1,1,202
1,32,1.0150,0,0,0
1,33,704.2618,1,1,221
1,34,704.7577,1,1,212
1,35,702.6692,1,1,104
1,36,1.2065,0,0,0
1,37,704.4803,1,1,107
1,38,702.2029,1,1,115
1,39,705.1861,1,1,127
1,40,702.8551,1,1,129
1,41,705.1201,1,1,92
1,42,1.5479,0,0,0
1,43,704.2222,1,1,136
1,44,704.0327,1,1,135
1,45,0.9804,0,0,0
1,46,0.9791,0,0,0
1,47,1.0261,0,0,0
1,48,1.4019,0,0,0
1,49,1.4320,0,0,0
1,50,1.4897,0,0,0
1,51,2.0889,0,0,0
1,52,0.9341,0,0,0
1,53,704.1796,1,1,197
1,54,702.0502,1,1,364
1,55,1.4552,0,0,0
1,56,702.8956,1,1,388
1,57,702.9918,1,1,428
1,58,1.1120,0,0,0
1,59,701.4398,1,1,390
1,60,701.6298,1,1,409
1,61,1.4705,0,0,0
1,62,704.1835,1,1,527
1,63,701.9217,1,1,588
1,64,702.4900,1,1,634
1,65,1.6327,0,0,0
1,66,701.3509,1,1,739
1,67,1.1581,0,0,0
2,0,0.3093,0,0,0
2,1,0.6936,0,0,0
2,2,703.3866,1,1,171
2,3,1.3029,0,0,0
2,4,701.6631,1,1,154
2,5,0.7696,0,0,0
2,6,705.7579,1,1,79
2,7,1.8436,0,0,0
2,8,3.3375,0,0,0
2,9,1.1675,0,0,0
2,10,708.7577,1,1,82
2,11,706.1118,1,1,85
2,12,847.6196,1,1,64
2,13,1.0057,0,0,0
2,14,0.8607,0,0,0
2,15,710.6985,1,1,66
2,16,708.5703,1,1,70
2,17,710.4404,1,1,68
2,18,710.6182,1,1,69
2,19,709.4662,1,1,69
2,20,1.0235,0,0,0
2,21,701.0262,1,1,66
2,22,702.5149,1,1,66
2,23,1.3726,0,0,0
2,24,708.0641,1,1,68
2,25,710.6693,1,1,63
2,26,1.3183,0,0,0
2,27,711.7116,1,1,65
2,28,1.1948,0,0,0
2,29,708.7235,1,1,67
2,30,1.1028,0,0,0
2,31,711.3025,1,1,65
2,32,701.6362,1,1,64
2,33,1.1424,0,0,0
2,34,1.0488,0,0,0
2,35,1.1454,0,0,0
2,36,0.9749,0,0,0
2,37,1.0014,0,0,0
2,38,0.9303,0,0,0
2,39,1.1413,0,0,0
2,40,0.8645,0,0,0
2,41,711.0713,1,1,60
2,42,1.0829,0,0,0
2,43,705.7123,1,1,90
2,44,1.2571,0,0,0
2,45,1.2846,0,0,0
2,46,1.1515,0,0,0
2,47,1.0569,0,0,0
2,48,1.0166,0,0,0
2,49,1.4560,0,0,0
2,50,710.6735,1,1,77
2,51,1.2237,0,0,0
2,52,1.1731,0,0,0
2,53,1.0645,0,0,0
2,54,1.2743,0,0,0
2,55,1.0884,0,0,0
2,56,1.0635,0,0,0
2,57,1.4448,0,0,0
2,58,706.3674,1,1,143
2,59,1.2411,0,0,0
2,60,1.5902,0,0,0
2,61,703.1764,1,1,155
2,62,704.0267,1,1,155
2,63,2.1193,0,0,0
2,64,702.0657,1,1,174
2,65,1.3138,0,0,0
2,66,702.1102,1,1,206
2,67,703.6373,1,1,229
2,68,1.2359,0,0,0
2,69,701.8952,1,1,249
2,70,702.2331,1,1,260
2,71,1.2454,0,0,0
2,72,703.2080,1,1,244
2,73,1.3267,0,0,0
2,74,702.9852,1,1,271
2,75,704.2920,1,1,283
2,76,703.3642,1,1,302
3,0,0.2497,0,0,0
3,1,1.3036,0,0,0
3,2,707.8467,1,1,79
3,3,1.0909,0,0,0
3,4,702.4385,1,1,109
3,5,701.9198,1,1,104
3,6,0.7166,0,0,0
3,7,1.3357,0,0,0
3,8,702.3388,1,1,109
3,9,705.2941,1,1,125
3,10,1.0989,0,0,0
3,11,0.8959,0,0,0
3,12,706.1192,1,1,69
3,13,712.7927,1,1,65
3,14,1.6149,0,0,0
3,15,1.3690,0,0,0
3,16,1.1595,0,0,0
3,17,707.0632,1,1,66
3,18,707.6539,1,1,68
3,19,712.0370,1,1,62
3,20,703.6998,1,1,61
3,21,0.9283,0,0,0
3,22,704.9324,1,1,61
3,23,710.8428,1,1,61
3,24,707.1981,1,1,59
3,25,1.1047,0,0,0
3,26,1.2359,0,0,0
3,27,711.3912,1,1,60
3,28,704.4117,1,1,59
3,29,1.1739,0,0,0
3,30,704.3060,1,1,58
3,31,1.3832,0,0,0
3,32,1.2451,0,0,0
3,33,712.0435,1,1,59
3,34,708.0177,1,1,60
3,35,1.4649,0,0,0
3,36,704.7984,1,1,59
3,37,711.3384,1,1,59
3,38,6.0197,0,0,0
3,39,709.5970,1,1,60
3,40,710.5204,1,1,60
3,41,709.9141,1,1,60
3,42,1.0745,0,0,0
3,43,1.0422,0,0,0
3,44,709.3395,1,1,58
3,45,1.6672,0,0,0
3,46,704.2032,1,1,65
3,47,1.3526,0,0,0
3,48,711.1754,1,1,69
3,49,1.8680,0,0,0
3,50,705.5069,1,1,91
3,51,1.5274,0,0,0
3,52,706.3189,1,1,111
3,53,704.3337,1,1,94
3,54,705.3849,1,1,145
3,55,702.1203,1,1,133
3,56,1.5241,0,0,0
3,57,701.2263,1,1,150
3,58,701.9230,1,1,268
3,59,1.3244,0,0,0
3,60,701.8675,1,1,343
3,61,704.7443,1,1,313
3,62,1.3890,0,0,0
3,63,1.1768,0,0,0
3,64,1.2667,0,0,0
3,65,1.0683,0,0,0
3,66,1.1070,0,0,0
3,67,1.2662,0,0,0
3,68,1.2963,0,0,0
4,0,0.2174,0,0,0
4,1,0.6922,0,0,0
4,2,0.8631,0,0,0
4,3,706.8810,1,1,84
4,4,1.2448,0,0,0
4,5,708.9273,1,1,89
4,6,703.1952,1,1,88
4,7,703.4263,1,1,85
4,8,706.2477,1,1,73
4,9,709.0991,1,1,73
4,10,0.8837,0,0,0
4,11,709.7673,1,1,72
5,0,0.2105,0,0,0
5,1,1.2196,0,0,0
5,2,702.6038,1,1,79
5,3,1.4474,0,0,0
5,4,704.6880,1,1,93
5,5,701.1080,1,1,95
5,6,1.0492,0,0,0
5,7,704.3360,1,1,99
5,8,701.4173,1,1,96
5,9,705.8463,1,1,103
5,10,704.1280,1,1,104
5,11,1.0799,0,0,0
5,12,707.3077,1,1,110
5,13,701.1514,1,1,109
5,14,0.9865,0,0,0
5,15,0.8324,0,0,0
5,16,703.4698,1,1,113
5,17,0.8643,0,0,0
5,18,703.5291,1,1,116
5,19,704.6056,1,1,114
5,20,1.3196,0,0,0
5,21,703.4861,1,1,110
5,22,1.2816,0,0,0
5,23,704.2745,1,1,98
5,24,701.5323,1,1,108
5,25,703.5546,1,1,115
5,26,1.0391,0,0,0
5,27,701.0356,1,1,135
5,28,1.2046,0,0,0
5,29,701.6779,1,1,239
5,30,702.2066,1,1,264
5,31,704.9264,1,1,251
5,32,0.9850,0,0,0
5,33,703.3692,1,1,390
5,34,1.4790,0,0,0
5,35,1.1465,0,0,0
5,36,1.1413,0,0,0
5,37,702.0137,1,1,734
5,38,701.3649,1,1,906
5,39,1.0678,0,0,0
5,40,701.9839,1,1,806
5,41,701.3164,1,1,537
5,42,701.8962,1,1,649
5,43,705.3776,1,1,402
5,44,1.1246,0,0,0
6,0,0.2487,0,0,0
6,1,0.8268,0,0,0
6,2,701.5554,1,1,152
6,3,702.5600,1,1,161
6,4,707.6390,1,1,76
6,5,709.0832,1,1,79
6,6,710.2145,1,1,60
6,7,1.4227,0,0,0
6,8,1.0488,0,0,0
6,9,1.3227,0,0,0
6,10,711.2325,1,1,58
6,11,707.3306,1,1,58
6,12,701.8188,1,1,57
6,13,702.3518,1,1,57
6,14,1.0693,0,0,0
6,15,708.8573,1,1,56
6,16,1.6716,0,0,0
6,17,702.6397,1,1,58
6,18,1.2481,0,0,0
6,19,706.9785,1,1,68
6,20,1.2284,0,0,0
6,21,704.3908,1,1,67
6,22,1.3014,0,0,0
6,23,704.8281,1,1,113
6,24,710.9919,1,1,75
6,25,1.3712,0,0,0
6,26,701.8882,1,1,118
6,27,703.3628,1,1,124
6,28,1.2256,0,0,0
6,29,711.0796,1,1,61
6,30,713.6532,1,1,61
6,31,711.5420,1,1,60
6,32,713.2590,1,1,61
6,33,705.4418,1,1,59
6,34,1.4714,0,0,0
6,35,1.6235,0,0,0
6,36,1.2887,0,0,0
6,37,1.1116,0,0,0
6,38,1.4171,0,0,0
6,39,707.7845,1,1,86
6,40,707.1087,1,1,90
6,41,704.2306,1,1,90
6,42,703.7276,1,1,93
6,43,1.2677,0,0,0
6,44,1.3263,0,0,0
6,45,706.5080,1,1,123
6,46,1.5807,0,0,0
6,47,705.5162,1,1,114
6,48,1.1618,0,0,0
6,49,702.1981,1,1,118
6,50,705.2925,1,1,113
6,51,704.1682,1,1,111
6,52,1.1441,0,0,0
6,53,1.0236,0,0,0
6,54,712.3847,1,1,120
6,55,701.7113,1,1,122
6,56,1.4151,0,0,0
6,57,713.1285,1,1,133
6,58,702.3328,1,1,190
6,59,701.7556,1,1,203
6,60,1.5951,0,0,0
6,61,707.2802,1,1,248
6,62,703.3472,1,1,320
6,63,1.3839,0,0,0
6,64,702.0709,1,1,349
6,65,702.9298,1,1,376
7,0,0.2432,0,0,0
7,1,0.7467,0,0,0
7,2,0.6539,0,0,0
7,3,701.7144,1,1,154
7,4,704.7925,1,1,67
7,5,1.5030,0,0,0
7,6,1.2066,0,0,0
7,7,711.5450,1,1,71
7,8,704.7386,1,1,69
7,9,706.2496,1,1,66
7,10,706.2677,1,1,65
7,11,702.1052,1,1,52
7,12,705.7469,1,1,53
7,13,1.2813,0,0,0
7,14,712.1800,1,1,59
7,15,704.7983,1,1,59
7,16,706.4511,1,1,60
7,17,701.8561,1,1,59
7,18,1.0130,0,0,0
7,19,1.3305,0,0,0
7,20,701.6236,1,1,57
7,21,708.5869,1,1,58
7,22,1.3037,0,0,0
7,23,1.2723,0,0,0
7,24,706.6774,1,1,59
7,25,1.3733,0,0,0
7,26,705.8159,1,1,65
7,27,706.4281,1,1,67
7,28,706.4328,1,1,66
7,29,704.8970,1,1,165
7,30,1.5182,0,0,0
7,31,705.6334,1,1,177
7,32,703.5038,1,1,166
7,33,1.2683,0,0,0
7,34,703.5356,1,1,176
7,35,703.6693,1,1,171
7,36,703.6419,1,1,207
7,37,1.2391,0,0,0
7,38,701.5029,1,1,218
7,39,703.3620,1,1,274
7,40,1.1437,0,0,0
7,41,701.2590,1,1,304
7,42,1.2628,0,0,0
7,43,1.0006,0,0,0
7,44,0.8975,0,0,0
8,0,0.2455,0,0,0
8,1,1.5126,0,0,0
8,2,0.6611,0,0,0
8,3,704.0691,1,1,106
8,4,1.1525,0,0,0
8,5,706.1527,1,1,115
8,6,706.3701,1,1,116
8,7,0.8721,0,0,0
8,8,704.5565,1,1,122
8,9,0.7551,0,0,0
8,10,709.9302,1,1,71
9,0,0.2567,0,0,0
9,1,0.9491,0,0,0
9,2,707.5155,1,1,104
9,3,702.1496,1,1,84
9,4,704.0194,1,1,79
9,5,702.8320,1,1,85
9,6,705.2125,1,1,62
9,7,0.9933,0,0,0
9,8,704.8842,1,1,62
9,9,713.1335,1,1,60
9,10,704.6012,1,1,60
9,11,709.7921,1,1,61
9,12,1.1099,0,0,0
9,13,1.8459,0,0,0
9,14,709.8643,1,1,65
9,15,1.4025,0,0,0
9,16,1.1063,0,0,0
9,17,1.2241,0,0,0
9,18,707.4627,1,1,60
9,19,703.7743,1,1,60
9,20,708.1077,1,1,60
9,21,1.2696,0,0,0
9,22,1.1628,0,0,0
9,23,704.4899,1,1,59
9,24,1.1207,0,0,0
9,25,1.9125,0,0,0
9,26,709.3957,1,1,61
9,27,709.0473,1,1,63
9,28,702.7512,1,1,58
9,29,1.4082,0,0,0
9,30,709.3350,1,1,61
9,31,1.2600,0,0,0
9,32,1.2681,0,0,0
9,33,0.9898,0,0,0
9,34,1.3267,0,0,0
9,35,1.2678,0,0,0
9,36,1.3254,0,0,0
9,37,1.1756,0,0,0
10,0,0.2378,0,0,0
10,1,1.5336,0,0,0
10,2,0.9169,0,0,0
10,3,704.1876,1,1,67
10,4,1.6350,0,0,0
10,5,1.0610,0,0,0
10,6,710.7100,1,1,67
10,7,703.3885,1,1,66
10,8,704.2724,1,1,66
10,9,704.2342,1,1,64
10,10,706.5626,1,1,59
10,11,710.1480,1,1,59
10,12,702.1222,1,1,58
10,13,711.7906,1,1,61
10,14,1.1010,0,0,0
10,15,712.4062,1,1,61
10,16,1.1802,0,0,0
10,17,701.9086,1,1,62
10,18,701.9153,1,1,62
10,19,1.0435,0,0,0
10,20,701.2447,1,1,62
10,21,704.3631,1,1,63
10,22,1.1335,0,0,0
10,23,710.7709,1,1,64
10,24,1.5356,0,0,0
10,25,1.1892,0,0,0
10,26,707.9074,1,1,64
10,27,1.3304,0,0,0
10,28,709.8167,1,1,73
10,29,1.1251,0,0,0
10,30,711.7090,1,1,79
10,31,708.5744,1,1,80
10,32,706.0314,1,1,92
10,33,705.0960,1,1,76
10,34,704.4997,1,1,76
10,35,1.5053,0,0,0
10,36,704.4820,1,1,77
10,37,1.0003,0,0,0
10,38,706.0401,1,1,77
10,39,1.4511,0,0,0
10,40,701.6824,1,1,171
10,41,1.1032,0,0,0
10,42,1.4297,0,0,0
10,43,704.1970,1,1,186
10,44,1.0814,0,0,0
10,45,1.5758,0,0,0
10,46,704.4106,1,1,195
10,47,701.9882,1,1,199
10,48,701.9788,1,1,209
10,49,1.1372,0,0,0
10,50,702.9559,1,1,234
10,51,703.7818,1,1,231
10,52,1.4317,0,0,0
10,53,702.4847,1,1,260
10,54,1.5012,0,0,0
10,55,703.2719,1,1,294
10,56,702.3513,1,1,310
10,57,1.5423,0,0,0
10,58,701.6974,1,1,351
11,0,0.2413,0,0,0
11,1,0.7977,0,0,0
11,2,0.8492,0,0,0
11,3,704.7684,1,1,100
11,4,704.5856,1,1,74
11,5,710.5217,1,1,73
11,6,1.3232,0,0,0
11,7,1.1848,0,0,0
11,8,1.2563,0,0,0
11,9,703.8871,1,1,131
11,10,702.8314,1,1,137
11,11,1.0903,0,0,0
11,12,706.7140,1,1,100
11,13,0.8749,0,0,0
11,14,707.6232,1,1,73
11,15,0.9188,0,0,0
11,16,1.2598,0,0,0
11,17,707.8630,1,1,81
11,18,0.8434,0,0,0
11,19,1.3398,0,0,0
11,20,702.1151,1,1,79
11,21,701.8187,1,1,78
11,22,704.7230,1,1,81
11,23,703.9170,1,1,95
11,24,702.3761,1,1,94
11,25,0.9485,0,0,0
11,26,704.0734,1,1,89
11,27,1.6899,0,0,0
11,28,710.4146,1,1,61
11,29,704.7305,1,1,56
11,30,1.4629,0,0,0
11,31,706.9000,1,1,56
11,32,1.0691,0,0,0
11,33,702.1577,1,1,57
11,34,704.5130,1,1,57
11,35,705.9593,1,1,57
11,36,1.4432,0,0,0
11,37,711.4317,1,1,60
11,38,707.6660,1,1,70
11,39,706.1381,1,1,71
11,40,1.1649,0,0,0
11,41,714.1840,1,1,53
11,42,1.7127,0,0,0
11,43,703.1079,1,1,56
11,44,711.3466,1,1,56
11,45,1.3733,0,0,0
11,46,711.6968,1,1,71
11,47,713.3202,1,1,74
11,48,706.2421,1,1,73
11,49,1.3049,0,0,0
11,50,707.3494,1,1,57
11,51,1.2222,0,0,0
11,52,713.2314,1,1,57
11,53,713.6534,1,1,54
11,54,2.9223,0,0,0
11,55,1.1166,0,0,0
11,56,1.9072,0,0,0
11,57,713.3373,1,1,51
11,58,3.4760,0,0,0
11,59,713.6917,1,1,52
11,60,702.8333,1,1,53
11,61,713.6618,1,1,54
12,0,0.1868,0,0,0
12,1,1.2632,0,0,0
12,2,705.3690,1,1,105
12,3,700.9712,1,1,115
12,4,1.0857,0,0,0
12,5,701.8176,1,1,156
12,6,702.8301,1,1,153
12,7,707.9860,1,1,86
12,8,1.4506,0,0,0
12,9,1.0389,0,0,0
12,10,704.6135,1,1,91
12,11,703.0451,1,1,94
12,12,706.1520,1,1,97
12,13,702.7992,1,1,99
12,14,704.6318,1,1,106
12,15,1.0139,0,0,0
12,16,703.8379,1,1,113
12,17,1.1792,0,0,0
12,18,0.8112,0,0,0
12,19,703.8275,1,1,116
12,20,706.4508,1,1,64
12,21,702.8504,1,1,46
12,22,704.2210,1,1,67
12,23,704.3715,1,1,63
12,24,708.9081,1,1,67
12,25,702.0891,1,1,67
12,26,1.5289,0,0,0
12,27,1.3349,0,0,0
12,28,1.5444,0,0,0
12,29,701.4447,1,1,75
12,30,1.0531,0,0,0
12,31,702.4320,1,1,58
12,32,702.0130,1,1,58
12,33,1.1523,0,0,0
12,34,704.2482,1,1,58
12,35,707.0656,1,1,60
12,36,705.5553,1,1,60
12,37,1.0811,0,0,0
12,38,703.5742,1,1,61
12,39,709.5630,1,1,59
12,40,1.2180,0,0,0
12,41,1.3372,0,0,0
12,42,705.8351,1,1,59
12,43,1.2404,0,0,0
12,44,1.5591,0,0,0
12,45,709.9016,1,1,68
12,46,1.1305,0,0,0
12,47,703.4591,1,1,69
12,48,1.6445,0,0,0
12,49,706.1822,1,1,88
12,50,1.2734,0,0,0
12,51,708.2652,1,1,93
12,52,1.2627,0,0,0
12,53,704.1122,1,1,97
12,54,704.5110,1,1,100
12,55,1.1847,0,0,0
12,56,711.1162,1,1,79
12,57,1.2494,0,0,0
12,58,1.5985,0,0,0
12,59,704.2076,1,1,90
12,60,1.5019,0,0,0
12,61,1.2329,0,0,0
12,62,1.2293,0,0,0
12,63,1.0705,0,0,0
12,64,1.2068,0,0,0
12,65,1.4263,0,0,0
13,0,0.2148,0,0,0
13,1,0.7702,0,0,0
13,2,704.0375,1,1,145
13,3,708.0519,1,1,73
13,4,1.2494,0,0,0
13,5,1.1278,0,0,0
13,6,705.2497,1,1,77
13,7,703.8262,1,1,75
13,8,0.9108,0,0,0
13,9,706.6154,1,1,66
13,10,0.8924,0,0,0
13,11,1.0386,0,0,0
13,12,1.4062,0,0,0
13,13,711.3840,1,1,66
13,14,701.8757,1,1,65
13,15,1.4732,0,0,0
13,16,701.0416,1,1,67
13,17,1.3153,0,0,0
13,18,711.0356,1,1,66
13,19,1.0936,0,0,0
13,20,707.4006,1,1,65
13,21,708.9208,1,1,64
13,22,0.9434,0,0,0
13,23,1.3143,0,0,0
13,24,707.1833,1,1,63
13,25,0.9778,0,0,0
13,26,0.8936,0,0,0
13,27,703.3399,1,1,62
13,28,710.6078,1,1,60
13,29,1.1131,0,0,0
13,30,1.6689,0,0,0
13,31,705.8037,1,1,136
13,32,703.2090,1,1,140
13,33,701.8692,1,1,51
13,34,711.1213,1,1,56
13,35,704.2798,1,1,56
13,36,1.3811,0,0,0
13,37,704.9509,1,1,60
13,38,1.5979,0,0,0
13,39,714.7480,1,1,55
13,40,705.7487,1,1,55
13,41,1.5705,0,0,0
13,42,1.6479,0,0,0
13,43,712.5253,1,1,58
13,44,1.7712,0,0,0
13,45,1.2652,0,0,0
13,46,1.1750,0,0,0
13,47,705.9196,1,1,63
13,48,705.0158,1,1,64
13,49,705.5066,1,1,66
13,50,1.1999,0,0,0
13,51,701.7803,1,1,65
13,52,706.2746,1,1,67
13,53,703.0062,1,1,69
13,54,1.4825,0,0,0
13,55,1.2961,0,0,0
13,56,703.7078,1,1,73
13,57,706.6225,1,1,87
13,58,1.2839,0,0,0
13,59,704.7670,1,1,68
13,60,1.6923,0,0,0
13,61,707.5375,1,1,94
13,62,1.2177,0,0,0
13,63,710.3174,1,1,97
13,64,1.3529,0,0,0
13,65,1.3035,0,0,0
13,66,703.7744,1,1,117
13,67,702.1533,1,1,123
13,68,1.3862,0,0,0
13,69,703.8690,1,1,117
13,70,1.6158,0,0,0
13,71,705.0329,1,1,142
13,72,703.1157,1,1,119
13,73,1.5245,0,0,0
13,74,1.7360,0,0,0
13,75,1.5339,0,0,0
13,76,709.5208,1,1,138
13,77,705.1759,1,1,129
13,78,703.8637,1,1,125
13,79,705.9557,1,1,132
13,80,702.5336,1,1,174
13,81,704.0300,1,1,169
13,82,1.4515,0,0,0
13,83,1.2139,0,0,0
13,84,1.3609,0,0,0
13,85,1.1275,0,0,0
13,86,1.2058,0,0,0
13,87,1.2826,0,0,0
13,88,1.2788,0,0,0
14,0,0.2404,0,0,0
14,1,0.9126,0,0,0
14,2,1.0015,0,0,0
14,3,702.3800,1,1,140
14,4,0.6815,0,0,0
14,5,708.6188,1,1,117
14,6,701.0972,1,1,141
14,7,1.3774,0,0,0
14,8,1.0017,0,0,0
14,9,0.8954,0,0,0
14,10,703.7039,1,1,179
14,11,703.9325,1,1,176
14,12,703.4510,1,1,91
14,13,1.4647,0,0,0
14,14,847.2762,1,1,92
14,15,705.0086,1,1,78
14,16,702.1202,1,1,103
14,17,1.0559,0,0,0
14,18,0.9601,0,0,0
14,19,0.8102,0,0,0
14,20,0.9256,0,0,0
14,21,0.7720,0,0,0
14,22,0.7637,0,0,0
14,23,0.8279,0,0,0
14,24,707.8565,1,1,64
14,25,1.1709,0,0,0
14,26,1.2580,0,0,0
14,27,1.0547,0,0,0
14,28,1.0642,0,0,0
14,29,1.0288,0,0,0
14,30,1.0977,0,0,0
14,31,1.0162,0,0,0
14,32,1.1875,0,0,0
14,33,709.0158,1,1,67
14,34,702.0648,1,1,70
14,35,705.3074,1,1,66
14,36,1.0677,0,0,0
14,37,1.3567,0,0,0
14,38,702.9072,1,1,62
14,39,1.6391,0,0,0
14,40,703.6326,1,1,68
14,41,1.2811,0,0,0
14,42,707.8167,1,1,74
14,43,707.2733,1,1,69
14,44,1.1321,0,0,0
14,45,707.1954,1,1,63
14,46,1.0954,0,0,0
14,47,1.5415,0,0,0
14,48,701.1880,1,1,61
14,49,1.3256,0,0,0
14,50,1.1604,0,0,0
14,51,1.2985,0,0,0
14,52,0.9908,0,0,0
14,53,1.3181,0,0,0
14,54,1.0490,0,0,0
14,55,1.3346,0,0,0
14,56,1.9625,0,0,0
14,57,704.3780,1,1,79
14,58,708.1726,1,1,83
14,59,2.0486,0,0,0
14,60,707.7365,1,1,70
14,61,706.6888,1,1,67
14,62,705.7140,1,1,68
14,63,1.2685,0,0,0
14,64,1.4594,0,0,0
14,65,704.8609,1,1,79
14,66,704.6889,1,1,82
14,67,1.2381,0,0,0
14,68,703.8910,1,1,85
14,69,1.5266,0,0,0
14,70,702.8014,1,1,84
15,0,0.2085,0,0,0
15,1,2.2697,0,0,0
15,2,702.3216,1,1,318
15,3,709.5274,1,1,81
15,4,707.8740,1,1,87
15,5,705.9039,1,1,94
15,6,705.9046,1,1,78
15,7,0.9656,0,0,0
15,8,704.1510,1,1,76
15,9,709.6197,1,1,78
15,10,1.2632,0,0,0
15,11,1.0617,0,0,0
15,12,1.0649,0,0,0
15,13,706.0690,1,1,72
15,14,1.1351,0,0,0
15,15,705.5286,1,1,60
15,16,1.3815,0,0,0
15,17,708.4062,1,1,59
15,18,1.4098,0,0,0
15,19,707.8488,1,1,58
15,20,1.1738,0,0,0
15,21,1.7897,0,0,0
15,22,728.0573,1,1,54
15,23,1.6050,0,0,0
15,24,709.2601,1,1,60
15,25,706.3280,1,1,56
15,26,2.0662,0,0,0
15,27,702.6380,1,1,56
15,28,1.0205,0,0,0
15,29,713.5500,1,1,57
15,30,713.5273,1,1,58
15,31,710.9159,1,1,58
15,32,1.0003,0,0,0
15,33,1.2209,0,0,0
15,34,708.5511,1,1,56
15,35,709.0754,1,1,58
15,36,1.3756,0,0,0
15,37,1.0535,0,0,0
15,38,707.5020,1,1,106
15,39,701.9688,1,1,91
15,40,1.3289,0,0,0
15,41,704.0011,1,1,117
15,42,1.5843,0,0,0
15,43,701.4312,1,1,123
15,44,702.9942,1,1,99
15,45,2.0906,0,0,0
15,46,704.8106,1,1,190
15,47,1.1385,0,0,0
15,48,1.8037,0,0,0
15,49,701.9390,1,1,173
15,50,702.7791,1,1,230
16,0,0.2816,0,0,0
16,1,0.9312,0,0,0
16,2,0.8451,0,0,0
16,3,702.2932,1,1,183
16,4,701.9728,1,1,168
16,5,704.1692,1,1,59
16,6,1.4405,0,0,0
16,7,1.1545,0,0,0
16,8,712.3276,1,1,65
16,9,711.2267,1,1,64
16,10,707.9859,1,1,64
16,11,710.3548,1,1,64
16,12,0.8315,0,0,0
16,13,708.8977,1,1,63
16,14,0.8716,0,0,0
16,15,1.2912,0,0,0
16,16,711.3599,1,1,63
16,17,705.8398,1,1,56
16,18,709.7675,1,1,56
16,19,706.4118,1,1,55
16,20,1.2948,0,0,0
16,21,703.3068,1,1,57
16,22,1.3181,0,0,0
16,23,1.1920,0,0,0
16,24,1.2114,0,0,0
16,25,706.3538,1,1,57
16,26,1.5433,0,0,0
16,27,703.9647,1,1,56
16,28,704.6480,1,1,56
16,29,1.2566,0,0,0
16,30,713.2776,1,1,57
16,31,1.2207,0,0,0
16,32,702.4228,1,1,56
16,33,705.3005,1,1,56
16,34,1.4004,0,0,0
16,35,704.7844,1,1,56
16,36,705.6624,1,1,57
16,37,1.6358,0,0,0
16,38,707.8846,1,1,52
16,39,1.5470,0,0,0
16,40,709.2042,1,1,52
16,41,702.3812,1,1,51
16,42,706.4244,1,1,51
16,43,1.6137,0,0,0
16,44,713.6439,1,1,56
16,45,1.1421,0,0,0
16,46,704.7581,1,1,56
16,47,1.2875,0,0,0
16,48,707.4325,1,1,57
16,49,1.4182,0,0,0
16,50,710.0442,1,1,56
16,51,703.6878,1,1,60
16,52,711.3784,1,1,62
16,53,706.5583,1,1,66
16,54,709.2358,1,1,69
16,55,1.3371,0,0,0
16,56,701.5750,1,1,71
16,57,710.4398,1,1,71
16,58,1.4247,0,0,0
16,59,705.0471,1,1,74
16,60,707.0649,1,1,84
16,61,1.2406,0,0,0
16,62,2.1146,0,0,0
16,63,1.2896,0,0,0
16,64,1.2593,0,0,0
16,65,1.2249,0,0,0
16,66,1.3904,0,0,0
16,67,1.2794,0,0,0
16,68,756.0501,1,1,106
16,69,1.6042,0,0,0
16,70,704.4687,1,1,109
16,71,704.9610,1,1,120
16,72,1.6405,0,0,0
16,73,707.4203,1,1,169
16,74,702.1955,1,1,169
16,75,1.3106,0,0,0
16,76,705.1414,1,1,176
16,77,1.5170,0,0,0
16,78,702.7679,1,1,180
16,79,703.5092,1,1,207
16,80,1.4192,0,0,0
16,81,1.3126,0,0,0
16,82,1.3682,0,0,0
16,83,1.1254,0,0,0
16,84,1.0981,0,0,0
16,85,1.4722,0,0,0
16,86,1.2042,0,0,0
16,87,1.1105,0,0,0
17,0,0.2327,0,0,0
17,1,1.1197,0,0,0
17,2,0.5896,0,0,0
17,3,703.2912,1,1,76
17,4,0.8604,0,0,0
17,5,1.4607,0,0,0
17,6,707.6904,1,1,80
17,7,708.4983,1,1,78
17,8,1.2254,0,0,0
17,9,709.6810,1,1,79
17,10,705.9997,1,1,74
17,11,0.7713,0,0,0
17,12,707.1281,1,1,83
17,13,704.5789,1,1,84
17,14,0.7310,0,0,0
17,15,702.3532,1,1,75
17,16,0.7997,0,0,0
17,17,1.3033,0,0,0
17,18,702.4609,1,1,83
17,19,701.5670,1,1,73
17,20,708.8209,1,1,65
17,21,703.5645,1,1,45
17,22,709.8762,1,1,62
17,23,707.3238,1,1,55
17,24,707.8496,1,1,55
17,25,1.2364,0,0,0
17,26,704.6118,1,1,55
17,27,1.6540,0,0,0
17,28,1.2922,0,0,0
17,29,1.1653,0,0,0
17,30,701.6063,1,1,55
17,31,707.2141,1,1,55
17,32,702.0989,1,1,55
17,33,709.5538,1,1,58
17,34,1.3629,0,0,0
17,35,706.5576,1,1,57
17,36,701.5979,1,1,57
17,37,1.8452,0,0,0
17,38,707.9600,1,1,57
17,39,707.9843,1,1,56
17,40,701.4586,1,1,58
17,41,1.4165,0,0,0
17,42,1.0318,0,0,0
17,43,1.0796,0,0,0
17,44,1.3493,0,0,0
17,45,1.5739,0,0,0
17,46,0.9944,0,0,0
17,47,1.2550,0,0,0
17,48,707.7690,1,1,61
17,49,1.3498,0,0,0
17,50,704.8587,1,1,60
17,51,712.1094,1,1,61
17,52,2.3323,0,0,0
17,53,1.4830,0,0,0
17,54,2.1901,0,0,0
17,55,1.1565,0,0,0
17,56,1.3718,0,0,0
17,57,1.2334,0,0,0
17,58,1.0819,0,0,0
17,59,701.7815,1,1,85
17,60,1.1982,0,0,0
17,61,1.5659,0,0,0
17,62,707.3128,1,1,98
17,63,1.3135,0,0,0
17,64,701.9085,1,1,99
17,65,1.4247,0,0,0
17,66,708.8374,1,1,82
17,67,1.2642,0,0,0
17,68,1.6943,0,0,0
17,69,1.1583,0,0,0
17,70,1.1191,0,0,0
17,71,1.6301,0,0,0
17,72,1.2129,0,0,0
17,73,0.9998,0,0,0
17,74,702.2383,1,1,333
17,75,1.3924,0,0,0
17,76,703.0924,1,1,373
17,77,701.5578,1,1,336
17,78,1.7729,0,0,0
17,79,1.3758,0,0,0
17,80,1.3356,0,0,0
17,81,1.2479,0,0,0
17,82,1.2858,0,0,0
17,83,1.2119,0,0,0
17,84,1.2452,0,0,0
18,0,0.2128,0,0,0
18,1,0.7612,0,0,0
18,2,707.0607,1,1,86
18,3,0.8517,0,0,0
18,4,1.4143,0,0,0
18,5,705.7818,1,1,113
18,6,701.9320,1,1,111
18,7,708.5912,1,1,110
18,8,1.4331,0,0,0
18,9,710.2657,1,1,108
18,10,701.9736,1,1,216
18,11,0.9441,0,0,0
18,12,0.6515,0,0,0
18,13,709.5416,1,1,66
18,14,0.8369,0,0,0
18,15,708.6801,1,1,64
18,16,703.1599,1,1,49
18,17,1.3341,0,0,0
18,18,1.2372,0,0,0
18,19,1.1780,0,0,0
18,20,709.3177,1,1,48
18,21,715.4988,1,1,48
18,22,0.9279,0,0,0
18,23,1.4558,0,0,0
18,24,706.3026,1,1,45
18,25,707.7679,1,1,45
18,26,1.0188,0,0,0
18,27,716.4272,1,1,45
18,28,707.2104,1,1,51
18,29,1.1295,0,0,0
18,30,708.2496,1,1,50
18,31,710.7078,1,1,67
19,0,0.2000,0,0,0
19,1,1.4415,0,0,0
19,2,0.5830,0,0,0
19,3,705.2990,1,1,84
19,4,702.3685,1,1,103
19,5,0.8403,0,0,0
19,6,1.1845,0,0,0
19,7,705.3762,1,1,95
19,8,706.3612,1,1,94
19,9,709.0222,1,1,72
19,10,706.3774,1,1,67
19,11,710.3265,1,1,67
19,12,704.8637,1,1,65
19,13,707.8583,1,1,65
19,14,1.1783,0,0,0
19,15,705.8493,1,1,65
19,16,0.9685,0,0,0
19,17,708.4005,1,1,69
19,18,0.9367,0,0,0
19,19,711.1368,1,1,62
19,20,1.4617,0,0,0
19,21,705.0574,1,1,64
19,22,1.1781,0,0,0
19,23,708.0357,1,1,67
19,24,0.9066,0,0,0
19,25,1.1527,0,0,0
19,26,702.5767,1,1,102
19,27,706.5970,1,1,95
19,28,706.5342,1,1,66
19,29,706.4347,1,1,67
19,30,1.1720,0,0,0
19,31,1.4840,0,0,0
19,32,708.9226,1,1,71
19,33,1.4297,0,0,0
19,34,708.5380,1,1,83
19,35,1.5033,0,0,0
19,36,705.2293,1,1,112
19,37,704.9806,1,1,90
19,38,706.3688,1,1,94
19,39,702.9672,1,1,93
19,40,703.4104,1,1,99
19,41,1.1762,0,0,0
19,42,704.8969,1,1,103
19,43,703.2710,1,1,107
19,44,2.0792,0,0,0
19,45,705.8586,1,1,138
19,46,1.2866,0,0,0
19,47,703.8054,1,1,145
19,48,1.4510,0,0,0
19,49,702.8816,1,1,159
19,50,1.3949,0,0,0
19,51,703.3431,1,1,162
19,52,703.3487,1,1,168
19,53,704.6784,1,1,159
19,54,1.5985,0,0,0
19,55,1.4976,0,0,0
19,56,1.2499,0,0,0
19,57,704.2473,1,1,214
19,58,704.1618,1,1,229
19,59,1.5962,0,0,0
19,60,702.9625,1,1,264
19,61,703.7514,1,1,262
20,0,0.1959,0,0,0
20,1,0.7665,0,0,0
20,2,704.0714,1,1,79
20,3,703.3006,1,1,58
20,4,1.0733,0,0,0
20,5,704.1288,1,1,55
20,6,712.2978,1,1,55
20,7,1.4138,0,0,0
20,8,710.8428,1,1,59
20,9,1.1263,0,0,0
20,10,710.3303,1,1,59
20,11,710.2506,1,1,58
20,12,0.9967,0,0,0
20,13,1.2218,0,0,0
20,14,701.1375,1,1,58
20,15,712.9861,1,1,58
20,16,1.3370,0,0,0
20,17,710.8870,1,1,57
20,18,707.8470,1,1,56
20,19,702.3452,1,1,58
20,20,1.4641,0,0,0
20,21,701.7566,1,1,57
20,22,702.4827,1,1,56
20,23,711.6744,1,1,57
20,24,710.0471,1,1,56
20,25,1.2290,0,0,0
20,26,1.4476,0,0,0
20,27,707.3650,1,1,56
20,28,1.3827,0,0,0
20,29,712.6830,1,1,56
20,30,1.4809,0,0,0
20,31,1.4316,0,0,0
20,32,704.0053,1,1,56
20,33,1.0926,0,0,0
20,34,1.0789,0,0,0
20,35,0.9989,0,0,0
20,36,713.9408,1,1,53
20,37,710.1865,1,1,54
20,38,1.3451,0,0,0
20,39,706.7755,1,1,56
20,40,1.1448,0,0,0
20,41,710.2053,1,1,56
20,42,1.5955,0,0,0
20,43,703.2699,1,1,59
20,44,703.4411,1,1,60
20,45,706.6301,1,1,60
20,46,702.3641,1,1,67
20,47,708.0737,1,1,66
20,48,6.2498,0,0,0
20,49,707.1599,1,1,72
20,50,708.5409,1,1,74
20,51,707.2047,1,1,76
20,52,1.2689,0,0,0
20,53,706.6819,1,1,78
20,54,1.5412,0,0,0
20,55,703.0197,1,1,81
20,56,708.7696,1,1,108
20,57,707.6151,1,1,121
20,58,1.3231,0,0,0
20,59,705.2275,1,1,190
20,60,1.3974,0,0,0
20,61,702.9114,1,1,190
20,62,1.5391,0,0,0
20,63,1.3003,0,0,0
20,64,703.5438,1,1,232
20,65,701.8858,1,1,250
20,66,701.8068,1,1,239
21,0,0.2604,0,0,0
21,1,0.7539,0,0,0
21,2,704.8744,1,1,80
21,3,0.6728,0,0,0
21,4,1.3621,0,0,0
21,5,703.7800,1,1,116
21,6,1.1607,0,0,0
21,7,701.4950,1,1,108
21,8,702.6672,1,1,93
21,9,708.8353,1,1,93
21,10,1.0047,0,0,0
21,11,701.6272,1,1,100
21,12,706.1562,1,1,93
21,13,708.0099,1,1,105
21,14,1.2937,0,0,0
21,15,702.0461,1,1,144
21,16,0.8582,0,0,0
21,17,1.0026,0,0,0
21,18,705.2162,1,1,99
21,19,1.6145,0,0,0
21,20,702.7577,1,1,113
21,21,0.9546,0,0,0
21,22,707.5933,1,1,119
21,23,705.2109,1,1,122
21,24,1.7972,0,0,0
21,25,1.4009,0,0,0
21,26,1.2710,0,0,0
21,27,703.7196,1,1,160
21,28,703.8986,1,1,167
21,29,1.3116,0,0,0
21,30,704.6289,1,1,169
21,31,703.8672,1,1,160
21,32,0.9809,0,0,0
21,33,0.8769,0,0,0
21,34,0.9749,0,0,0
21,35,0.7557,0,0,0
21,36,0.7298,0,0,0
21,37,0.7232,0,0,0
21,38,0.7712,0,0,0
21,39,702.5240,1,1,125
21,40,1.1059,0,0,0
21,41,1.1054,0,0,0
21,42,0.9315,0,0,0
21,43,1.0083,0,0,0
21,44,1.0397,0,0,0
21,45,0.9246,0,0,0
21,46,0.8950,0,0,0
21,47,707.0856,1,1,159
21,48,1.2583,0,0,0
21,49,702.1096,1,1,217
21,50,703.2660,1,1,147
21,51,1.4578,0,0,0
21,52,1.2181,0,0,0
21,53,1.0771,0,0,0
21,54,1.1240,0,0,0
21,55,1.2538,0,0,0
21,56,1.0796,0,0,0
21,57,1.0749,0,0,0
21,58,1.1589,0,0,0
21,59,1.1024,0,0,0
22,0,0.2319,0,0,0
22,1,0.7489,0,0,0
22,2,0.9322,0,0,0
22,3,701.5629,1,1,89
22,4,703.6565,1,1,99
22,5,1.5062,0,0,0
22,6,703.5108,1,1,84
22,7,706.3594,1,1,141
22,8,0.7463,0,0,0
22,9,703.2231,1,1,139
22,10,707.7289,1,1,69
22,11,703.6342,1,1,74
22,12,703.2779,1,1,69
22,13,709.4045,1,1,71
22,14,1.2111,0,0,0
22,15,706.2738,1,1,81
22,16,704.8125,1,1,85
22,17,1.0194,0,0,0
22,18,712.4702,1,1,63
22,19,702.8468,1,1,88
22,20,1.0208,0,0,0
22,21,1.5676,0,0,0
22,22,709.0588,1,1,54
22,23,1.2266,0,0,0
22,24,1.5690,0,0,0
22,25,713.9499,1,1,54
22,26,705.9171,1,1,53
22,27,710.1785,1,1,53
22,28,1.6052,0,0,0
22,29,711.6137,1,1,53
22,30,2.0123,0,0,0
22,31,707.9761,1,1,53
22,32,703.3468,1,1,53
22,33,1.3198,0,0,0
22,34,711.0534,1,1,54
22,35,710.9973,1,1,54
22,36,1.4842,0,0,0
22,37,701.6695,1,1,54
22,38,711.0355,1,1,56
22,39,1.4846,0,0,0
22,40,1.2157,0,0,0
22,41,1.1922,0,0,0
22,42,1.1395,0,0,0
22,43,1.1341,0,0,0
22,44,1.0441,0,0,0
22,45,709.1182,1,1,67
22,46,703.5931,1,1,73
22,47,707.2856,1,1,76
22,48,1.4361,0,0,0
22,49,703.1518,1,1,78
22,50,706.8364,1,1,79
22,51,706.9843,1,1,76
22,52,1.4354,0,0,0
22,53,703.4217,1,1,80
22,54,707.3132,1,1,80
22,55,1.3473,0,0,0
22,56,706.3144,1,1,83
22,57,1.8692,0,0,0
22,58,1.1232,0,0,0
22,59,1.1004,0,0,0
22,60,1.3853,0,0,0
22,61,1.2404,0,0,0
22,62,1.0956,0,0,0
22,63,1.3631,0,0,0
22,64,1.0894,0,0,0
22,65,2.1546,0,0,0
22,66,702.8731,1,1,96
22,67,707.3020,1,1,87
22,68,1.2785,0,0,0
22,69,702.1295,1,1,91
22,70,1.3098,0,0,0
22,71,705.3861,1,1,96
22,72,706.7069,1,1,101
22,73,702.5322,1,1,101
22,74,706.0837,1,1,103
22,75,1.5200,0,0,0
22,76,703.7599,1,1,110
22,77,705.9156,1,1,113
22,78,1.7831,0,0,0
22,79,1.1874,0,0,0
22,80,1.0552,0,0,0
22,81,1.2937,0,0,0
22,82,1.0647,0,0,0
22,83,1.0766,0,0,0
22,84,702.8988,1,1,180
22,85,1.4716,0,0,0
22,86,1.8523,0,0,0
22,87,702.6481,1,1,235
22,88,1.3598,0,0,0
22,89,702.5345,1,1,272
22,90,1.5885,0,0,0
22,91,1.5529,0,0,0
22,92,703.5693,1,1,315
22,93,1.5268,0,0,0
22,94,703.1024,1,1,326
22,95,1.4631,0,0,0
22,96,702.0736,1,1,354
22,97,1.5270,0,0,0
22,98,701.5505,1,1,390
22,99,1.5691,0,0,0
22,100,1.6362,0,0,0
22,101,1.3192,0,0,0
22,102,1.3266,0,0,0
22,103,1.3564,0,0,0
22,104,1.2525,0,0,0
22,105,1.6631,0,0,0
23,0,0.2470,0,0,0
23,1,1.2442,0,0,0
23,2,0.7524,0,0,0
23,3,707.1234,1,1,99
23,4,701.6697,1,1,90
23,5,701.3911,1,1,94
23,6,1.3787,0,0,0
23,7,706.7766,1,1,113
23,8,705.0410,1,1,118
23,9,702.9294,1,1,73
23,10,704.4517,1,1,76
23,11,707.5546,1,1,90
23,12,0.9420,0,0,0
23,13,701.9591,1,1,86
23,14,701.3715,1,1,85
23,15,705.9748,1,1,96
23,16,0.9085,0,0,0
23,17,706.5650,1,1,94
23,18,0.9829,0,0,0
23,19,704.9026,1,1,58
23,20,1.1527,0,0,0
23,21,705.9018,1,1,53
23,22,1.3601,0,0,0
23,23,708.1951,1,1,106
23,24,1.5034,0,0,0
23,25,707.6863,1,1,95
23,26,1.2399,0,0,0
23,27,1.9756,0,0,0
23,28,702.0949,1,1,108
23,29,702.0907,1,1,116
23,30,1.9012,0,0,0
23,31,704.5726,1,1,109
23,32,1.5882,0,0,0
23,33,1.7125,0,0,0
23,34,1.2189,0,0,0
23,35,705.2592,1,1,139
23,36,704.6653,1,1,137
23,37,702.2771,1,1,151
23,38,703.4971,1,1,156
23,39,1.2992,0,0,0
23,40,701.9742,1,1,173
23,41,704.6666,1,1,160
23,42,703.3331,1,1,188
23,43,1.2726,0,0,0
23,44,1.1118,0,0,0
23,45,0.9701,0,0,0
23,46,1.0195,0,0,0
23,47,1.1019,0,0,0
23,48,1.3652,0,0,0
24,0,0.2098,0,0,0
24,1,0.7322,0,0,0
24,2,708.3573,1,1,112
24,3,704.9099,1,1,114
24,4,710.3210,1,1,98
24,5,701.5356,1,1,101
24,6,1.4229,0,0,0
24,7,1.2138,0,0,0
24,8,1.0650,0,0,0
24,9,704.3532,1,1,114
24,10,0.7486,0,0,0
24,11,0.6758,0,0,0
24,12,702.2562,1,1,116
24,13,705.9317,1,1,89
25,0,0.2619,0,0,0
25,1,0.7504,0,0,0
25,2,0.7136,0,0,0
25,3,707.6422,1,1,81
25,4,707.2782,1,1,75
25,5,704.2064,1,1,73
25,6,1.2483,0,0,0
25,7,704.2390,1,1,79
25,8,703.8010,1,1,79
25,9,1.0116,0,0,0
25,10,1.4577,0,0,0
25,11,709.4607,1,1,80
25,12,0.9682,0,0,0
25,13,1.2203,0,0,0
25,14,702.8778,1,1,81
25,15,707.7620,1,1,72
25,16,0.9362,0,0,0
25,17,1.0801,0,0,0
25,18,701.7913,1,1,70
25,19,709.0271,1,1,72
25,20,705.2543,1,1,57
25,21,701.4302,1,1,58
25,22,707.7336,1,1,58
25,23,1.0597,0,0,0
25,24,708.5937,1,1,58
25,25,708.7866,1,1,57
25,26,713.4474,1,1,56
25,27,706.7814,1,1,56
25,28,704.1247,1,1,55
25,29,1.2473,0,0,0
25,30,710.0740,1,1,52
25,31,1.2093,0,0,0
25,32,1.1729,0,0,0
25,33,708.5032,1,1,62
25,34,703.0773,1,1,64
25,35,1.1175,0,0,0
25,36,713.7673,1,1,64
25,37,702.3284,1,1,61
25,38,704.8262,1,1,60
25,39,1.2544,0,0,0
25,40,708.2016,1,1,62
25,41,1.6044,0,0,0
25,42,702.1623,1,1,61
25,43,1.2116,0,0,0
25,44,708.2004,1,1,60
25,45,713.8333,1,1,61
25,46,707.4435,1,1,62
26,0,0.2588,0,0,0
26,1,0.8325,0,0,0
26,2,0.8309,0,0,0
26,3,701.1409,1,1,77
26,4,1.0684,0,0,0
26,5,704.4636,1,1,99
26,6,1.0112,0,0,0
26,7,1.1063,0,0,0
26,8,702.4918,1,1,103
26,9,0.8259,0,0,0
26,10,1.0799,0,0,0
26,11,705.0538,1,1,114
26,12,705.4378,1,1,110
26,13,706.7101,1,1,71
26,14,702.4637,1,1,60
26,15,0.9140,0,0,0
26,16,711.0430,1,1,61
26,17,701.8452,1,1,59
26,18,1.5067,0,0,0
26,19,706.6476,1,1,63
26,20,1.1327,0,0,0
26,21,711.7300,1,1,63
26,22,701.3682,1,1,62
26,23,706.8382,1,1,56
26,24,713.9771,1,1,60
26,25,1.1916,0,0,0
26,26,711.7881,1,1,60
26,27,703.6507,1,1,60
26,28,1.3519,0,0,0
26,29,1.5114,0,0,0
26,30,712.4535,1,1,62
26,31,712.8030,1,1,62
26,32,1.1242,0,0,0
26,33,706.6503,1,1,60
26,34,709.2480,1,1,60
26,35,1.7314,0,0,0
26,36,701.9748,1,1,67
26,37,1.1729,0,0,0
26,38,1.3506,0,0,0
26,39,701.6751,1,1,86
26,40,703.7005,1,1,86
26,41,1.1846,0,0,0
26,42,1.0030,0,0,0
26,43,1.3519,0,0,0
26,44,703.5232,1,1,138
26,45,1.9549,0,0,0
26,46,706.6651,1,1,144
27,0,0.2269,0,0,0
27,1,0.8635,0,0,0
27,2,0.6797,0,0,0
27,3,701.4151,1,1,79
27,4,1.1936,0,0,0
27,5,701.2973,1,1,93
27,6,702.0957,1,1,98
27,7,705.2379,1,1,68
27,8,702.8202,1,1,68
27,9,702.0299,1,1,69
27,10,710.5265,1,1,66
27,11,1.1089,0,0,0
27,12,709.1849,1,1,66
27,13,706.2571,1,1,66
27,14,1.5970,0,0,0
27,15,1.0887,0,0,0
27,16,1.0243,0,0,0
27,17,701.8645,1,1,67
27,18,702.9146,1,1,68
27,19,1.1719,0,0,0
27,20,708.7540,1,1,68
27,21,707.9585,1,1,65
27,22,1.0669,0,0,0
27,23,1.6474,0,0,0
27,24,705.6632,1,1,62
27,25,1.8444,0,0,0
27,26,708.5523,1,1,63
27,27,1.1126,0,0,0
27,28,709.0975,1,1,61
27,29,1.5650,0,0,0
27,30,1.4402,0,0,0
27,31,707.4595,1,1,61
27,32,1.3252,0,0,0
27,33,712.7647,1,1,61
27,34,702.8682,1,1,59
27,35,1.2264,0,0,0
27,36,706.0044,1,1,61
27,37,1.6420,0,0,0
27,38,710.8163,1,1,62
27,39,709.4380,1,1,62
27,40,1.5458,0,0,0
27,41,704.4031,1,1,62
27,42,1.3434,0,0,0
27,43,708.6236,1,1,63
27,44,709.4738,1,1,62
27,45,702.9829,1,1,63
27,46,704.2055,1,1,62
27,47,1.2458,0,0,0
27,48,706.8652,1,1,58
27,49,1.1922,0,0,0
27,50,1.3549,0,0,0
27,51,749.1345,1,1,49
27,52,710.8648,1,1,55
27,53,702.3982,1,1,60
27,54,709.6918,1,1,74
27,55,704.2905,1,1,61
27,56,1.5083,0,0,0
27,57,705.0922,1,1,70
27,58,712.2276,1,1,69
28,0,0.2257,0,0,0
28,1,1.0726,0,0,0
28,2,702.4751,1,1,143
28,3,702.8284,1,1,66
28,4,704.5115,1,1,66
28,5,704.3675,1,1,63
28,6,703.9278,1,1,63
28,7,710.7643,1,1,63
28,8,710.5696,1,1,61
28,9,1.4800,0,0,0
28,10,1.1546,0,0,0
28,11,1.0103,0,0,0
28,12,701.0209,1,1,65
28,13,706.8438,1,1,65
28,14,706.6225,1,1,63
28,15,708.3708,1,1,64
28,16,702.3583,1,1,63
28,17,707.6113,1,1,63
28,18,709.2086,1,1,61
28,19,702.7466,1,1,60
28,20,710.2444,1,1,64
28,21,1.9647,0,0,0
28,22,704.1759,1,1,53
28,23,707.6635,1,1,53
28,24,1.4512,0,0,0
28,25,712.2338,1,1,45
28,26,712.9072,1,1,55
28,27,1.4104,0,0,0
28,28,706.9813,1,1,56
28,29,1.1909,0,0,0
28,30,1.1417,0,0,0
28,31,1.0238,0,0,0
28,32,1.6066,0,0,0
28,33,1.1011,0,0,0
28,34,1.1825,0,0,0
28,35,1.0371,0,0,0
28,36,713.1752,1,1,58
28,37,702.6345,1,1,57
28,38,713.2403,1,1,56
28,39,1.4931,0,0,0
28,40,707.8469,1,1,59
28,41,711.0174,1,1,60
28,42,1.2702,0,0,0
28,43,704.2734,1,1,58
28,44,708.7452,1,1,59
28,45,702.5195,1,1,54
28,46,1.3233,0,0,0
28,47,1.3566,0,0,0
28,48,1.1038,0,0,0
28,49,1.1171,0,0,0
28,50,1.2338,0,0,0
28,51,1.0446,0,0,0
28,52,1.0950,0,0,0
28,53,1.8677,0,0,0
28,54,707.9275,1,1,99
28,55,702.2006,1,1,108
28,56,702.8449,1,1,109
28,57,704.4507,1,1,108
28,58,1.3774,0,0,0
28,59,701.9659,1,1,119
28,60,705.8972,1,1,137
28,61,709.5927,1,1,119
28,62,1.8102,0,0,0
28,63,703.2960,1,1,127
28,64,705.2905,1,1,136
28,65,1.8957,0,0,0
28,66,1.8986,0,0,0
28,67,1.6171,0,0,0
28,68,702.7202,1,1,153
28,69,703.5164,1,1,165
28,70,1.3550,0,0,0
28,71,701.8488,1,1,184
28,72,701.5342,1,1,199
28,73,702.2642,1,1,177
28,74,1.9537,0,0,0
28,75,1.5017,0,0,0
28,76,702.9813,1,1,205
28,77,1.6566,0,0,0
28,78,704.3126,1,1,225
28,79,1.2270,0,0,0
29,0,0.2124,0,0,0
29,1,0.8860,0,0,0
29,2,701.7935,1,1,353
29,3,0.6919,0,0,0
29,4,705.2332,1,1,105
29,5,702.8277,1,1,85
29,6,706.0357,1,1,78
29,7,1.0924,0,0,0
29,8,1.1353,0,0,0
29,9,707.4171,1,1,93
29,10,0.8564,0,0,0
29,11,0.7602,0,0,0
29,12,706.4814,1,1,98
29,13,705.0897,1,1,102
29,14,703.9946,1,1,108
29,15,0.9987,0,0,0
29,16,0.9692,0,0,0
29,17,1.1276,0,0,0
29,18,707.5082,1,1,105
29,19,1.2337,0,0,0
29,20,706.3244,1,1,109
29,21,703.4138,1,1,106
29,22,702.1011,1,1,105
29,23,701.4379,1,1,108
29,24,702.3379,1,1,104
29,25,706.4408,1,1,104
29,26,1.4829,0,0,0
29,27,1.4646,0,0,0
29,28,1.1921,0,0,0
29,29,701.9168,1,1,124
29,30,0.9680,0,0,0
29,31,1.0615,0,0,0
29,32,0.7740,0,0,0
29,33,0.7930,0,0,0
29,34,0.7924,0,0,0
29,35,0.8676,0,0,0
29,36,1.0192,0,0,0
29,37,708.6271,1,1,84
29,38,704.9667,1,1,82
29,39,701.6197,1,1,88
29,40,705.4490,1,1,89
29,41,703.9604,1,1,89
29,42,1.4725,0,0,0
29,43,702.0668,1,1,86
29,44,1.1790,0,0,0
29,45,706.0492,1,1,92
29,46,1.3687,0,0,0
29,47,1.0354,0,0,0
29,48,0.9755,0,0,0
29,49,1.0158,0,0,0
29,50,1.1191,0,0,0
29,51,0.9756,0,0,0
29,52,1.0563,0,0,0
29,53,0.9397,0,0,0
29,54,702.4864,1,1,194
29,55,1.2347,0,0,0
29,56,701.8489,1,1,268
29,57,708.8724,1,1,82
29,58,1.2239,0,0,0
29,59,1.0587,0,0,0
29,60,1.0788,0,0,0
29,61,1.2231,0,0,0
29,62,1.0330,0,0,0
29,63,0.9945,0,0,0
29,64,1.0742,0,0,0
30,0,0.3278,0,0,0
30,1,1.6786,0,0,0
30,2,705.8415,1,1,82
30,3,706.3337,1,1,71
30,4,703.4792,1,1,78
30,5,702.2638,1,1,68
30,6,705.1185,1,1,69
30,7,1.2030,0,0,0
30,8,704.4822,1,1,68
30,9,1.4610,0,0,0
30,10,1.1182,0,0,0
30,11,1.0966,0,0,0
30,12,707.8035,1,1,70
30,13,1.1023,0,0,0
31,0,0.2291,0,0,0
31,1,0.7311,0,0,0
31,2,0.6766,0,0,0
31,3,708.5632,1,1,115
31,4,707.9064,1,1,127
31,5,706.9530,1,1,126
31,6,0.7418,0,0,0
31,7,709.4066,1,1,65
31,8,706.8254,1,1,57
31,9,708.0054,1,1,57
31,10,1.0236,0,0,0
31,11,706.5728,1,1,56
31,12,0.9246,0,0,0
31,13,706.8027,1,1,56
31,14,1.3492,0,0,0
31,15,1.5151,0,0,0
31,16,1.3022,0,0,0
31,17,706.7160,1,1,59
31,18,712.3674,1,1,60
31,19,1.0138,0,0,0
31,20,712.4900,1,1,60
31,21,709.4007,1,1,60
31,22,1.5489,0,0,0
31,23,706.0642,1,1,58
31,24,705.2567,1,1,57
31,25,1.0725,0,0,0
31,26,706.9615,1,1,56
31,27,706.2736,1,1,56
31,28,1.3055,0,0,0
31,29,710.4436,1,1,56
31,30,1.2141,0,0,0
31,31,1.1924,0,0,0
31,32,709.4342,1,1,55
31,33,701.6890,1,1,55
31,34,1.5053,0,0,0
31,35,1.5430,0,0,0
31,36,707.9480,1,1,57
31,37,707.1860,1,1,57
31,38,707.7628,1,1,56
31,39,713.9485,1,1,55
31,40,1.1140,0,0,0
31,41,713.6948,1,1,52
31,42,704.1564,1,1,51
31,43,707.3819,1,1,51
31,44,706.5377,1,1,52
31,45,1.6576,0,0,0
31,46,704.3912,1,1,49
31,47,707.9229,1,1,52
31,48,715.2894,1,1,49
31,49,708.6069,1,1,52
31,50,1.5711,0,0,0
31,51,713.6751,1,1,53
31,52,1.4446,0,0,0
31,53,1.3848,0,0,0
31,54,1.2189,0,0,0
31,55,706.1758,1,1,52
31,56,1.4760,0,0,0
31,57,704.9569,1,1,51
31,58,706.5998,1,1,52
31,59,707.9856,1,1,50
31,60,705.7126,1,1,50
31,61,1.4970,0,0,0
31,62,708.6883,1,1,52
31,63,1.5221,0,0,0
31,64,714.5652,1,1,52
31,65,715.2390,1,1,53
31,66,1.6431,0,0,0
31,67,707.0851,1,1,53
31,68,1.3984,0,0,0
31,69,701.7171,1,1,50
31,70,711.9745,1,1,55
31,71,709.7345,1,1,54
31,72,1.4767,0,0,0
31,73,709.0395,1,1,55
31,74,1.3815,0,0,0
31,75,704.4692,1,1,61
31,76,1.6257,0,0,0
31,77,708.7619,1,1,71
31,78,708.0039,1,1,73
31,79,1.5842,0,0,0
31,80,1.2052,0,0,0
31,81,1.2504,0,0,0
31,82,1.3075,0,0,0
31,83,1.6023,0,0,0
31,84,1.2712,0,0,0
31,85,1.3676,0,0,0
31,86,1.0980,0,0,0
31,87,707.6822,1,1,98
31,88,1.5226,0,0,0
31,89,1.2973,0,0,0
31,90,706.0991,1,1,104
31,91,707.9976,1,1,108
31,92,706.6917,1,1,108
31,93,1.6056,0,0,0
31,94,704.3355,1,1,108
31,95,1.4074,0,0,0
31,96,708.0581,1,1,112
31,97,1.4079,0,0,0
31,98,1.4835,0,0,0
31,99,1.3610,0,0,0
31,100,1.3116,0,0,0
31,101,1.2017,0,0,0
31,102,1.3852,0,0,0
31,103,701.7535,1,1,230
31,104,1.4557,0,0,0
31,105,708.0024,1,1,165
31,106,1.8818,0,0,0
31,107,1.3640,0,0,0
31,108,1.6007,0,0,0
31,109,1.3719,0,0,0
31,110,1.2377,0,0,0
31,111,1.2266,0,0,0
31,112,1.6094,0,0,0
31,113,1.2681,0,0,0
32,0,0.2078,0,0,0
32,1,0.7034,0,0,0
32,2,0.8957,0,0,0
32,3,705.6811,1,1,128
32,4,706.3446,1,1,125
32,5,704.1829,1,1,132
32,6,701.7117,1,1,140
32,7,700.9477,1,1,139
32,8,705.7832,1,1,147
32,9,1.0080,0,0,0
32,10,1.0790,0,0,0
32,11,702.6210,1,1,136
32,12,0.8220,0,0,0
32,13,706.6098,1,1,126
32,14,707.0062,1,1,93
32,15,1.4610,0,0,0
32,16,706.5987,1,1,76
32,17,704.3883,1,1,79
32,18,708.6038,1,1,81
32,19,702.2263,1,1,81
32,20,0.8756,0,0,0
32,21,0.8241,0,0,0
32,22,705.2500,1,1,85
32,23,1.0441,0,0,0
32,24,706.1229,1,1,94
32,25,1.2594,0,0,0
32,26,703.2343,1,1,99
32,27,711.1200,1,1,98
32,28,1.2085,0,0,0
32,29,706.6216,1,1,74
32,30,1.3949,0,0,0
32,31,1.4073,0,0,0
32,32,702.4846,1,1,93
32,33,707.3492,1,1,100
32,34,1.6472,0,0,0
32,35,703.5560,1,1,96
32,36,702.7440,1,1,57
32,37,712.1021,1,1,66
32,38,705.6430,1,1,60
32,39,1.1869,0,0,0
32,40,1.3006,0,0,0
32,41,703.1088,1,1,166
32,42,1.1712,0,0,0
32,43,701.6321,1,1,188
32,44,1.2669,0,0,0
32,45,703.2528,1,1,204
32,46,708.7885,1,1,76
32,47,1.2284,0,0,0
32,48,705.2440,1,1,79
32,49,702.6081,1,1,80
32,50,1.1951,0,0,0
32,51,705.6568,1,1,74
32,52,1.3516,0,0,0
32,53,709.4922,1,1,85
32,54,710.4761,1,1,93
33,0,0.2234,0,0,0
33,1,1.0646,0,0,0
33,2,706.4543,1,1,76
33,3,701.5872,1,1,75
33,4,1.1249,0,0,0
33,5,707.5307,1,1,114
33,6,702.7965,1,1,77
33,7,1.4059,0,0,0
33,8,1.1489,0,0,0
33,9,1.1870,0,0,0
33,10,708.5585,1,1,79
33,11,702.2387,1,1,84
33,12,706.0584,1,1,75
33,13,702.4341,1,1,76
33,14,704.3399,1,1,77
33,15,1.1298,0,0,0
33,16,706.0270,1,1,76
33,17,0.9719,0,0,0
33,18,709.2926,1,1,77
33,19,705.2227,1,1,84
33,20,1.2699,0,0,0
33,21,702.5714,1,1,46
33,22,706.6571,1,1,46
33,23,713.2866,1,1,46
33,24,710.3113,1,1,53
33,25,708.1964,1,1,57
33,26,702.3133,1,1,76
33,27,1.7307,0,0,0
33,28,702.1509,1,1,141
33,29,704.9218,1,1,138
33,30,706.4878,1,1,144
33,31,1.2162,0,0,0
33,32,1.1560,0,0,0
33,33,701.2190,1,1,158
33,34,703.3994,1,1,160
33,35,702.3350,1,1,165
33,36,1.2856,0,0,0
33,37,702.3034,1,1,183
33,38,702.8171,1,1,197
33,39,1.3008,0,0,0
33,40,703.4466,1,1,211
34,0,0.2354,0,0,0
34,1,0.7471,0,0,0
34,2,0.6657,0,0,0
34,3,702.9668,1,1,150
34,4,704.7739,1,1,136
34,5,1.1631,0,0,0
34,6,704.3101,1,1,146
34,7,700.9553,1,1,119
34,8,711.4027,1,1,74
34,9,1.2218,0,0,0
34,10,1.4452,0,0,0
34,11,1.0835,0,0,0
34,12,702.7342,1,1,120
34,13,703.7704,1,1,122
34,14,705.4438,1,1,120
34,15,704.2865,1,1,75
34,16,1.3208,0,0,0
34,17,1.1270,0,0,0
34,18,1.1580,0,0,0
34,19,702.2818,1,1,70
34,20,701.4659,1,1,70
34,21,702.9969,1,1,73
34,22,0.9840,0,0,0
34,23,1.5235,0,0,0
34,24,705.6060,1,1,59
34,25,1.3203,0,0,0
34,26,709.3120,1,1,59
34,27,1.1844,0,0,0
34,28,1.6050,0,0,0
34,29,701.2349,1,1,56
34,30,702.0939,1,1,56
34,31,705.4227,1,1,59
34,32,714.0379,1,1,59
34,33,1.0344,0,0,0
34,34,710.8744,1,1,58
34,35,711.4125,1,1,59
34,36,713.2548,1,1,55
34,37,1.4627,0,0,0
34,38,712.7310,1,1,50
34,39,706.2429,1,1,55
34,40,1.2249,0,0,0
34,41,1.7768,0,0,0
34,42,708.0172,1,1,59
34,43,704.3249,1,1,59
34,44,1.1889,0,0,0
34,45,1.3361,0,0,0
34,46,707.3620,1,1,62
34,47,1.3963,0,0,0
34,48,710.4274,1,1,58
34,49,703.9893,1,1,57
34,50,1.3902,0,0,0
34,51,707.2063,1,1,95
34,52,1.4116,0,0,0
34,53,705.1141,1,1,117
34,54,702.3599,1,1,114
34,55,1.2083,0,0,0
34,56,1.4435,0,0,0
34,57,702.5213,1,1,103
34,58,1.2247,0,0,0
34,59,701.9397,1,1,98
34,60,704.5410,1,1,83
34,61,706.2193,1,1,86
34,62,1.3593,0,0,0
34,63,708.6584,1,1,96
34,64,705.5949,1,1,98
34,65,1.5091,0,0,0
34,66,706.4033,1,1,114
34,67,706.7665,1,1,101
34,68,1.4617,0,0,0
34,69,1.2764,0,0,0
34,70,1.0916,0,0,0
34,71,1.1195,0,0,0
34,72,1.1635,0,0,0
34,73,1.0415,0,0,0
35,0,0.2013,0,0,0
35,1,0.7104,0,0,0
35,2,702.6838,1,1,101
35,3,703.7895,1,1,71
35,4,709.3363,1,1,69
35,5,1.3904,0,0,0
35,6,1.2115,0,0,0
35,7,703.8192,1,1,70
35,8,701.8595,1,1,67
35,9,1.0658,0,0,0
35,10,708.3574,1,1,71
35,11,708.5121,1,1,73
35,12,1.2624,0,0,0
35,13,1.0386,0,0,0
35,14,1.0584,0,0,0
35,15,704.8031,1,1,72
36,0,0.2142,0,0,0
36,1,2.2064,0,0,0
36,2,701.9393,1,1,109
36,3,1.3002,0,0,0
36,4,705.2463,1,1,98
36,5,704.0510,1,1,100
36,6,703.3694,1,1,109
36,7,707.9685,1,1,65
36,8,1.5542,0,0,0
36,9,1.1534,0,0,0
36,10,706.0395,1,1,68
36,11,707.4204,1,1,68
36,12,0.8663,0,0,0
36,13,709.4930,1,1,68
36,14,701.0839,1,1,67
36,15,0.9760,0,0,0
36,16,710.0753,1,1,58
36,17,0.8956,0,0,0
36,18,704.6925,1,1,57
36,19,1.3825,0,0,0
36,20,1.1891,0,0,0
36,21,701.3260,1,1,55
36,22,708.6346,1,1,55
36,23,706.0566,1,1,55
36,24,710.5047,1,1,60
36,25,705.7028,1,1,60
36,26,1.2063,0,0,0
36,27,1.0381,0,0,0
36,28,703.7169,1,1,60
36,29,1.0682,0,0,0
36,30,702.4554,1,1,60
36,31,711.2071,1,1,60
36,32,705.1273,1,1,57
36,33,1.1970,0,0,0
36,34,701.5485,1,1,59
36,35,1.2362,0,0,0
36,36,712.4406,1,1,59
36,37,707.4205,1,1,59
36,38,1.2374,0,0,0
36,39,706.8420,1,1,59
36,40,701.3956,1,1,59
36,41,712.1562,1,1,56
36,42,1.5439,0,0,0
36,43,703.0550,1,1,54
36,44,1.3907,0,0,0
36,45,705.4063,1,1,50
36,46,1.2706,0,0,0
36,47,702.4478,1,1,51
36,48,1.6064,0,0,0
36,49,701.9735,1,1,48
36,50,702.5154,1,1,52
36,51,710.7899,1,1,54
36,52,1.1278,0,0,0
36,53,1.8502,0,0,0
36,54,706.1121,1,1,54
36,55,1.1445,0,0,0
36,56,703.2442,1,1,53
36,57,1.5809,0,0,0
36,58,1.1868,0,0,0
36,59,1.5764,0,0,0
36,60,712.2015,1,1,54
36,61,713.3603,1,1,54
36,62,710.6590,1,1,55
36,63,712.9916,1,1,52
36,64,1.2406,0,0,0
36,65,1.2321,0,0,0
36,66,707.3031,1,1,51
36,67,1.6758,0,0,0
36,68,710.5268,1,1,51
36,69,702.0903,1,1,88
36,70,1.2307,0,0,0
36,71,708.2263,1,1,90
36,72,704.6769,1,1,93
36,73,1.3853,0,0,0
36,74,711.2730,1,1,174
36,75,701.4810,1,1,193
36,76,1.8210,0,0,0
36,77,703.9962,1,1,219
36,78,703.3110,1,1,178
37,0,0.2258,0,0,0
37,1,0.8289,0,0,0
37,2,701.1689,1,1,95
37,3,0.6171,0,0,0
37,4,709.4712,1,1,96
37,5,702.4240,1,1,195
37,6,701.9396,1,1,196
37,7,701.4154,1,1,191
37,8,0.9666,0,0,0
37,9,701.0123,1,1,196
37,10,702.1716,1,1,195
37,11,708.0416,1,1,81
37,12,1.4723,0,0,0
37,13,703.0493,1,1,106
37,14,707.5038,1,1,105
37,15,704.3216,1,1,110
37,16,0.9085,0,0,0
37,17,707.3047,1,1,104
37,18,1.1919,0,0,0
37,19,709.1021,1,1,63
37,20,707.8739,1,1,82
37,21,1.2310,0,0,0
37,22,703.3020,1,1,70
37,23,0.9948,0,0,0
37,24,702.3766,1,1,73
37,25,706.3348,1,1,76
37,26,704.5414,1,1,70
37,27,705.0568,1,1,75
37,28,0.9877,0,0,0
37,29,1.2617,0,0,0
37,30,0.8275,0,0,0
37,31,0.8153,0,0,0
37,32,0.8957,0,0,0
37,33,0.8833,0,0,0
37,34,702.5983,1,1,62
37,35,1.0600,0,0,0
37,36,1.2723,0,0,0
37,37,704.0180,1,1,63
37,38,1.6289,0,0,0
37,39,706.0446,1,1,70
37,40,709.8103,1,1,69
37,41,703.5916,1,1,72
37,42,1.3769,0,0,0
37,43,1.4213,0,0,0
37,44,1.2588,0,0,0
37,45,702.4536,1,1,144
37,46,1.1736,0,0,0
37,47,1.7941,0,0,0
37,48,1.2130,0,0,0
37,49,1.0595,0,0,0
37,50,0.9702,0,0,0
37,51,1.0973,0,0,0
37,52,1.0379,0,0,0
37,53,2.0859,0,0,0
37,54,702.6951,1,1,168
37,55,1.6814,0,0,0
37,56,702.7982,1,1,207
37,57,703.5797,1,1,144
37,58,1.6895,0,0,0
37,59,702.8868,1,1,151
37,60,704.6884,1,1,163
37,61,1.4459,0,0,0
37,62,702.6299,1,1,194
37,63,701.7925,1,1,212
37,64,704.8695,1,1,221
37,65,702.5460,1,1,209
38,0,0.2064,0,0,0
38,1,0.7075,0,0,0
38,2,708.8274,1,1,84
38,3,0.8257,0,0,0
38,4,1.0520,0,0,0
38,5,703.1850,1,1,138
38,6,701.8325,1,1,116
38,7,701.9388,1,1,119
38,8,704.1476,1,1,93
38,9,1.5015,0,0,0
38,10,1.2250,0,0,0
38,11,1.0616,0,0,0
38,12,704.9053,1,1,113
38,13,701.4547,1,1,109
38,14,702.9994,1,1,85
38,15,1.2580,0,0,0
38,16,1.2789,0,0,0
38,17,0.9818,0,0,0
38,18,706.5300,1,1,94
38,19,704.9927,1,1,87
38,20,1.0510,0,0,0
38,21,1.4048,0,0,0
38,22,708.3115,1,1,67
39,0,0.2245,0,0,0
39,1,0.8198,0,0,0
39,2,1.0708,0,0,0
39,3,0.5254,0,0,0
39,4,709.8306,1,1,74
39,5,1.1934,0,0,0
39,6,705.0853,1,1,101
39,7,703.1487,1,1,100
39,8,702.4240,1,1,103
39,9,703.0114,1,1,102
39,10,1.4351,0,0,0
39,11,706.8452,1,1,106
39,12,702.7097,1,1,125
39,13,0.8534,0,0,0
39,14,702.5083,1,1,139
39,15,1.4633,0,0,0
39,16,704.0767,1,1,119
39,17,703.4457,1,1,137
39,18,1.0631,0,0,0
39,19,1.1490,0,0,0
39,20,702.8173,1,1,135
39,21,702.2037,1,1,131
39,22,701.9698,1,1,137
39,23,1.3008,0,0,0
39,24,1.2103,0,0,0
39,25,1.1238,0,0,0
39,26,701.2352,1,1,152
39,27,703.1783,1,1,146
39,28,0.9025,0,0,0
39,29,702.3349,1,1,149
39,30,702.4871,1,1,146
39,31,0.9429,0,0,0
39,32,0.7992,0,0,0
39,33,0.7524,0,0,0
39,34,0.9935,0,0,0
39,35,0.7222,0,0,0
39,36,0.7816,0,0,0
39,37,0.8679,0,0,0
39,38,705.4546,1,1,71
39,39,706.9195,1,1,84
39,40,709.3815,1,1,87
39,41,1.0679,0,0,0
39,42,704.8924,1,1,89
39,43,706.8169,1,1,84
39,44,1.2024,0,0,0
39,45,701.6827,1,1,79
39,46,1.2167,0,0,0
39,47,709.9270,1,1,78
39,48,710.4496,1,1,71
39,49,2.0374,0,0,0
39,50,705.8834,1,1,85
39,51,704.5530,1,1,82
39,52,1.1679,0,0,0
39,53,702.3299,1,1,85
39,54,703.7585,1,1,84
39,55,703.3568,1,1,81
39,56,1.6317,0,0,0
39,57,706.7966,1,1,79
39,58,709.0473,1,1,78
39,59,1.7071,0,0,0
39,60,1.2223,0,0,0
39,61,1.3294,0,0,0
39,62,701.6808,1,1,89
39,63,702.8054,1,1,89
39,64,704.4471,1,1,86
39,65,1.6645,0,0,0
39,66,703.5689,1,1,85
39,67,702.6819,1,1,85
39,68,1.3232,0,0,0
39,69,1.2860,0,0,0
39,70,1.7265,0,0,0
39,71,1.1258,0,0,0
39,72,1.1917,0,0,0
39,73,1.0668,0,0,0
39,74,1.0268,0,0,0
40,0,0.2682,0,0,0
40,1,0.9004,0,0,0
40,2,703.2724,1,1,130
40,3,701.4408,1,1,70
40,4,1.2273,0,0,0
40,5,1.2156,0,0,0
40,6,0.9582,0,0,0
40,7,707.2396,1,1,71
40,8,705.0577,1,1,69
40,9,702.0649,1,1,44
40,10,715.0387,1,1,44
40,11,708.0856,1,1,50
40,12,0.9754,0,0,0
40,13,0.9019,0,0,0
40,14,705.1846,1,1,52
40,15,0.9369,0,0,0
40,16,0.8690,0,0,0
40,17,1.5791,0,0,0
40,18,709.2648,1,1,54
40,19,1.4286,0,0,0
40,20,1.6703,0,0,0
40,21,704.5681,1,1,56
40,22,1.4538,0,0,0
40,23,702.1940,1,1,55
40,24,711.1280,1,1,55
40,25,1.2689,0,0,0
40,26,712.9453,1,1,55
40,27,705.4020,1,1,54
40,28,712.6095,1,1,55
40,29,1.2552,0,0,0
40,30,1.5745,0,0,0
40,31,714.9137,1,1,53
40,32,703.3775,1,1,52
40,33,1.0562,0,0,0
40,34,703.3901,1,1,51
40,35,714.2161,1,1,53
40,36,703.3331,1,1,52
40,37,1.6311,0,0,0
40,38,702.2833,1,1,53
40,39,1.7930,0,0,0
40,40,705.6431,1,1,50
40,41,709.8293,1,1,51
40,42,712.3335,1,1,50
40,43,1.5185,0,0,0
40,44,715.1368,1,1,50
40,45,708.1321,1,1,49
40,46,711.6396,1,1,49
40,47,707.1616,1,1,49
40,48,1.7696,0,0,0
40,49,702.6387,1,1,102
40,50,702.0570,1,1,95
40,51,1.3170,0,0,0
40,52,1.2714,0,0,0
40,53,702.2135,1,1,102
40,54,710.8675,1,1,100
40,55,1.3154,0,0,0
40,56,701.9639,1,1,127
40,57,703.7277,1,1,156
40,58,703.9766,1,1,152
40,59,1.5445,0,0,0
40,60,702.0549,1,1,176
40,61,1.4627,0,0,0
40,62,704.0611,1,1,191
40,63,701.9769,1,1,198
41,0,0.2514,0,0,0
41,1,3.2992,0,0,0
41,2,703.4065,1,1,230
41,3,703.7811,1,1,302
41,4,1.0359,0,0,0
41,5,704.9120,1,1,194
41,6,709.4198,1,1,65
41,7,1.3286,0,0,0
41,8,1.0235,0,0,0
41,9,1.2561,0,0,0
41,10,702.7661,1,1,76
41,11,705.8194,1,1,78
41,12,0.9808,0,0,0
41,13,717.0227,1,1,51
41,14,1.0422,0,0,0
41,15,0.9853,0,0,0
41,16,712.9083,1,1,49
41,17,1.0581,0,0,0
41,18,1.4570,0,0,0
41,19,703.7602,1,1,48
41,20,1.0951,0,0,0
41,21,0.8282,0,0,0
41,22,708.7055,1,1,46
41,23,710.5273,1,1,48
41,24,709.5283,1,1,47
41,25,712.6381,1,1,47
41,26,717.5875,1,1,51
41,27,704.5485,1,1,51
41,28,1.2817,0,0,0
41,29,702.4903,1,1,55
41,30,712.2181,1,1,59
41,31,709.4559,1,1,57
41,32,702.8005,1,1,74
41,33,1.3678,0,0,0
41,34,711.6879,1,1,106
41,35,704.4055,1,1,168
41,36,702.9260,1,1,175
41,37,1.8100,0,0,0
41,38,702.3201,1,1,259
41,39,702.0284,1,1,266
41,40,702.7355,1,1,345
41,41,1.4847,0,0,0
41,42,702.8764,1,1,538
41,43,702.0980,1,1,521
41,44,707.1769,1,1,69
41,45,1.3182,0,0,0
41,46,1.2671,0,0,0
41,47,719.9007,1,1,67
41,48,711.6387,1,1,66
41,49,706.3796,1,1,102
41,50,1.2426,0,0,0
41,51,1.4961,0,0,0
41,52,708.0926,1,1,114
41,53,702.5600,1,1,110
41,54,714.3858,1,1,46
41,55,703.5909,1,1,146
41,56,1.8581,0,0,0
41,57,702.2226,1,1,234
41,58,704.1636,1,1,184
41,59,702.2334,1,1,191
41,60,1.9219,0,0,0
41,61,1.6609,0,0,0
41,62,703.1027,1,1,210
41,63,703.8880,1,1,217
41,64,703.8006,1,1,296
41,65,1.5109,0,0,0
41,66,701.8763,1,1,327
41,67,703.6699,1,1,520
41,68,702.2777,1,1,806
41,69,701.8201,1,1,1285
41,70,1.9491,0,0,0
42,0,0.2655,0,0,0
42,1,0.9011,0,0,0
42,2,0.8043,0,0,0
42,3,706.7253,1,1,134
42,4,702.0176,1,1,140
42,5,702.2329,1,1,142
42,6,702.3898,1,1,138
42,7,1.5074,0,0,0
42,8,703.8111,1,1,126
43,0,0.2104,0,0,0
43,1,0.8083,0,0,0
43,2,0.6516,0,0,0
43,3,700.8122,1,1,136
43,4,707.2878,1,1,136
43,5,701.6553,1,1,116
43,6,0.7303,0,0,0
43,7,1.2348,0,0,0
43,8,706.6160,1,1,149
43,9,702.3492,1,1,161
43,10,1.0344,0,0,0
43,11,707.5135,1,1,147
43,12,706.6804,1,1,148
43,13,702.7137,1,1,102
43,14,707.6103,1,1,100
43,15,703.0193,1,1,116
43,16,706.2250,1,1,109
43,17,1.0048,0,0,0
43,18,704.2475,1,1,69
43,19,710.4413,1,1,70
43,20,1.6738,0,0,0
43,21,1.2255,0,0,0
43,22,702.0562,1,1,68
43,23,706.9012,1,1,69
43,24,1.3092,0,0,0
43,25,705.4026,1,1,68
43,26,711.6322,1,1,69
43,27,702.6892,1,1,66
43,28,0.9776,0,0,0
43,29,702.4673,1,1,67
43,30,1.0179,0,0,0
43,31,705.2331,1,1,67
43,32,704.5579,1,1,69
43,33,1.3716,0,0,0
43,34,705.8029,1,1,69
43,35,707.1117,1,1,68
43,36,707.4375,1,1,67
43,37,706.3112,1,1,63
43,38,1.3008,0,0,0
43,39,1.4850,0,0,0
43,40,709.4768,1,1,67
43,41,1.4315,0,0,0
43,42,703.4170,1,1,65
43,43,1.1874,0,0,0
43,44,704.2491,1,1,66
43,45,701.8429,1,1,69
43,46,1.3238,0,0,0
43,47,1.5820,0,0,0
43,48,701.5226,1,1,76
43,49,1.6279,0,0,0
43,50,707.4928,1,1,89
43,51,702.3761,1,1,95
43,52,705.7308,1,1,90
43,53,1.3793,0,0,0
43,54,708.4986,1,1,94
43,55,1.2995,0,0,0
43,56,1.1724,0,0,0
43,57,1.5715,0,0,0
43,58,703.1156,1,1,105
43,59,702.4334,1,1,108
43,60,1.1918,0,0,0
43,61,706.1239,1,1,109
43,62,1.4358,0,0,0
43,63,707.8580,1,1,117
43,64,706.7464,1,1,103
43,65,1.3091,0,0,0
43,66,0.9928,0,0,0
43,67,1.0022,0,0,0
43,68,0.9596,0,0,0
43,69,1.0609,0,0,0
43,70,0.9362,0,0,0
43,71,1.0668,0,0,0
43,72,705.1499,1,1,172
43,73,1.2386,0,0,0
43,74,705.5984,1,1,136
43,75,704.5232,1,1,206
43,76,1.1995,0,0,0
43,77,703.3674,1,1,224
43,78,703.6074,1,1,236
43,79,1.4451,0,0,0
43,80,1.3873,0,0,0
43,81,1.1131,0,0,0
43,82,1.3278,0,0,0
43,83,1.4154,0,0,0
43,84,1.2440,0,0,0
44,0,0.2297,0,0,0
44,1,1.3764,0,0,0
44,2,0.6731,0,0,0
44,3,703.0230,1,1,75
44,4,702.5499,1,1,74
44,5,710.8649,1,1,76
44,6,701.7283,1,1,74
44,7,707.4662,1,1,67
44,8,1.2661,0,0,0
44,9,705.9284,1,1,74
44,10,0.8320,0,0,0
44,11,701.1154,1,1,74
44,12,1.4186,0,0,0
44,13,704.1569,1,1,77
44,14,708.3604,1,1,75
44,15,703.9661,1,1,74
44,16,0.9231,0,0,0
44,17,709.2998,1,1,83
44,18,1.7741,0,0,0
44,19,705.7482,1,1,129
44,20,701.3931,1,1,143
44,21,1.4197,0,0,0
44,22,704.2118,1,1,139
44,23,701.9147,1,1,158
44,24,1.8937,0,0,0
44,25,706.9659,1,1,117
44,26,1.6636,0,0,0
44,27,1.4776,0,0,0
44,28,702.1237,1,1,113
44,29,1.0596,0,0,0
44,30,1.4462,0,0,0
44,31,706.9644,1,1,124
44,32,705.8734,1,1,138
44,33,703.3268,1,1,144
44,34,737.4895,1,1,145
44,35,1.2349,0,0,0
44,36,703.4336,1,1,132
44,37,702.5365,1,1,154
44,38,1.3980,0,0,0
44,39,703.7382,1,1,172
44,40,704.8738,1,1,167
44,41,1.7679,0,0,0
44,42,704.3205,1,1,182
44,43,1.4897,0,0,0
44,44,702.4808,1,1,187
44,45,1.4374,0,0,0
44,46,1.0721,0,0,0
44,47,702.9960,1,1,226
44,48,1.1818,0,0,0
45,0,0.2378,0,0,0
45,1,0.9618,0,0,0
45,2,0.7459,0,0,0
45,3,704.8546,1,1,79
45,4,1.2685,0,0,0
45,5,704.1770,1,1,123
45,6,1.4553,0,0,0
45,7,1.4347,0,0,0
45,8,703.1527,1,1,129
45,9,701.2525,1,1,130
45,10,703.8816,1,1,77
45,11,1.0530,0,0,0
45,12,708.6763,1,1,78
45,13,711.2409,1,1,54
45,14,708.3711,1,1,62
45,15,711.1186,1,1,65
45,16,1.2654,0,0,0
45,17,1.1533,0,0,0
45,18,1.5669,0,0,0
45,19,703.2552,1,1,61
45,20,1.0062,0,0,0
45,21,1.2393,0,0,0
45,22,703.3139,1,1,61
45,23,709.2082,1,1,61
45,24,703.7475,1,1,60
45,25,705.1801,1,1,59
45,26,707.6119,1,1,61
45,27,708.9954,1,1,63
45,28,705.1448,1,1,62
45,29,711.9080,1,1,62
45,30,702.4279,1,1,61
45,31,712.0902,1,1,61
45,32,710.0733,1,1,59
45,33,709.2873,1,1,59
45,34,707.1535,1,1,56
45,35,1.3685,0,0,0
45,36,1.6493,0,0,0
45,37,1.2106,0,0,0
45,38,706.0938,1,1,57
45,39,1.2299,0,0,0
45,40,704.7253,1,1,57
45,41,706.1091,1,1,58
45,42,712.2698,1,1,57
45,43,709.8610,1,1,57
45,44,1.1755,0,0,0
45,45,712.1835,1,1,57
45,46,1.4063,0,0,0
45,47,708.1089,1,1,57
45,48,708.8079,1,1,58
45,49,1.2042,0,0,0
45,50,706.6620,1,1,56
45,51,1.2292,0,0,0
45,52,710.2183,1,1,58
45,53,1.4853,0,0,0
45,54,703.9804,1,1,58
45,55,709.8177,1,1,53
45,56,1.3713,0,0,0
45,57,702.8157,1,1,56
45,58,1.4115,0,0,0
45,59,705.0906,1,1,57
45,60,1.3699,0,0,0
45,61,1.5646,0,0,0
45,62,710.1526,1,1,59
45,63,714.3721,1,1,57
45,64,703.8235,1,1,61
45,65,1.2488,0,0,0
45,66,713.2006,1,1,63
45,67,702.2376,1,1,63
45,68,1.4502,0,0,0
45,69,703.9962,1,1,70
45,70,1.8566,0,0,0
45,71,1.4670,0,0,0
45,72,1.1469,0,0,0
45,73,1.4210,0,0,0
45,74,1.1609,0,0,0
45,75,1.0323,0,0,0
45,76,1.1298,0,0,0
45,77,709.4960,1,1,69
45,78,1.2724,0,0,0
45,79,1.4306,0,0,0
45,80,705.1662,1,1,85
45,81,1.3622,0,0,0
45,82,1.2214,0,0,0
45,83,1.0534,0,0,0
45,84,1.0858,0,0,0
45,85,1.1970,0,0,0
45,86,1.1120,0,0,0
45,87,1.0188,0,0,0
45,88,1.1158,0,0,0
45,89,1.7153,0,0,0
45,90,701.7843,1,1,141
45,91,706.2553,1,1,148
45,92,703.6050,1,1,139
45,93,701.8500,1,1,147
45,94,704.8161,1,1,108
45,95,704.1418,1,1,186
45,96,703.2915,1,1,194
45,97,1.3490,0,0,0
45,98,702.6544,1,1,225
45,99,702.0501,1,1,227
45,100,702.8833,1,1,256
45,101,1.4554,0,0,0
45,102,1.7025,0,0,0
46,0,0.2930,0,0,0
46,1,0.8483,0,0,0
46,2,705.7867,1,1,87
46,3,703.2685,1,1,79
46,4,0.7667,0,0,0
46,5,1.0724,0,0,0
46,6,704.8173,1,1,130
46,7,1.2661,0,0,0
46,8,702.1637,1,1,136
46,9,703.8043,1,1,135
46,10,705.0604,1,1,81
46,11,710.9198,1,1,71
46,12,13.4028,0,0,0
46,13,705.5037,1,1,85
46,14,710.3384,1,1,80
46,15,702.8125,1,1,81
46,16,704.9782,1,1,82
46,17,1.0270,0,0,0
46,18,704.4929,1,1,87
46,19,706.9063,1,1,92
46,20,0.8906,0,0,0
46,21,0.8154,0,0,0
46,22,705.5365,1,1,98
46,23,707.0964,1,1,95
46,24,1.1323,0,0,0
46,25,1.2158,0,0,0
46,26,706.8098,1,1,94
46,27,709.6785,1,1,97
46,28,1.2016,0,0,0
46,29,703.7342,1,1,119
46,30,1.3193,0,0,0
46,31,706.0600,1,1,125
46,32,703.7328,1,1,129
46,33,703.1037,1,1,139
46,34,1.1051,0,0,0
46,35,701.5132,1,1,145
46,36,705.6020,1,1,139
46,37,1.2150,0,0,0
46,38,704.6477,1,1,151
46,39,1.3153,0,0,0
46,40,1.0900,0,0,0
46,41,1.3497,0,0,0
46,42,701.5587,1,1,166
46,43,703.0675,1,1,162
46,44,0.9542,0,0,0
46,45,701.8016,1,1,171
46,46,1.4926,0,0,0
46,47,0.8038,0,0,0
46,48,0.8881,0,0,0
46,49,0.8692,0,0,0
46,50,0.8353,0,0,0
46,51,1.0138,0,0,0
46,52,0.8357,0,0,0
46,53,711.7537,1,1,76
46,54,1.2917,0,0,0
46,55,709.1706,1,1,100
46,56,1.3670,0,0,0
46,57,706.6238,1,1,79
46,58,1.1582,0,0,0
46,59,1.0854,0,0,0
46,60,1.2397,0,0,0
46,61,0.9642,0,0,0
46,62,1.0318,0,0,0
46,63,0.9545,0,0,0
46,64,1.1331,0,0,0
46,65,0.9121,0,0,0
46,66,702.7758,1,1,243
46,67,703.6924,1,1,285
46,68,1.3677,0,0,0
46,69,703.0925,1,1,393
46,70,701.5386,1,1,306
46,71,1.3328,0,0,0
46,72,702.3660,1,1,320
46,73,703.9399,1,1,236
46,74,1.2976,0,0,0
46,75,1.4615,0,0,0
46,76,1.0173,0,0,0
46,77,1.0262,0,0,0
46,78,1.4701,0,0,0
46,79,1.2482,0,0,0
46,80,1.0150,0,0,0
47,0,0.2600,0,0,0
47,1,0.8868,0,0,0
47,2,0.9139,0,0,0
47,3,701.9901,1,1,183
47,4,1.1174,0,0,0
47,5,702.3721,1,1,235
47,6,703.2669,1,1,242
47,7,1.1578,0,0,0
47,8,702.7218,1,1,250
47,9,703.1620,1,1,241
47,10,706.9594,1,1,103
47,11,1.4438,0,0,0
47,12,0.9478,0,0,0
47,13,705.9517,1,1,107
47,14,705.3216,1,1,113
47,15,0.9218,0,0,0
47,16,708.2016,1,1,110
47,17,706.1263,1,1,94
47,18,704.9670,1,1,109
47,19,704.8233,1,1,122
47,20,0.9579,0,0,0
47,21,705.8866,1,1,118
47,22,706.8285,1,1,116
47,23,704.9414,1,1,126
47,24,1.0030,0,0,0
47,25,701.5985,1,1,123
47,26,704.4391,1,1,183
47,27,703.8765,1,1,194
47,28,702.1294,1,1,194
47,29,702.4334,1,1,191
47,30,1.0846,0,0,0
47,31,1.5600,0,0,0
47,32,711.2110,1,1,72
47,33,708.0478,1,1,73
47,34,710.6633,1,1,75
47,35,1.6454,0,0,0
47,36,1.3651,0,0,0
47,37,1.2859,0,0,0
47,38,705.6267,1,1,83
47,39,707.5233,1,1,81
47,40,1.0534,0,0,0
47,41,0.9158,0,0,0
47,42,0.8689,0,0,0
47,43,1.2008,0,0,0
47,44,0.9598,0,0,0
47,45,1.0071,0,0,0
47,46,0.9530,0,0,0
47,47,713.9413,1,1,70
47,48,1.1329,0,0,0
47,49,709.3061,1,1,72
47,50,1.3772,0,0,0
47,51,702.8299,1,1,75
47,52,1.4568,0,0,0
47,53,1.2529,0,0,0
47,54,705.3015,1,1,77
47,55,1.3333,0,0,0
47,56,701.8749,1,1,84
47,57,707.9096,1,1,90
47,58,1.3744,0,0,0
47,59,703.5751,1,1,90
47,60,1.2776,0,0,0
47,61,1.1872,0,0,0
47,62,1.1248,0,0,0
47,63,1.1487,0,0,0
47,64,1.2098,0,0,0
47,65,1.0606,0,0,0
47,66,1.0302,0,0,0
47,67,1.1465,0,0,0
47,68,703.4009,1,1,162
47,69,704.2279,1,1,119
47,70,5.7982,0,0,0
47,71,1.8762,0,0,0
47,72,702.3950,1,1,140
47,73,1.1853,0,0,0
47,74,701.7087,1,1,158
47,75,1.3650,0,0,0
47,76,707.2402,1,1,162
47,77,704.4098,1,1,171
47,78,703.9298,1,1,180
47,79,1.4482,0,0,0
47,80,1.4970,0,0,0
47,81,703.4040,1,1,146
47,82,1.5563,0,0,0
47,83,1.4257,0,0,0
47,84,1.2897,0,0,0
47,85,1.1613,0,0,0
47,86,1.9176,0,0,0
47,87,1.5110,0,0,0
47,88,1.2079,0,0,0
48,0,0.2263,0,0,0
48,1,0.7361,0,0,0
48,2,708.3797,1,1,86
48,3,703.6637,1,1,87
48,4,1.5745,0,0,0
48,5,704.1719,1,1,114
48,6,1.1000,0,0,0
48,7,705.1292,1,1,121
48,8,704.4444,1,1,123
48,9,703.5983,1,1,123
48,10,703.2551,1,1,125
48,11,705.5799,1,1,122
48,12,703.8943,1,1,115
48,13,702.4903,1,1,117
48,14,0.8459,0,0,0
48,15,701.5421,1,1,124
48,16,1.1898,0,0,0
48,17,705.2497,1,1,130
48,18,701.1184,1,1,129
48,19,0.9080,0,0,0
48,20,701.1430,1,1,134
48,21,706.8310,1,1,94
48,22,0.9513,0,0,0
48,23,704.3955,1,1,96
48,24,705.1631,1,1,97
48,25,703.3551,1,1,86
48,26,1.1147,0,0,0
48,27,1.5128,0,0,0
48,28,703.2920,1,1,79
48,29,708.1720,1,1,86
48,30,1.3269,0,0,0
48,31,707.8021,1,1,91
48,32,705.1225,1,1,92
48,33,0.9353,0,0,0
48,34,705.3779,1,1,98
48,35,703.2611,1,1,94
48,36,1.4646,0,0,0
48,37,701.7096,1,1,104
48,38,1.2082,0,0,0
48,39,704.3667,1,1,103
48,40,1.5275,0,0,0
48,41,1.2147,0,0,0
48,42,1.0690,0,0,0
48,43,708.1950,1,1,123
48,44,702.9555,1,1,127
48,45,1.1111,0,0,0
48,46,704.1127,1,1,123
48,47,704.7086,1,1,141
48,48,1.0816,0,0,0
48,49,701.1271,1,1,149
48,50,1.0032,0,0,0
48,51,0.8833,0,0,0
48,52,0.8537,0,0,0
48,53,0.9965,0,0,0
48,54,0.8496,0,0,0
48,55,0.8831,0,0,0
48,56,0.9006,0,0,0
48,57,701.8303,1,1,104
48,58,705.2098,1,1,96
48,59,706.5660,1,1,98
48,60,1.4163,0,0,0
48,61,701.5426,1,1,96
48,62,1.2469,0,0,0
48,63,702.6349,1,1,86
48,64,1.1521,0,0,0
48,65,0.9798,0,0,0
48,66,1.1740,0,0,0
48,67,1.1191,0,0,0
48,68,1.2260,0,0,0
48,69,1.0431,0,0,0
48,70,703.8537,1,1,182
48,71,702.0632,1,1,160
48,72,1.2383,0,0,0
48,73,702.0781,1,1,143
48,74,702.3864,1,1,191
48,75,708.5096,1,1,192
48,76,1.5262,0,0,0
48,77,1.6481,0,0,0
48,78,703.1196,1,1,157
48,79,1.2697,0,0,0
48,80,705.1065,1,1,160
48,81,702.5488,1,1,178
48,82,703.8387,1,1,140
48,83,1.5726,0,0,0
48,84,1.5021,0,0,0
48,85,1.3672,0,0,0
48,86,1.4853,0,0,0
48,87,1.2442,0,0,0
48,88,1.1781,0,0,0
48,89,1.2701,0,0,0
48,90,1.2699,0,0,0
49,0,0.2382,0,0,0
49,1,0.8187,0,0,0
49,2,0.9413,0,0,0
49,3,701.9808,1,1,107
49,4,708.6036,1,1,125
49,5,704.1587,1,1,82
49,6,0.8219,0,0,0
49,7,708.5917,1,1,78
50,0,0.8446,0,0,0
50,1,1.1087,0,0,0
50,2,708.0441,1,1,71
50,3,0.7402,0,0,0
50,4,703.3383,1,1,70
50,5,706.5234,1,1,72
50,6,704.8689,1,1,72
50,7,709.0393,1,1,66
50,8,702.9526,1,1,67
50,9,1.4253,0,0,0
50,10,710.8296,1,1,67
50,11,0.8769,0,0,0
50,12,704.4495,1,1,66
50,13,0.9813,0,0,0
50,14,1.1846,0,0,0
50,15,711.0398,1,1,66
50,16,710.7857,1,1,66
50,17,701.3799,1,1,65
50,18,705.9534,1,1,66
50,19,710.0850,1,1,68
50,20,1.3436,0,0,0
50,21,703.4139,1,1,63
50,22,707.8345,1,1,63
50,23,1.7231,0,0,0
50,24,1.3154,0,0,0
50,25,1.3184,0,0,0
50,26,708.0052,1,1,64
50,27,704.2973,1,1,64
50,28,705.4918,1,1,63
50,29,1.5404,0,0,0
50,30,711.8984,1,1,53
50,31,1.3941,0,0,0
50,32,0.8970,0,0,0
50,33,706.0711,1,1,58
50,34,711.2660,1,1,59
50,35,701.9503,1,1,180
51,0,1.6879,0,0,0
51,1,0.7783,0,0,0
51,2,704.0480,1,1,69
51,3,703.6096,1,1,68
51,4,1.3733,0,0,0
51,5,1.1922,0,0,0
51,6,1.1274,0,0,0
51,7,709.9713,1,1,66
51,8,713.1241,1,1,60
51,9,0.9691,0,0,0
51,10,708.5122,1,1,58
51,11,0.9824,0,0,0
51,12,1.5117,0,0,0
51,13,702.6543,1,1,56
51,14,702.8550,1,1,56
51,15,714.3717,1,1,55
51,16,0.9502,0,0,0
51,17,1.3148,0,0,0
51,18,702.6048,1,1,55
51,19,1.1434,0,0,0
51,20,713.5243,1,1,53
51,21,703.5337,1,1,58
51,22,1.4418,0,0,0
51,23,1.2483,0,0,0
51,24,1.1808,0,0,0
51,25,704.2021,1,1,58
51,26,1.0002,0,0,0
51,27,0.8729,0,0,0
51,28,704.3658,1,1,57
51,29,704.1190,1,1,57
51,30,1.9705,0,0,0
51,31,710.3450,1,1,52
51,32,1.1846,0,0,0
51,33,701.9728,1,1,50
51,34,707.7706,1,1,51
51,35,714.1668,1,1,51
51,36,1.7978,0,0,0
51,37,712.2338,1,1,51
51,38,702.3130,1,1,46
51,39,706.1062,1,1,50
51,40,710.7752,1,1,52
51,41,1.2065,0,0,0
51,42,703.6295,1,1,51
51,43,1.0599,0,0,0
51,44,1.5177,0,0,0
51,45,703.2338,1,1,50
51,46,1.6895,0,0,0
51,47,703.6039,1,1,49
51,48,714.2853,1,1,49
51,49,707.9579,1,1,48
51,50,710.0730,1,1,47
51,51,708.4360,1,1,47
51,52,716.1081,1,1,48
51,53,1.4171,0,0,0
51,54,1.5875,0,0,0
51,55,716.1570,1,1,47
51,56,1.4243,0,0,0
51,57,709.2459,1,1,47
51,58,1.5712,0,0,0
51,59,707.2939,1,1,48
51,60,2.0338,0,0,0
51,61,708.0470,1,1,58
51,62,1.4379,0,0,0
51,63,703.3615,1,1,62
51,64,1.3351,0,0,0
51,65,703.1047,1,1,62
51,66,706.8639,1,1,66
51,67,704.1817,1,1,69
51,68,704.2526,1,1,69
51,69,1.6069,0,0,0
51,70,1.3970,0,0,0
51,71,706.8585,1,1,77
51,72,1.5863,0,0,0
51,73,703.6219,1,1,78
51,74,705.1431,1,1,79
51,75,710.3498,1,1,99
51,76,706.0959,1,1,80
51,77,702.2975,1,1,79
51,78,1.4186,0,0,0
51,79,708.6027,1,1,95
51,80,702.2253,1,1,147
51,81,1.4765,0,0,0
51,82,703.0762,1,1,168
51,83,1.5510,0,0,0
51,84,703.0735,1,1,173
51,85,704.6542,1,1,179
51,86,1.4448,0,0,0
51,87,703.9284,1,1,182
51,88,703.9341,1,1,190
52,0,1.8383,0,0,0
52,1,709.5468,1,1,67
52,2,0.9198,0,0,0
52,3,705.9130,1,1,66
52,4,1.4031,0,0,0
52,5,1.2217,0,0,0
52,6,707.4416,1,1,66
52,7,705.4966,1,1,64
52,8,702.6944,1,1,62
52,9,702.1784,1,1,65
52,10,702.7874,1,1,65
52,11,707.8657,1,1,66
52,12,1.1288,0,0,0
52,13,1.5488,0,0,0
52,14,709.5185,1,1,66
52,15,1.2237,0,0,0
52,16,711.1399,1,1,65
52,17,701.8665,1,1,63
52,18,707.1916,1,1,63
52,19,709.2009,1,1,62
52,20,712.0881,1,1,55
52,21,1.4848,0,0,0
52,22,704.9283,1,1,61
52,23,710.0318,1,1,62
52,24,1.4531,0,0,0
52,25,705.4421,1,1,59
52,26,1.6128,0,0,0
52,27,1.2252,0,0,0
52,28,709.2850,1,1,62
52,29,701.6179,1,1,60
52,30,710.3594,1,1,60
52,31,1.2934,0,0,0
52,32,0.9458,0,0,0
52,33,708.9439,1,1,60
52,34,1.1687,0,0,0
52,35,702.1124,1,1,61
52,36,706.1620,1,1,61
52,37,706.9674,1,1,60
52,38,705.5903,1,1,124
52,39,1.7855,0,0,0
52,40,1.4351,0,0,0
52,41,1.6486,0,0,0
52,42,702.4973,1,1,141
52,43,701.5794,1,1,146
52,44,1.2371,0,0,0
52,45,702.2791,1,1,151
52,46,704.6448,1,1,157
52,47,1.2098,0,0,0
52,48,702.5068,1,1,178
52,49,702.9312,1,1,182
52,50,1.0827,0,0,0
52,51,703.8846,1,1,188
53,0,0.8406,0,0,0
53,1,0.6782,0,0,0
53,2,704.5463,1,1,103
53,3,704.7818,1,1,108
53,4,706.1200,1,1,120
53,5,708.3200,1,1,68
53,6,705.3623,1,1,67
53,7,706.7361,1,1,114
53,8,706.0209,1,1,116
53,9,1.1555,0,0,0
53,10,1.3480,0,0,0
53,11,705.2281,1,1,72
53,12,1.1892,0,0,0
53,13,702.9979,1,1,53
53,14,0.9252,0,0,0
53,15,701.7663,1,1,85
53,16,707.1574,1,1,73
53,17,0.9580,0,0,0
53,18,1.5109,0,0,0
53,19,701.1379,1,1,94
53,20,706.4843,1,1,74
53,21,702.6127,1,1,87
53,22,1.6913,0,0,0
53,23,1.1475,0,0,0
53,24,1.4489,0,0,0
53,25,701.4549,1,1,70
53,26,1.1595,0,0,0
53,27,1.1307,0,0,0
53,28,0.9125,0,0,0
53,29,0.8565,0,0,0
53,30,0.8139,0,0,0
53,31,0.9395,0,0,0
53,32,1.1961,0,0,0
53,33,701.3913,1,1,109
53,34,1.4489,0,0,0
53,35,702.0131,1,1,95
53,36,1.0468,0,0,0
53,37,1.2468,0,0,0
53,38,706.1465,1,1,112
53,39,1.4097,0,0,0
53,40,706.0311,1,1,118
53,41,1.1664,0,0,0
53,42,1.2893,0,0,0
53,43,0.9959,0,0,0
53,44,0.9417,0,0,0
53,45,0.9293,0,0,0
53,46,1.1386,0,0,0
53,47,0.9508,0,0,0
53,48,1.0036,0,0,0
53,49,706.2082,1,1,147
53,50,706.2857,1,1,153
53,51,702.6056,1,1,211
53,52,1.5200,0,0,0
53,53,703.0751,1,1,223
53,54,702.7540,1,1,185
53,55,1.2642,0,0,0
53,56,702.4129,1,1,254
53,57,702.8035,1,1,251
53,58,701.7569,1,1,276
53,59,1.2847,0,0,0
53,60,1.0487,0,0,0
53,61,1.3346,0,0,0
53,62,0.9635,0,0,0
53,63,1.0967,0,0,0
53,64,0.9160,0,0,0
54,0,0.7503,0,0,0
54,1,702.6442,1,1,78
54,2,705.1640,1,1,76
54,3,707.0679,1,1,77
54,4,704.2312,1,1,69
54,5,0.9015,0,0,0
54,6,1.2090,0,0,0
54,7,703.4774,1,1,71
54,8,703.1331,1,1,73
54,9,705.0734,1,1,74
54,10,1.5523,0,0,0
54,11,1.0962,0,0,0
54,12,1.0899,0,0,0
54,13,704.4530,1,1,63
54,14,710.4992,1,1,63
54,15,710.3077,1,1,60
54,16,1.2525,0,0,0
54,17,704.5236,1,1,59
54,18,706.7991,1,1,57
54,19,706.4405,1,1,58
54,20,706.3035,1,1,58
54,21,711.7855,1,1,59
54,22,1.1597,0,0,0
54,23,1.5117,0,0,0
54,24,705.8790,1,1,62
54,25,1.0894,0,0,0
54,26,701.3676,1,1,56
54,27,708.0008,1,1,59
54,28,1.0042,0,0,0
54,29,708.9187,1,1,62
54,30,0.9647,0,0,0
54,31,1.0336,0,0,0
54,32,711.8312,1,1,61
54,33,1.0316,0,0,0
54,34,712.2314,1,1,57
54,35,709.0759,1,1,57
54,36,1.2024,0,0,0
54,37,705.1801,1,1,56
54,38,711.9735,1,1,57
54,39,710.4423,1,1,57
54,40,712.2936,1,1,57
54,41,1.3611,0,0,0
54,42,705.2732,1,1,55
54,43,707.0131,1,1,57
54,44,702.3985,1,1,56
54,45,710.4929,1,1,57
54,46,1.6955,0,0,0
54,47,711.7769,1,1,64
54,48,707.0401,1,1,59
54,49,1.3163,0,0,0
54,50,711.9061,1,1,59
54,51,1.3911,0,0,0
54,52,705.0970,1,1,59
54,53,702.9601,1,1,59
54,54,1.1593,0,0,0
54,55,711.3101,1,1,59
54,56,1.2998,0,0,0
54,57,1.4060,0,0,0
54,58,710.1538,1,1,61
54,59,711.1320,1,1,60
54,60,706.0929,1,1,67
54,61,1.3725,0,0,0
54,62,704.4594,1,1,74
54,63,1.3758,0,0,0
54,64,1.2620,0,0,0
54,65,1.6821,0,0,0
54,66,1.1270,0,0,0
54,67,1.1680,0,0,0
54,68,1.1285,0,0,0
54,69,1.6060,0,0,0
54,70,703.9420,1,1,158
54,71,1.2694,0,0,0
54,72,705.4249,1,1,156
54,73,1.4674,0,0,0
54,74,708.6033,1,1,149
54,75,1.6654,0,0,0
54,76,704.1056,1,1,172
54,77,1.3189,0,0,0
54,78,1.1794,0,0,0
54,79,1.1602,0,0,0
54,80,1.2046,0,0,0
54,81,1.2420,0,0,0
54,82,1.2966,0,0,0
54,83,1.2742,0,0,0
54,84,1.2187,0,0,0
55,0,1.1205,0,0,0
55,1,706.0183,1,1,76
55,2,701.4977,1,1,79
55,3,0.7229,0,0,0
55,4,1.2417,0,0,0
55,5,703.5098,1,1,96
55,6,1.1706,0,0,0
55,7,705.0125,1,1,89
55,8,1.0918,0,0,0
55,9,708.6153,1,1,90
55,10,708.0552,1,1,92
55,11,704.0419,1,1,98
55,12,705.3021,1,1,182
55,13,703.4966,1,1,178
55,14,701.0654,1,1,182
55,15,1.0505,0,0,0
55,16,703.5499,1,1,185
55,17,703.0804,1,1,188
55,18,0.8267,0,0,0
55,19,0.7481,0,0,0
55,20,701.3150,1,1,206
55,21,1.0232,0,0,0
55,22,703.7829,1,1,82
55,23,703.5706,1,1,110
55,24,706.7671,1,1,117
55,25,1.3114,0,0,0
55,26,701.3624,1,1,134
55,27,1.0467,0,0,0
55,28,1.2495,0,0,0
55,29,701.4958,1,1,282
55,30,710.7997,1,1,176
55,31,0.9785,0,0,0
55,32,701.2175,1,1,156
55,33,1.2499,0,0,0
55,34,705.1264,1,1,118
55,35,1.3487,0,0,0
55,36,0.8267,0,0,0
55,37,0.7800,0,0,0
55,38,704.5237,1,1,308
55,39,1.0579,0,0,0
55,40,703.5056,1,1,331
55,41,1.3954,0,0,0
55,42,1.3871,0,0,0
55,43,1.2827,0,0,0
55,44,710.6098,1,1,310
55,45,702.1787,1,1,287
55,46,1.1753,0,0,0
55,47,701.5554,1,1,365
55,48,702.6169,1,1,297
55,49,1.1631,0,0,0
56,0,0.9243,0,0,0
56,1,1.1632,0,0,0
56,2,705.3967,1,1,71
56,3,707.5141,1,1,72
56,4,1.5914,0,0,0
56,5,1.1045,0,0,0
56,6,706.8678,1,1,73
56,7,705.6853,1,1,74
56,8,705.1348,1,1,70
56,9,1.1723,0,0,0
56,10,701.0499,1,1,72
56,11,0.8723,0,0,0
56,12,1.1095,0,0,0
56,13,701.2419,1,1,70
56,14,703.4483,1,1,66
56,15,704.5848,1,1,55
56,16,712.7526,1,1,45
56,17,710.2283,1,1,43
56,18,708.0566,1,1,53
56,19,1.0126,0,0,0
56,20,713.9851,1,1,54
56,21,1.5262,0,0,0
56,22,703.2868,1,1,57
56,23,705.6283,1,1,57
56,24,704.6969,1,1,56
56,25,706.2354,1,1,56
56,26,712.1789,1,1,56
56,27,1.5359,0,0,0
56,28,705.9392,1,1,55
56,29,1.3535,0,0,0
56,30,709.4041,1,1,56
56,31,702.4316,1,1,55
56,32,1.1996,0,0,0
56,33,711.9399,1,1,56
56,34,1.3153,0,0,0
56,35,709.8063,1,1,56
56,36,1.6474,0,0,0
56,37,705.6087,1,1,55
56,38,1.2464,0,0,0
56,39,709.3104,1,1,52
56,40,2.0003,0,0,0
56,41,711.6270,1,1,56
56,42,702.3705,1,1,57
56,43,711.4497,1,1,58
56,44,1.5299,0,0,0
56,45,705.4503,1,1,58
56,46,711.0656,1,1,59
56,47,1.4984,0,0,0
56,48,707.0496,1,1,59
56,49,1.3180,0,0,0
56,50,706.7314,1,1,62
56,51,1.3488,0,0,0
56,52,707.8789,1,1,71
56,53,709.0390,1,1,77
56,54,1.2994,0,0,0
56,55,709.7280,1,1,88
56,56,1.5615,0,0,0
56,57,1.2575,0,0,0
56,58,1.4267,0,0,0
56,59,1.4905,0,0,0
56,60,1.2863,0,0,0
56,61,1.2217,0,0,0
56,62,1.2819,0,0,0
57,0,0.8836,0,0,0
57,1,0.9149,0,0,0
57,2,0.8333,0,0,0
57,3,703.9701,1,1,72
57,4,1.0459,0,0,0
57,5,1.2370,0,0,0
57,6,704.3304,1,1,85
57,7,702.3829,1,1,88
57,8,702.4720,1,1,101
57,9,706.7018,1,1,103
57,10,700.9778,1,1,102
57,11,705.0871,1,1,105
57,12,1.3180,0,0,0
57,13,701.8501,1,1,114
57,14,702.5676,1,1,120
57,15,1.3613,0,0,0
57,16,705.0610,1,1,118
57,17,701.4535,1,1,125
57,18,0.9274,0,0,0
57,19,704.6531,1,1,121
57,20,701.9780,1,1,146
57,21,707.6811,1,1,80
57,22,702.6474,1,1,82
57,23,709.3417,1,1,86
57,24,1.4052,0,0,0
57,25,1.2460,0,0,0
57,26,702.9666,1,1,98
57,27,708.0786,1,1,86
57,28,705.4700,1,1,102
57,29,1.0500,0,0,0
57,30,701.9020,1,1,104
57,31,1.0056,0,0,0
57,32,1.2949,0,0,0
57,33,0.8278,0,0,0
57,34,0.8306,0,0,0
57,35,1.1511,0,0,0
57,36,0.9054,0,0,0
57,37,1.0140,0,0,0
57,38,704.8274,1,1,66
57,39,1.2501,0,0,0
57,40,707.1471,1,1,56
57,41,1.6839,0,0,0
57,42,705.3502,1,1,62
57,43,1.7449,0,0,0
57,44,713.1667,1,1,62
57,45,701.8785,1,1,65
57,46,1.3119,0,0,0
57,47,1.6375,0,0,0
57,48,709.3668,1,1,68
57,49,1.8408,0,0,0
57,50,1.6399,0,0,0
57,51,1.3429,0,0,0
57,52,701.7596,1,1,64
57,53,709.0193,1,1,77
57,54,1.2901,0,0,0
57,55,709.2862,1,1,81
57,56,704.1659,1,1,82
57,57,706.1663,1,1,91
57,58,1.3686,0,0,0
57,59,1.6870,0,0,0
57,60,1.3467,0,0,0
57,61,1.5165,0,0,0
57,62,1.5343,0,0,0
57,63,1.0716,0,0,0
58,0,0.8558,0,0,0
58,1,0.9841,0,0,0
58,2,0.5328,0,0,0
58,3,705.1542,1,1,69
59,0,0.8714,0,0,0
59,1,711.1592,1,1,69
59,2,0.8446,0,0,0
59,3,709.1737,1,1,68
59,4,704.4939,1,1,49
59,5,709.4231,1,1,62
59,6,0.8458,0,0,0
59,7,708.8683,1,1,61
59,8,712.3722,1,1,62
59,9,710.8832,1,1,63
60,0,1.2341,0,0,0
60,1,710.4391,1,1,52
60,2,703.0153,1,1,55
60,3,1.8176,0,0,0
60,4,703.3700,1,1,57
60,5,0.9305,0,0,0
60,6,707.9343,1,1,57
60,7,702.5727,1,1,51
60,8,707.7264,1,1,57
60,9,0.8803,0,0,0
60,10,711.9061,1,1,56
60,11,705.0832,1,1,54
60,12,1.4831,0,0,0
60,13,1.2592,0,0,0
60,14,709.0330,1,1,53
60,15,708.2364,1,1,53
60,16,712.9969,1,1,51
60,17,712.4232,1,1,49
60,18,1.7796,0,0,0
60,19,702.1498,1,1,53
60,20,715.5260,1,1,53
60,21,1.2045,0,0,0
60,22,710.4520,1,1,52
60,23,707.1678,1,1,53
60,24,706.0513,1,1,52
60,25,701.9548,1,1,51
60,26,1.9131,0,0,0
60,27,703.1998,1,1,53
60,28,1.1173,0,0,0
60,29,710.2809,1,1,53
60,30,710.1616,1,1,54
60,31,712.7081,1,1,49
