episode_id,date,period,size_bytes,avg_score,min_score,sum_score,team0,team1,winner,outcome_type,first_player,n_steps,final_turn_p0,final_turn_p1,deck0_hash,deck1_hash,deck0_ncards,deck1_ncards,deck0_source,deck1_source
80210515,2026-06-16,EARLY,383581,628.309278,525.763737,1256.618557,Nozprod,CIARANA,0,DECISIVE,1,22,6,5,da2a64c2ecaab66a,93368b4d03b08e0c,60,60,action,action
80231786,2026-06-16,EARLY,728420,707.674672,635.609748,1415.349343,heart_mugi,pztriatomic,0,DECISIVE,0,38,7,6,da2a64c2ecaab66a,da2a64c2ecaab66a,60,60,action,action
80193250,2026-06-16,EARLY,472108,619.012083,541.773109,1238.024166,すーぱーひとで,okayu777,1,DECISIVE,1,25,4,5,da2a64c2ecaab66a,da2a64c2ecaab66a,60,60,action,action
80231787,2026-06-16,EARLY,3150828,641.059213,601.661170,1282.118427,Halcy8312,Kentaro Hirose,1,DECISIVE,0,114,13,14,7cfd71da7a1b4922,e68d950bf2ff5f6d,60,60,action,action
80215279,2026-06-16,EARLY,3085026,733.819056,632.914081,1467.638112,islet,Chikuwabu,0,DECISIVE,0,121,11,10,6c534f1524e51c74,ce6d9d7c5d4624a8,60,60,action,action
80194016,2026-06-16,EARLY,4338668,831.249949,776.849745,1662.499899,Quan Nguyen,monst_dama,0,DECISIVE,0,162,13,12,6c534f1524e51c74,3b336973fe7b01c6,60,60,action,action
80202844,2026-06-16,EARLY,1900460,611.777027,530.400900,1223.554055,CIARANA,RyotaroAbe,1,DECISIVE,0,83,15,16,da2a64c2ecaab66a,da2a64c2ecaab66a,60,60,action,action
80188332,2026-06-16,EARLY,463744,624.086737,519.857152,1248.173473,Egor Tkachenko,kenn,0,DECISIVE,0,27,5,4,da2a64c2ecaab66a,f8b449845c901957,60,60,action,action
80212602,2026-06-16,EARLY,281833,501.493756,437.589759,1002.987512,Tahsin Arafat,k_tomo,1,DECISIVE,0,17,3,4,772c7a44c066b794,d9fb0077fa70965d,60,60,action,action
80201153,2026-06-16,EARLY,494535,459.657923,395.747209,919.315845,[RU] Nikita Kuznetsov,platypus2000jp,1,DECISIVE,1,26,2,3,da2a64c2ecaab66a,59138a345c6b933a,60,60,action,action
80198756,2026-06-16,EARLY,5110755,574.590675,500.111317,1149.181349,mingjiang,ipruning,0,DECISIVE,0,183,23,22,bb99490b2150e9de,59138a345c6b933a,60,60,action,action
80230771,2026-06-16,EARLY,5155087,760.187677,704.388854,1520.375354,Jack Wilson,Liam Huntswe,0,DECISIVE,0,179,11,10,6c534f1524e51c74,59138a345c6b933a,60,60,action,action
80217283,2026-06-16,EARLY,389059,747.777524,713.431122,1495.555047,nd77dn,jaxroth,0,DECISIVE,0,22,3,2,6c534f1524e51c74,da2a64c2ecaab66a,60,60,action,action
80195515,2026-06-16,EARLY,411410,792.347313,716.151136,1584.694627,Yamico,Kentaro Hirose,1,DECISIVE,1,21,2,3,7539c4dfbf9715c5,e68d950bf2ff5f6d,60,60,action,action
80184579,2026-06-16,EARLY,1614009,651.120065,606.905208,1302.240131,Maxim,ShoKSE,0,DECISIVE,0,74,19,18,4911d251036bbddc,05e473abfcbbc30e,60,60,action,action
80197410,2026-06-16,EARLY,4363428,668.343154,618.100124,1336.686307,sue124,실험용생쥐,1,DECISIVE,1,167,12,13,bd6d592e4dc83485,59138a345c6b933a,60,60,action,action
80198762,2026-06-16,EARLY,502062,575.929895,482.184485,1151.859789,yamy893,Andreas Palmgren,0,DECISIVE,1,26,2,1,67a7792a426b862e,802bece7f228354f,60,60,action,action
80226869,2026-06-16,EARLY,2248345,472.955671,388.041647,945.911341,ShoKSE,Yuki Nakatsuka,1,DECISIVE,1,95,27,27,ee3442c91388221e,a69f4d11334dfa9e,60,60,action,action
80220896,2026-06-16,EARLY,2131029,622.378958,521.232658,1244.757916,ADS,Hiryu,1,DECISIVE,1,90,8,9,926fc98b20624fe6,6c534f1524e51c74,60,60,action,action
80230773,2026-06-16,EARLY,3595246,729.952265,662.441391,1459.904530,graybackcat,MONZ,0,DECISIVE,0,134,27,26,f106156986534f4a,157ad0f02530292c,60,60,action,action
80211286,2026-06-16,EARLY,1164836,518.787353,488.807122,1037.574706,Thomas,Finlay Anderson,1,DECISIVE,0,56,11,12,50b84667aeabce05,da2a64c2ecaab66a,60,60,action,action
80232632,2026-06-16,EARLY,1893236,643.599352,581.256339,1287.198703,Masahiro Nagasawa,Nur Srijan,0,DECISIVE,1,83,18,17,da2a64c2ecaab66a,6c534f1524e51c74,60,60,action,action
80231282,2026-06-16,EARLY,3922090,578.698240,559.076651,1157.396479,honjousetuna,strayuru,1,DECISIVE,0,145,15,16,8a1ecd8388455963,2e854b400870f524,60,60,action,action
80200696,2026-06-16,EARLY,956852,855.559039,772.211440,1711.118077,okadayuki,Palworld🦕,0,DECISIVE,0,49,11,10,4911d251036bbddc,da2a64c2ecaab66a,60,60,action,action
80205476,2026-06-16,EARLY,3578662,795.464057,717.192303,1590.928114,hattori88,Pokemon Garı Gacıyo,1,DECISIVE,0,126,13,14,6c534f1524e51c74,c8687aeba4021219,60,60,action,action
80315722,2026-06-17,EARLY,3343615,767.906758,702.799442,1535.813517,Keito OKAMOTO,kakenn,1,DECISIVE,1,137,26,27,59138a345c6b933a,3d3de6fdbe917126,60,60,action,action
80349914,2026-06-17,EARLY,701809,687.095426,619.851907,1374.190851,Mohammad Hatoum,Akito Matsuyama,1,DECISIVE,0,37,7,8,da2a64c2ecaab66a,ad964cddafdd8be6,60,60,action,action
80345608,2026-06-17,EARLY,2066602,685.424783,609.781821,1370.849566,あれすくん,Emanuel Perez,0,DECISIVE,0,80,9,8,da2a64c2ecaab66a,6c534f1524e51c74,60,60,action,action
80342155,2026-06-17,EARLY,5894912,712.169089,684.132023,1424.338177,Franck Attaix,Skyscraver,0,DECISIVE,1,210,12,11,59138a345c6b933a,bd3a5d98cf29cbc3,60,60,action,action
80299092,2026-06-17,EARLY,3300776,708.910140,628.720092,1417.820280,吉田碧海,Donguk Jung,1,DECISIVE,0,118,15,16,da2a64c2ecaab66a,93019279e4462e67,60,60,action,action
80310715,2026-06-17,EARLY,1494776,778.585871,727.484574,1557.171742,nogu,iwashi,1,DECISIVE,1,65,10,11,3fb280bccb7483a7,4164643d1cfb5694,60,60,action,action
80299618,2026-06-17,EARLY,1695921,830.311377,829.863635,1660.622755,Ayodeji,Tensa.bit,1,DECISIVE,0,78,20,20,19ee00f8440ed2f3,59aefb1a7dfb20a9,60,60,action,action
80350997,2026-06-17,EARLY,686673,996.235917,978.847597,1992.471834,mamaPaPa Cloude,Nikukyu,0,DECISIVE,1,33,6,5,59aefb1a7dfb20a9,59aefb1a7dfb20a9,60,60,action,action
80354974,2026-06-17,EARLY,4931233,837.505976,791.399363,1675.011951,dmiyabe,chenyZan,0,DECISIVE,0,169,15,14,3c1906459f149732,41e645122e9d59c6,60,60,action,action
80298134,2026-06-17,EARLY,748982,772.764179,760.579822,1545.528358,Horikita Saku,ktk,0,DECISIVE,0,38,11,10,59aefb1a7dfb20a9,da2a64c2ecaab66a,60,60,action,action
80304032,2026-06-17,EARLY,3881419,704.316916,676.313969,1408.633833,mingjiang,Aakansha.aakaa,1,DECISIVE,0,148,35,36,bb99490b2150e9de,da2a64c2ecaab66a,60,60,action,action
80274134,2026-06-17,EARLY,2781125,801.274947,723.752593,1602.549895,Yoshimura Soichiro,Bigree,0,DECISIVE,0,109,13,13,59aefb1a7dfb20a9,6c534f1524e51c74,60,60,action,action
80351869,2026-06-17,EARLY,8130521,809.900683,775.936571,1619.801366,PTCG_CN,MagicTrashBag,0,DECISIVE,0,261,15,14,6c534f1524e51c74,bd3a5d98cf29cbc3,60,60,action,action
80357181,2026-06-17,EARLY,6598737,825.169933,756.943769,1650.339867,kashort,Emre Cirak,1,DECISIVE,1,241,28,29,c908956dcc8f8065,c560f1caa3468d1c,60,60,action,action
80362376,2026-06-17,EARLY,584219,703.889814,690.087334,1407.779629,YUTO KOJIMA,laddaL,0,DECISIVE,0,31,7,6,da2a64c2ecaab66a,da2a64c2ecaab66a,60,60,action,action
80352303,2026-06-17,EARLY,2300766,689.772873,641.768831,1379.545746,Chattso-GPT (Yasuhito Yanagisawa),Yuki Yanagi,1,DECISIVE,0,96,7,8,5d0a9771070892dd,6c534f1524e51c74,60,60,action,action
80373760,2026-06-17,EARLY,4553953,945.296466,903.184419,1890.592933,Mitudru Dutta,copasta,0,DECISIVE,0,175,33,32,c560f1caa3468d1c,6c534f1524e51c74,60,60,action,action
80265616,2026-06-17,EARLY,1535269,782.877753,729.823411,1565.755506,Kityyomu,uninc2000,1,DECISIVE,0,61,11,12,da2a64c2ecaab66a,8df93c11538d1013,60,60,action,action
80287443,2026-06-17,EARLY,2266422,885.817872,794.686646,1771.635744,André Fernandes,木村太陽,1,DECISIVE,1,94,12,13,59138a345c6b933a,c560f1caa3468d1c,60,60,action,action
80378831,2026-06-17,EARLY,2229307,676.604777,632.561239,1353.209553,m09855,Donguk Jung,1,DECISIVE,0,99,11,12,70bab7cb8c68f6d0,93019279e4462e67,60,60,action,action
80339175,2026-06-17,EARLY,7511155,755.410440,721.421009,1510.820879,sue124,suzutanuki,1,DECISIVE,0,254,13,14,52bf12478558b725,bd3a5d98cf29cbc3,60,60,action,action
80371312,2026-06-17,EARLY,1077957,714.283981,703.130855,1428.567962,Luo,Rishav Dutta,0,ERROR_OR_TIMEOUT,0,52,7,7,6c534f1524e51c74,06382fe8bcef5212,60,60,action,action
80380246,2026-06-17,EARLY,1278294,1059.609937,1054.776537,2119.219873,peacemonkey,Tanupro,1,DECISIVE,1,61,10,11,73b8e8e2162f22b1,20ba66c22462a120,60,60,action,action
80346358,2026-06-17,EARLY,1199986,764.384733,728.226141,1528.769466,oggata,CIARANA,0,DECISIVE,0,55,5,4,6c534f1524e51c74,713690cdd3ece418,60,60,action,action
80378796,2026-06-17,EARLY,3006887,669.874889,646.732657,1339.749778,Trevor Bernhard,highwide,0,DECISIVE,0,114,17,16,b3f8f5a936f62434,6c534f1524e51c74,60,60,action,action
80420192,2026-06-18,EARLY,3666330,846.152373,792.154124,1692.304747,Blacklions.,Yunosuke Saito,1,DECISIVE,0,129,15,16,b25e7963304a20a1,38e30efeb5cb2709,60,60,action,action
80396396,2026-06-18,EARLY,1175813,892.500926,858.895610,1785.001852,yukinoka,heart_mugi,1,DECISIVE,1,48,4,5,59aefb1a7dfb20a9,6c534f1524e51c74,60,60,action,action
80404846,2026-06-18,EARLY,3041690,909.724442,832.717709,1819.448885,Daiki Kanematsu (パパ),Hamu.py,0,DECISIVE,0,122,15,14,f3a66a435b68dcf2,d17ff875cf148c46,60,60,action,action
80528423,2026-06-18,EARLY,1862236,977.578007,951.563119,1955.156014,mm-1989,yuki,1,DECISIVE,1,82,20,21,67485ccba4bacb8a,59aefb1a7dfb20a9,60,60,action,action
80558620,2026-06-18,EARLY,2025533,958.217805,877.924376,1916.435610,rotto,Mogja J,1,DECISIVE,0,83,8,8,c560f1caa3468d1c,37f128dd13a7fe6c,60,60,action,action
80403230,2026-06-18,EARLY,2821795,1072.129474,1047.971772,2144.258948,Hiroaki Takahashi,Quan Nguyen,0,DECISIVE,1,105,18,17,43050ba7ab3a3667,6c534f1524e51c74,60,60,action,action
80413617,2026-06-18,EARLY,2951569,855.131895,839.506199,1710.263790,hookbook,藤田聖矢,1,DECISIVE,0,114,13,14,6c534f1524e51c74,4697386447317498,60,60,action,action
80485055,2026-06-18,EARLY,628008,881.334542,858.589841,1762.669084,Spanish Duck,Powerful Hands Is All You Need,0,DECISIVE,0,32,3,2,0c2a4f5bf2e3f3dd,94a74a2b69d27207,60,60,action,action
80532086,2026-06-18,EARLY,3195018,850.085457,846.213633,1700.170913,ibushimaru,Kun Zhang,0,DECISIVE,0,119,13,12,6c534f1524e51c74,64e146b2133f7b99,60,60,action,action
80516123,2026-06-18,EARLY,6289652,1002.009135,934.899817,2004.018270,PyJa,copasta,1,DECISIVE,0,221,11,12,6c534f1524e51c74,bd3a5d98cf29cbc3,60,60,action,action
80534861,2026-06-18,EARLY,3865768,886.085517,862.401008,1772.171034,taku_Kuma,CoCoSh,0,DECISIVE,0,142,19,18,6c534f1524e51c74,5bbe78c7df6a16a2,60,60,action,action
80398367,2026-06-18,EARLY,1720385,1102.171429,1101.461020,2204.342858,perrodawn,kenn,0,DECISIVE,0,75,13,12,a1af667ac76988f1,d787bd2fa5f6c5e3,60,60,action,action
80549417,2026-06-18,EARLY,4791691,933.505675,915.568221,1867.011351,Benjamin Zhao3927,Shawn Sullen,1,DECISIVE,0,163,15,16,6c534f1524e51c74,e5af3aed07f5224e,60,60,action,action
80543587,2026-06-18,EARLY,2854230,982.936522,955.512024,1965.873043,Dinesh kumar Thiyagarajan,kenkoooo,1,DECISIVE,0,110,11,12,e952121bc4998adc,6c534f1524e51c74,60,60,action,action
80528809,2026-06-18,EARLY,4243988,1087.866831,1078.305420,2175.733662,KUMA,Alfonso Sánchez,1,DECISIVE,1,153,12,13,2768139fe1eb6d0b,6c534f1524e51c74,60,60,action,action
80417083,2026-06-18,EARLY,3943998,1189.606376,1153.466757,2379.212753,Kyo_s_s,karacoro,0,DECISIVE,0,150,11,10,bd3a5d98cf29cbc3,56c4499b6c774f20,60,60,action,action
80439178,2026-06-18,EARLY,5648321,893.771585,872.515123,1787.543169,keisuketsukagoshi,Paras Sharma,0,DECISIVE,0,197,15,14,a1af667ac76988f1,2768139fe1eb6d0b,60,60,action,action
80475840,2026-06-18,EARLY,3916914,846.382049,828.651559,1692.764099,prime,Kazuhiro Sato,1,DECISIVE,0,134,22,22,6c534f1524e51c74,f2361cdbad25851b,60,60,action,action
80469010,2026-06-18,EARLY,2331417,887.125404,850.475352,1774.250807,Team Rocket,mi22mi,1,DECISIVE,1,94,20,21,834b6eda21fb1237,c560f1caa3468d1c,60,60,action,action
80426250,2026-06-18,EARLY,4793577,1119.134923,1077.112225,2238.269846,strayuru,yaruwo,1,DECISIVE,0,183,15,16,c8c1bf9764932d8d,bd3a5d98cf29cbc3,60,60,action,action
80528732,2026-06-18,EARLY,1573881,848.280015,830.758104,1696.560029,otani_ai_memo,GENGARDEV,1,DECISIVE,0,70,11,12,c560f1caa3468d1c,4164643d1cfb5694,60,60,action,action
80520103,2026-06-18,EARLY,3312271,1046.387829,1022.910696,2092.775658,LORD DREGS,hatata,0,DECISIVE,0,123,13,12,64e146b2133f7b99,2768139fe1eb6d0b,60,60,action,action
80524228,2026-06-18,EARLY,5045047,857.088181,844.210188,1714.176362,john,Kendamarron,0,DECISIVE,0,169,11,10,95faff8465de78ee,6c534f1524e51c74,60,60,action,action
80646876,2026-06-19,EARLY,3283686,1060.180932,1048.620510,2120.361864,suk1yak1,strayuru,1,DECISIVE,0,127,19,20,ae230c9438ca8780,c8c1bf9764932d8d,60,60,action,action
80638100,2026-06-19,EARLY,5534181,993.273467,929.055955,1986.546935,ryuki1101,nobker,1,DECISIVE,1,207,14,15,9aa7d29c16c1b759,bd3a5d98cf29cbc3,60,60,action,action
80668205,2026-06-19,EARLY,4722417,1058.131183,1046.580254,2116.262366,Kohenyan,Shawn Sullen,0,DECISIVE,0,163,17,16,263a758d5919466e,6c534f1524e51c74,60,60,action,action
80688657,2026-06-19,EARLY,5246164,1075.091156,1043.058338,2150.182311,Penguin,2-38.com,0,DECISIVE,0,179,21,20,64e146b2133f7b99,6c534f1524e51c74,60,60,action,action
80653968,2026-06-19,EARLY,1921979,1076.609475,1074.883995,2153.218951,askbox,Marron22246,1,DECISIVE,0,82,7,8,5d4760ae4ba5d621,6c534f1524e51c74,60,60,action,action
80659894,2026-06-19,EARLY,5883275,1030.349228,1025.929611,2060.698457,Kohenyan,takuya noto,0,DECISIVE,0,201,13,12,263a758d5919466e,2768139fe1eb6d0b,60,60,action,action
80734212,2026-06-19,EARLY,4855489,968.650720,954.063887,1937.301440,Darren Koh,monnosuke,0,DECISIVE,0,167,25,24,64e146b2133f7b99,fa9b4d42aaf8360e,60,60,action,action
80674406,2026-06-19,EARLY,2472593,1119.562771,1097.256303,2239.125543,Darren Koh,Shawn Sullen,1,DECISIVE,0,101,9,10,64e146b2133f7b99,6c534f1524e51c74,60,60,action,action
80762090,2026-06-19,EARLY,5472322,1060.540142,1052.028947,2121.080284,pokeka_ryo,copasta,0,DECISIVE,0,195,19,18,ccd41f8554b530ab,bd3a5d98cf29cbc3,60,60,action,action
80668801,2026-06-19,EARLY,4847713,1025.009746,992.597774,2050.019491,tokawa2997,kglctf,1,DECISIVE,0,160,15,16,6c534f1524e51c74,64e146b2133f7b99,60,60,action,action
80696845,2026-06-19,EARLY,302837,1113.912910,1105.851901,2227.825820,kazusw,Angus Chang,0,DECISIVE,0,17,3,2,6c534f1524e51c74,bd3a5d98cf29cbc3,60,60,action,action
80696826,2026-06-19,EARLY,2001393,1123.292512,1085.195161,2246.585024,Egor Tkachenko,Mumtahina Ambrin,0,DECISIVE,0,85,9,8,4a256a933ac66a7b,4a256a933ac66a7b,60,60,action,action
80690117,2026-06-19,EARLY,2138795,1059.996875,1059.195922,2119.993751,vibechu,Takuto Nishimine,1,DECISIVE,0,84,9,10,b4735fbe0dffe3a3,0cba3f750cdde2c5,60,60,action,action
80758513,2026-06-19,EARLY,1201148,962.920448,925.235918,1925.840895,yukinoka,fp563yu,1,DECISIVE,1,55,6,7,59aefb1a7dfb20a9,4a256a933ac66a7b,60,60,action,action
80628981,2026-06-19,EARLY,1766811,1106.506957,1085.240674,2213.013914,parthenos,あれすくん,0,DECISIVE,0,77,9,9,4a256a933ac66a7b,64e146b2133f7b99,60,60,action,action
80761673,2026-06-19,EARLY,4871214,977.564946,971.895185,1955.129893,Baidalin Adilzhan [dsml.kz],DaJimmy,0,DECISIVE,0,170,15,14,4a256a933ac66a7b,64e146b2133f7b99,60,60,action,action
80655955,2026-06-19,EARLY,253983,1046.900367,1027.191798,2093.800734,Takuto Nishimine,SkySell,1,DECISIVE,0,16,3,4,0cba3f750cdde2c5,4a256a933ac66a7b,60,60,action,action
80746357,2026-06-19,EARLY,6642707,950.709184,904.034175,1901.418368,YanXiaohan666,v0m0v,0,DECISIVE,0,215,25,24,4a256a933ac66a7b,f688186debed9e07,60,60,action,action
80606941,2026-06-19,EARLY,3982022,1036.197644,1020.286021,2072.395288,Takuto Nishimine,Mogja J,0,DECISIVE,0,146,13,12,0cba3f750cdde2c5,37f128dd13a7fe6c,60,60,action,action
80725586,2026-06-19,EARLY,3643097,975.915232,961.025834,1951.830464,【ＡＩと共に、ＡＩと戦う】tubotu,Baidalin Adilzhan [dsml.kz],0,DECISIVE,0,128,9,8,d263d4de37a37f2b,4a256a933ac66a7b,60,60,action,action
80747686,2026-06-19,EARLY,2535153,1013.316258,977.480380,2026.632515,kashiwashira,Mitudru Dutta,0,DECISIVE,0,99,9,8,0713a050bdf5801e,64e146b2133f7b99,60,60,action,action
80700664,2026-06-19,EARLY,3081467,1010.957352,984.212817,2021.914705,kglctf,graybackcat,1,DECISIVE,0,116,9,10,4a256a933ac66a7b,dec7cdaef424b950,60,60,action,action
80669900,2026-06-19,EARLY,4764017,987.942207,960.341389,1975.884414,y.shimada,fujiborozoukin,0,DECISIVE,0,159,13,12,6c534f1524e51c74,6c534f1524e51c74,60,60,action,action
80952549,2026-06-20,EARLY,6628419,1005.762631,1000.592001,2011.525262,tetsuro731,M093.jp,0,DECISIVE,0,227,11,10,4a256a933ac66a7b,bd3a5d98cf29cbc3,60,60,action,action
80928982,2026-06-20,EARLY,2843808,1023.204870,979.156135,2046.409740,pankit kumar,tomatomato,1,DECISIVE,0,109,9,10,64e146b2133f7b99,ad9eb15621c47305,60,60,action,action
80794421,2026-06-20,EARLY,3255628,1081.756391,1079.434127,2163.512782,SuperNorman,Naoshin,0,DECISIVE,0,125,11,10,6c534f1524e51c74,4a256a933ac66a7b,60,60,action,action
80958352,2026-06-20,EARLY,2681388,1094.780366,1085.325646,2189.560732,TTU Thome,西松大祐,1,DECISIVE,0,103,11,12,a3f1d2935659226e,cf54338b6b99acc3,60,60,action,action
80888262,2026-06-20,EARLY,3767118,1069.678524,1054.367238,2139.357048,charmq,islet,0,DECISIVE,0,131,13,12,cf54338b6b99acc3,4a256a933ac66a7b,60,60,action,action
80812574,2026-06-20,EARLY,3960521,1153.186856,1108.195147,2306.373712,Hamu.py,graybackcat,1,DECISIVE,0,149,13,14,6c534f1524e51c74,cf54338b6b99acc3,60,60,action,action
80937119,2026-06-20,EARLY,4292240,1130.760084,1089.379119,2261.520167,Ayodeji,Natsuki Kasubata,1,DECISIVE,0,145,9,10,9c9559a6630b5a49,6c534f1524e51c74,60,60,action,action
80927678,2026-06-20,EARLY,800003,1037.682414,976.941183,2075.364828,cogitAI,長谷川太一,0,DECISIVE,0,36,3,2,dbe33b8e11dfbbd0,6205f6abf8c1589f,60,60,action,action
80716424,2026-06-19,EARLY,4422433,1010.277070,997.614264,2020.554140,datnt114,FOYSAL,0,DECISIVE,0,157,11,10,4a256a933ac66a7b,6c534f1524e51c74,60,60,action,action
80968045,2026-06-20,EARLY,5285793,1071.284979,1064.050726,2142.569958,好吃的台灣拉麵,Dakuma,0,DECISIVE,0,183,13,12,831fd3a04060c7c2,4a256a933ac66a7b,60,60,action,action
80970298,2026-06-20,EARLY,5887474,1157.635601,1140.493494,2315.271202,kami,The Debauchery Tea Party,0,DECISIVE,0,202,25,24,831fd3a04060c7c2,6948b9208b17fad2,60,60,action,action
80983912,2026-06-20,EARLY,6557488,1057.227645,1035.391788,2114.455289,Michael Pershin,Junichiro Morita,1,DECISIVE,1,206,22,23,af294ecbe0636e73,cf54338b6b99acc3,60,60,action,action
80800868,2026-06-20,EARLY,950378,1073.050474,1047.674407,2146.100948,dmiyabe,pokeka_ryo,1,DECISIVE,0,46,5,6,3c1906459f149732,7863ae92144e122f,60,60,action,action
80789557,2026-06-20,EARLY,2230300,1048.656148,1016.882614,2097.312296,Toru59er,hhku,1,DECISIVE,0,89,11,12,4a256a933ac66a7b,4a256a933ac66a7b,60,60,action,action
80876486,2026-06-20,EARLY,4624991,1074.936550,1048.452285,2149.873100,charmq,harmo-miu,0,DECISIVE,0,158,13,12,cf54338b6b99acc3,6c534f1524e51c74,60,60,action,action
80927030,2026-06-20,EARLY,3251232,1067.778893,1043.381380,2135.557785,TTU Thome,Kyohei,1,DECISIVE,0,123,11,12,a3f1d2935659226e,4a256a933ac66a7b,60,60,action,action
80934189,2026-06-20,EARLY,4237759,1044.243485,1019.168551,2088.486969,Praxel,llkarill,0,DECISIVE,0,154,15,14,608037127de0670f,c95ba0a784366572,60,60,action,action
80786627,2026-06-20,EARLY,4486396,1015.122598,1005.327162,2030.245196,Toru59er,Mikio,0,DECISIVE,0,160,13,12,4a256a933ac66a7b,6c534f1524e51c74,60,60,action,action
80925737,2026-06-20,EARLY,5693099,1105.962733,1077.889081,2211.925465,YukihiroMaeda,Wasabi,0,DECISIVE,0,194,13,12,7d49edaa78ac6f8c,bd3a5d98cf29cbc3,60,60,action,action
80857769,2026-06-20,EARLY,3871079,1178.465940,1171.349796,2356.931880,Pik-AI-chu,The Debauchery Tea Party,1,DECISIVE,0,134,15,16,4a256a933ac66a7b,6948b9208b17fad2,60,60,action,action
80861189,2026-06-20,EARLY,4852655,1069.918475,1017.477289,2139.836951,yasu,Syed Saad Hasan Emad,0,DECISIVE,0,167,13,12,6c534f1524e51c74,4a256a933ac66a7b,60,60,action,action
80952992,2026-06-20,EARLY,5334976,1141.950323,1090.640951,2283.900646,Kohenyan,AlphaPo,0,DECISIVE,0,180,13,12,74c27650b18b57e3,4a256a933ac66a7b,60,60,action,action
81106321,2026-06-21,EARLY,5891374,1100.713022,1082.370927,2201.426044,Eigetuin,FirstSS-Sub,0,DECISIVE,0,201,17,16,4a256a933ac66a7b,831fd3a04060c7c2,60,60,action,action
81121417,2026-06-21,EARLY,8475450,1047.668553,1034.049592,2095.337105,MIK123456,kashiwashira,0,DECISIVE,0,282,31,30,b55af43e0b922162,d7c3cf38cf288455,60,60,action,action
81141522,2026-06-21,EARLY,1760731,1190.523279,1161.236437,2381.046557,shibushun,hikaru_ishihara46,1,DECISIVE,1,78,12,13,59138a345c6b933a,b8a17357fd357b34,60,60,action,action
80983988,2026-06-20,EARLY,437958,1298.466797,1295.689289,2596.933593,The Debauchery Tea Party,TrustHub hiroingk,0,DECISIVE,1,23,2,1,6948b9208b17fad2,831fd3a04060c7c2,60,60,action,action
81218642,2026-06-21,EARLY,4439243,1166.546292,1134.565819,2333.092585,Magnus Artero,shimacos,0,DECISIVE,0,160,17,16,78424bb7b3831f69,cf54338b6b99acc3,60,60,action,action
81068823,2026-06-21,EARLY,5476161,1122.109711,1109.685239,2244.219423,takumina,Takuto Nishimine,0,DECISIVE,0,189,19,18,831fd3a04060c7c2,0cba3f750cdde2c5,60,60,action,action
80992674,2026-06-21,EARLY,4022638,1046.809229,1045.741214,2093.618459,YT,Ankith Savio,1,DECISIVE,0,149,7,8,bd3a5d98cf29cbc3,4a256a933ac66a7b,60,60,action,action
81086116,2026-06-21,EARLY,5413446,1135.394002,1134.818211,2270.788004,shu,Togo,0,DECISIVE,0,184,13,13,81a40d929609bf7c,831fd3a04060c7c2,60,60,action,action
80910089,2026-06-20,EARLY,3577241,1020.120234,1014.250973,2040.240467,yuki,GarlicToday,0,DECISIVE,0,133,9,10,cf54338b6b99acc3,2768139fe1eb6d0b,60,60,action,action
81087606,2026-06-21,EARLY,858661,1068.201703,1063.126967,2136.403405,Mark Cooper,CYLik,0,DECISIVE,0,42,5,4,6948b9208b17fad2,18b76759876ddefa,60,60,action,action
81169198,2026-06-21,EARLY,2876717,1087.178175,1047.784812,2174.356351,YanXiaohan666,Marron22246,0,DECISIVE,1,110,12,12,aa4a785fce84445d,6c534f1524e51c74,60,60,action,action
81027663,2026-06-21,EARLY,5281738,1067.756897,1060.537728,2135.513794,Tien N.,Dakuma,1,DECISIVE,0,177,17,18,64e146b2133f7b99,4a256a933ac66a7b,60,60,action,action
81219413,2026-06-21,EARLY,6414263,1203.710301,1181.899982,2407.420602,yomogi mochi,persn,0,DECISIVE,0,208,21,20,633a6e693834e6a7,cf54338b6b99acc3,60,60,action,action
81014172,2026-06-21,EARLY,5932824,1096.057771,1092.750803,2192.115542,fttp,dmiyabe,1,DECISIVE,0,193,13,14,cf54338b6b99acc3,3c1906459f149732,60,60,action,action
81018297,2026-06-21,EARLY,3972617,1096.957422,1090.157911,2193.914844,TTU Thome,Shunji Minode,1,DECISIVE,0,141,13,14,a3f1d2935659226e,48dcbf6680fdded7,60,60,action,action
81054588,2026-06-21,EARLY,4847473,1138.156743,1133.153067,2276.313485,vibechu,"Jeremy D. Slater, MD",0,DECISIVE,0,172,21,21,3d9997e1f83bc6ad,6948b9208b17fad2,60,60,action,action
81101722,2026-06-21,EARLY,5526293,1054.125511,1030.505412,2108.251021,kidekikish,Praxel,0,DECISIVE,0,182,19,18,cf54338b6b99acc3,608037127de0670f,60,60,action,action
81168645,2026-06-21,EARLY,3987673,1180.299770,1179.204331,2360.599539,Ketchum Alt,LagrangianLocomotive,1,DECISIVE,0,146,11,12,cf54338b6b99acc3,59138a345c6b933a,60,60,action,action
81179100,2026-06-21,EARLY,5010885,1163.711446,1149.161523,2327.422892,【ＡＩと共に、ＡＩと戦う】tubotu,CYLik,1,DECISIVE,0,167,17,18,d263d4de37a37f2b,cf54338b6b99acc3,60,60,action,action
81200015,2026-06-21,EARLY,5513113,1123.789006,1099.528265,2247.578011,Kyogre,kami,1,DECISIVE,0,187,23,24,6659da8d2bdfb3cc,6948b9208b17fad2,60,60,action,action
81063497,2026-06-21,EARLY,4788569,1173.536869,1151.492053,2347.073738,takumina,kami,1,DECISIVE,0,164,13,14,831fd3a04060c7c2,831fd3a04060c7c2,60,60,action,action
81178538,2026-06-21,EARLY,3575334,1095.265879,1033.973236,2190.531758,sakimyto,Michael Pershin,0,DECISIVE,0,130,13,12,d1047bb4a5001a62,b453d78199930329,60,60,action,action
81170577,2026-06-21,EARLY,5070708,1081.217169,1029.712942,2162.434338,Stagapult,水間,1,DECISIVE,0,174,15,16,65f982cb77ac3847,831fd3a04060c7c2,60,60,action,action
81152285,2026-06-21,EARLY,6144309,1085.949858,1055.984256,2171.899715,harmo-miu,kami,1,DECISIVE,0,210,15,16,6c534f1524e51c74,831fd3a04060c7c2,60,60,action,action
81148466,2026-06-21,EARLY,4157266,1158.410799,1079.465618,2316.821597,Ketchum Alt,AlphaPo,0,DECISIVE,0,145,11,10,cf54338b6b99acc3,4a256a933ac66a7b,60,60,action,action
81324585,2026-06-22,EARLY,4593019,1018.786338,1008.690646,2037.572676,magu,Kyogre,0,DECISIVE,0,160,15,15,cf54338b6b99acc3,6659da8d2bdfb3cc,60,60,action,action
81333637,2026-06-22,EARLY,6135265,1222.724160,1186.056851,2445.448320,Kohenyan,kashiwashira,1,DECISIVE,0,206,21,22,74c27650b18b57e3,d7c3cf38cf288455,60,60,action,action
81333034,2026-06-22,EARLY,3342288,1007.064649,1002.832163,2014.129298,Pokemon Garı Gacıyo,InkCartridge,0,DECISIVE,1,125,16,15,cf54338b6b99acc3,2fa84cd9495ec752,60,60,action,action
81235975,2026-06-22,EARLY,2850816,1027.099887,1011.685694,2054.199775,Thomas,Terminal 7,1,DECISIVE,0,114,11,12,18b76759876ddefa,aa2398e69a3549ad,60,60,action,action
81302870,2026-06-22,EARLY,6422904,1073.663302,1048.342571,2147.326604,Junichiro Morita,カドラバ Kadoraba,1,DECISIVE,0,210,17,18,cf54338b6b99acc3,dec7cdaef424b950,60,60,action,action
81221600,2026-06-22,EARLY,5547042,1159.308546,1117.758282,2318.617091,milix,graybackcat,0,DECISIVE,1,190,16,15,59138a345c6b933a,cf54338b6b99acc3,60,60,action,action
81353313,2026-06-22,EARLY,5559689,1077.786667,1068.834584,2155.573334,Yushin Ito,みずあめ,0,DECISIVE,1,193,24,23,6948b9208b17fad2,9009f46efe8e7721,60,60,action,action
81380765,2026-06-22,EARLY,4464758,1066.554107,1042.751833,2133.108214,syuuuuu,Inlon Kou,0,DECISIVE,0,156,19,18,27995ba791c7fe8b,52bf12478558b725,60,60,action,action
81332243,2026-06-22,EARLY,1182307,1021.979987,996.350462,2043.959974,Magnus Artero,kawachi,0,DECISIVE,0,54,5,4,cf6d10eb0b2ec055,e219a37a1170ce98,60,60,action,action
81272430,2026-06-22,EARLY,3019341,1058.143016,1011.568800,2116.286031,THIRD PTCG Club,Kazuta MIZUTA,0,DECISIVE,1,114,14,13,029c6c989eaf9790,4a256a933ac66a7b,60,60,action,action
81247344,2026-06-22,EARLY,4847019,1042.172164,1019.196149,2084.344328,suwat513,Poshiri,0,DECISIVE,0,169,17,16,272e624d9683e14e,831fd3a04060c7c2,60,60,action,action
81307008,2026-06-22,EARLY,3286899,1016.088425,1014.616517,2032.176851,Takamasa Muto,CurveCowboy,0,DECISIVE,0,127,13,12,429baecf852e7cb3,18b76759876ddefa,60,60,action,action
81255875,2026-06-22,EARLY,3877200,1054.305708,988.304013,2108.611416,Mogja J,MPGaming,0,DECISIVE,0,141,15,14,cf54338b6b99acc3,6948b9208b17fad2,60,60,action,action
81285950,2026-06-22,EARLY,4785252,1001.830655,995.628231,2003.661310,GarlicToday,Famous VibeCoder On The Earth,1,DECISIVE,0,171,18,18,831fd3a04060c7c2,8f488f3f1bd8de40,60,60,action,action
81371503,2026-06-22,EARLY,3473015,1119.445849,1076.425536,2238.891698,Kimiaki Nakamura,kipeo22,0,DECISIVE,1,129,18,17,bfe17f933d600385,bf935b4da2e041b7,60,60,action,action
81222426,2026-06-22,EARLY,6712909,1147.408840,1132.258319,2294.817680,Magnus Artero,shimacos,1,DECISIVE,0,217,27,28,78424bb7b3831f69,cf54338b6b99acc3,60,60,action,action
81266124,2026-06-22,EARLY,4319525,1043.747833,1023.694282,2087.495666,midnq,EF,1,DECISIVE,0,156,15,16,1780347646b3b151,6948b9208b17fad2,60,60,action,action
81283351,2026-06-22,EARLY,5955735,1010.800480,1008.515562,2021.600959,chiri.,HiroyukiSasaki,0,DECISIVE,0,201,25,24,cf54338b6b99acc3,948b0508c38b60ba,60,60,action,action
81274843,2026-06-22,EARLY,7450348,988.064862,944.253372,1976.129725,YuyaSuzuki,M093.jp,0,DECISIVE,0,248,11,10,4a256a933ac66a7b,bd3a5d98cf29cbc3,60,60,action,action
81320554,2026-06-22,EARLY,7041786,1032.171230,995.836689,2064.342459,Takuto Nishimine,kami,1,DECISIVE,0,241,15,16,0cba3f750cdde2c5,831fd3a04060c7c2,60,60,action,action
81325369,2026-06-22,EARLY,6063375,1198.667213,1150.071432,2397.334426,カドラバ Kadoraba,Mogja J,0,DECISIVE,0,196,15,14,dec7cdaef424b950,cf54338b6b99acc3,60,60,action,action
81431389,2026-06-23,EARLY,5429697,683.211480,625.030696,1366.422960,kashort,JJ,0,DECISIVE,1,194,18,17,c908956dcc8f8065,31165ca403dba343,60,60,action,action
81450266,2026-06-23,EARLY,4612514,750.893636,694.859856,1501.787271,m333studio,quwon_000,1,DECISIVE,1,166,16,17,59138a345c6b933a,49d41435c571ef3d,60,60,action,action
81509515,2026-06-23,EARLY,3785723,722.461754,623.251869,1444.923507,japan nobu,LIn Lin,0,DECISIVE,0,135,19,18,4a256a933ac66a7b,6948b9208b17fad2,60,60,action,action
81446142,2026-06-23,EARLY,3898295,780.706394,768.897196,1561.412788,shinichiro uno3,昊天宗乱披风九九归一,0,DECISIVE,1,152,12,11,59138a345c6b933a,b1adeb52225c848f,60,60,action,action
81432669,2026-06-23,EARLY,983707,889.450719,869.014425,1778.901437,menace369,aca-ta,0,DECISIVE,0,47,7,6,4a256a933ac66a7b,dfc731fac71f26f1,60,60,action,action
81300107,2026-06-22,EARLY,5143906,1006.165668,957.714757,2012.331335,Civitas,Collin Christensen,0,DECISIVE,0,171,13,12,831fd3a04060c7c2,64e146b2133f7b99,60,60,action,action
81365183,2026-06-22,EARLY,2938406,1033.028508,993.517041,2066.057016,みずあめ,tototo,0,DECISIVE,0,112,9,8,9009f46efe8e7721,5f5f62912ed0d081,60,60,action,action
81458005,2026-06-23,EARLY,815983,883.526371,823.616846,1767.052742,tetsuro731,KollekTCG,0,DECISIVE,0,38,5,4,6948b9208b17fad2,bb7347225031f868,60,60,action,action
81487020,2026-06-23,EARLY,4749137,742.711680,740.137586,1485.423359,nowan,ヌメルゴンex,0,DECISIVE,1,176,10,9,59138a345c6b933a,6252c1aeeeec00b4,60,60,action,action
81539043,2026-06-23,EARLY,1604064,657.581068,601.392542,1315.162136,osgggg,Anmol611,0,DECISIVE,0,70,9,8,f1b88b11614280fc,d50c653591284f42,60,60,action,action
81222389,2026-06-22,EARLY,569574,1301.140639,1296.412866,2602.281278,NecromanAlbert,THIRD PTCG Club,1,DECISIVE,1,30,2,3,59138a345c6b933a,272e624d9683e14e,60,60,action,action
81496721,2026-06-23,EARLY,3565080,697.187544,620.996535,1394.375088,Pushu?,Wisdom Dogah,1,DECISIVE,0,127,13,14,6c534f1524e51c74,64e146b2133f7b99,60,60,action,action
81430427,2026-06-23,EARLY,1395608,637.886023,573.552070,1275.772047,齋藤壮汰,koucha,1,DECISIVE,1,64,8,9,59138a345c6b933a,52bf12478558b725,60,60,action,action
81494051,2026-06-23,EARLY,4171175,771.620752,708.552037,1543.241504,negi-develop,Yaroslav kholmirzayev,1,DECISIVE,0,147,15,16,b89226f24fe868a6,64e146b2133f7b99,60,60,action,action
81437355,2026-06-23,EARLY,1726635,882.832521,836.339471,1765.665042,Fuzoku,Yuminosuke Sato,0,DECISIVE,0,77,5,4,bd3a5d98cf29cbc3,59aefb1a7dfb20a9,60,60,action,action
81495863,2026-06-23,EARLY,3446648,729.135207,712.661692,1458.270414,Xiangjiang Zhou,matsurih,1,DECISIVE,0,127,9,10,b25e7963304a20a1,cf54338b6b99acc3,60,60,action,action
81445403,2026-06-23,EARLY,1197012,785.698389,729.040446,1571.396778,takuya noto,yousan,0,DECISIVE,0,49,5,4,5c3b250ebbd0471c,84647ca60f2c2fca,60,60,action,action
81457995,2026-06-23,EARLY,3541599,665.953673,635.151789,1331.907346,Articuno0144,Gachimoto,1,DECISIVE,0,127,12,12,6c534f1524e51c74,6948b9208b17fad2,60,60,action,action
81542174,2026-06-23,EARLY,701016,806.148688,721.289841,1612.297376,Junichi Hatano,Ryohei Matsumoto,1,DECISIVE,0,35,5,6,2d71c6f1996fb778,0155f6b15993e7a7,60,60,action,action
81542154,2026-06-23,EARLY,3074645,692.265953,633.291284,1384.531906,ruce015555,Yukari Kotoha,0,DECISIVE,0,123,15,15,4a256a933ac66a7b,ed34d01a12450d80,60,60,action,action
81443127,2026-06-23,EARLY,3978809,677.939542,635.277694,1355.879083,nakashima723,daiki_pyonkichi,1,DECISIVE,0,149,9,10,71837a73b1294f82,831fd3a04060c7c2,60,60,action,action
81462914,2026-06-23,EARLY,7393928,654.396787,610.400271,1308.793575,サム・マウンテンマン,ryuki1101,0,DECISIVE,0,247,11,10,e3f14a93712c1350,bd3a5d98cf29cbc3,60,60,action,action
81526230,2026-06-23,EARLY,3891617,755.810659,705.794457,1511.621317,ごんさくよねきち,LLLJ,0,DECISIVE,0,146,15,14,be3e666b95f6895b,aa551155c06ce464,60,60,action,action
81534889,2026-06-23,EARLY,2893000,812.751970,802.680700,1625.503940,kanadomekei,Wisdom Dogah,0,DECISIVE,0,108,17,16,783d2282290a777c,64e146b2133f7b99,60,60,action,action
81501852,2026-06-23,EARLY,3456936,691.742808,656.290935,1383.485616,Hidaka,terassyi,1,DECISIVE,0,132,13,14,6c534f1524e51c74,13f6f077703405e9,60,60,action,action
81454972,2026-06-23,EARLY,3780932,930.328150,887.760256,1860.656299,Solid_Sea,ひげだるま(inovie株式会社),1,DECISIVE,1,146,12,13,59138a345c6b933a,831fd3a04060c7c2,60,60,action,action
81686248,2026-06-24,EARLY,5408649,948.679616,910.999163,1897.359232,TBBJason,Takuya Ando,0,DECISIVE,1,182,14,13,59138a345c6b933a,608037127de0670f,60,60,action,action
81546225,2026-06-24,EARLY,7257457,1039.409500,1016.548773,2078.819001,Togo,YT,1,DECISIVE,0,252,13,14,59138a345c6b933a,bd3a5d98cf29cbc3,60,60,action,action
81623252,2026-06-24,EARLY,4345063,1170.610165,1146.364152,2341.220331,Angus Chang,Karolina Kafel,1,DECISIVE,0,161,11,12,d28a5e94534aae0c,59138a345c6b933a,60,60,action,action
81476623,2026-06-23,EARLY,1819952,703.658928,674.339536,1407.317856,Fran Milla,niimi_kaggle,0,DECISIVE,0,80,11,10,bb0bed9eab4f4913,c6f1d505670f8dd5,60,60,action,action
81675676,2026-06-24,EARLY,5473009,939.909215,898.617730,1879.818431,Eamonn Kashyap,bohemian3657,0,DECISIVE,0,191,15,14,020506086cb2e7b0,b520caec0c3511ff,60,60,action,action
81677639,2026-06-24,EARLY,4113617,1123.317140,1077.594613,2246.634280,Gotem Penguin,kuma_jp,0,DECISIVE,0,145,11,10,a61ad8dc4eb8b1d6,6c534f1524e51c74,60,60,action,action
81697207,2026-06-24,EARLY,960161,948.055343,914.691639,1896.110686,kawachi,strayuru,0,DECISIVE,0,46,5,4,6a52f924c124b4df,c8c1bf9764932d8d,60,60,action,action
81614519,2026-06-24,EARLY,3806101,1023.375210,1013.549393,2046.750419,hhku,Xunden,0,DECISIVE,0,136,11,10,4a256a933ac66a7b,4a256a933ac66a7b,60,60,action,action
81611036,2026-06-24,EARLY,4198413,950.187701,904.741132,1900.375403,Koki Funahashi,r_4vk,1,DECISIVE,0,146,13,14,c87d6b97afad4e51,cf54338b6b99acc3,60,60,action,action
81576656,2026-06-24,EARLY,1250193,1050.868974,1013.432927,2101.737949,1++++++++,NuuNohjo,0,DECISIVE,0,55,5,4,79181fc7b7433c70,6f11053c647355ae,60,60,action,action
81610512,2026-06-24,EARLY,1961942,1080.569764,1057.211197,2161.139528,Dick Jessen William,Psychic Genesis,0,DECISIVE,0,77,7,6,9c8099036f7d7f16,b1af26bae039a041,60,60,action,action
81610639,2026-06-24,EARLY,5961779,949.954649,942.176060,1899.909298,Saikattyo,NeckBeard,1,DECISIVE,1,192,18,19,cf54338b6b99acc3,95cf523ef7febb46,60,60,action,action
81687745,2026-06-24,EARLY,3943706,1086.427045,1071.593268,2172.854090,Psychic Genesis,TTU Thome,1,DECISIVE,0,144,11,12,b1af26bae039a041,a3f1d2935659226e,60,60,action,action
81575146,2026-06-24,EARLY,2833560,1013.703320,1007.134851,2027.406641,CurveCowboy,quwon_000,1,DECISIVE,0,107,13,14,18b76759876ddefa,49d41435c571ef3d,60,60,action,action
81566849,2026-06-24,EARLY,3481039,1147.472125,1135.939781,2294.944250,takumina,nikechan,1,DECISIVE,1,138,22,23,59138a345c6b933a,5bdb85fd73238ec0,60,60,action,action
81597459,2026-06-24,EARLY,4109872,946.539113,911.573110,1893.078227,menace369,yoiki,1,DECISIVE,0,143,9,10,4a256a933ac66a7b,831fd3a04060c7c2,60,60,action,action
81691884,2026-06-24,EARLY,5370517,1025.205396,1018.431311,2050.410791,OsElCoNIV,Quan Nguyen,0,DECISIVE,1,181,32,32,952f1dfc5ac206f5,6c534f1524e51c74,60,60,action,action
81700542,2026-06-24,EARLY,5949759,953.727339,945.296170,1907.454677,uninc2000,Ketchum Alt,1,DECISIVE,0,193,16,16,2a42912f57efad8c,cf54338b6b99acc3,60,60,action,action
81583482,2026-06-24,EARLY,2852261,948.532066,939.342908,1897.064132,joicygiore,easonyanyan,0,DECISIVE,0,113,13,12,4a256a933ac66a7b,4a256a933ac66a7b,60,60,action,action
81728082,2026-06-24,EARLY,2770669,984.023799,974.797085,1968.047599,kouki__k_4869,Jose Coronel,0,DECISIVE,0,112,13,12,878d8d9ada634b46,ea4318e2c7568857,60,60,action,action
81549596,2026-06-24,EARLY,4568250,956.358036,951.333105,1912.716071,koga_poke,e-toppo,1,DECISIVE,0,158,13,14,7f8649acf715d530,0bf953f8612d58ea,60,60,action,action
81911746,2026-06-25,EARLY,4557740,1236.713272,1214.017836,2473.426544,Yushin Ito,カドラバ Kadoraba,0,DECISIVE,1,156,16,15,6948b9208b17fad2,dec7cdaef424b950,60,60,action,action
81552324,2026-06-24,EARLY,3876212,1046.166143,971.143744,2092.332285,blue0620,原田純平,0,DECISIVE,1,134,12,12,d3d944ac94530cb6,6c534f1524e51c74,60,60,action,action
81903529,2026-06-25,EARLY,3504886,1020.651490,1004.172285,2041.302981,atom1231,SkySell,0,DECISIVE,0,128,9,8,a6562efdc286f9c8,59138a345c6b933a,60,60,action,action
81886925,2026-06-25,EARLY,3094705,1106.633871,1093.605769,2213.267743,Gotem Penguin,【ＡＩと共に、ＡＩと戦う】tubotu,0,DECISIVE,0,110,39,38,e69858a31af3698a,6f782a6b2f10bcdc,60,60,action,action
81772925,2026-06-25,EARLY,2456464,1174.408237,1150.355527,2348.816474,ysakuragi,aca-ta,0,DECISIVE,0,101,9,8,aa2398e69a3549ad,dfc731fac71f26f1,60,60,action,action
81767739,2026-06-25,EARLY,5205405,966.208772,942.908826,1932.417544,CoCoSh,M093.jp,1,DECISIVE,1,193,10,11,9059b2c163006327,bd3a5d98cf29cbc3,60,60,action,action
81680483,2026-06-24,EARLY,287490,1005.445789,989.777065,2010.891577,チームロスギラ,MTL Agent,1,DECISIVE,0,16,3,2,a033289729234cd2,7ff536e7c9835664,60,60,action,action
81649445,2026-06-24,EARLY,2212200,983.449183,967.952599,1966.898367,konaito,aidy,0,DECISIVE,0,93,15,14,831fd3a04060c7c2,831fd3a04060c7c2,60,60,action,action
81825475,2026-06-25,EARLY,4232573,1170.354156,1168.837388,2340.708312,kashiwashira,Gotem Penguin,0,DECISIVE,0,147,17,16,7bdd44c6b37354b5,f9b67c5efbba736e,60,60,action,action
81772423,2026-06-25,EARLY,5119384,1067.710311,1061.264942,2135.420623,TBBJason,kashiwashira,0,DECISIVE,1,183,14,13,59138a345c6b933a,b0922cdeb3e50820,60,60,action,action
81887329,2026-06-25,EARLY,1007535,1034.780627,1032.343260,2069.561254,Ajishio,matsurih,1,DECISIVE,0,47,3,4,ca8556aeaedd5e09,cf54338b6b99acc3,60,60,action,action
81767713,2026-06-25,EARLY,3901790,977.390501,948.521156,1954.781003,tetsuro731,abidencewww,1,DECISIVE,0,147,13,14,6948b9208b17fad2,59138a345c6b933a,60,60,action,action
81883321,2026-06-25,EARLY,4592272,1164.551247,1137.528620,2329.102493,EF,5.5,1,DECISIVE,1,165,16,17,6948b9208b17fad2,8e44b412c21c5dfa,60,60,action,action
81913908,2026-06-25,EARLY,2145217,1363.846507,1345.110962,2727.693014,Yushin Ito,keidroid,1,DECISIVE,0,99,15,16,aa2398e69a3549ad,aa2398e69a3549ad,60,60,action,action
81824204,2026-06-25,EARLY,1765625,1231.968325,1219.990181,2463.936650,Yasuo 0/10/0,MtN,1,DECISIVE,1,74,8,9,59138a345c6b933a,6948b9208b17fad2,60,60,action,action
81817603,2026-06-25,EARLY,996739,971.525664,941.302860,1943.051328,5.5,konaito,0,DECISIVE,0,48,5,4,8e44b412c21c5dfa,831fd3a04060c7c2,60,60,action,action
81812488,2026-06-25,EARLY,6575480,952.324549,923.052703,1904.649099,Tanupro,Noppo,1,DECISIVE,0,215,25,26,cf54338b6b99acc3,cf54338b6b99acc3,60,60,action,action
81904407,2026-06-25,EARLY,846639,961.252306,930.309110,1922.504612,yuyutech(Genuine),Toru59er,1,DECISIVE,1,40,2,3,59138a345c6b933a,4a256a933ac66a7b,60,60,action,action
81734904,2026-06-25,EARLY,1804103,1065.925948,1057.959921,2131.851897,今井大登,ArthurDa,0,DECISIVE,1,80,8,7,ecf80b2c3519a423,98f9ffe7bbd38ac3,60,60,action,action
81828528,2026-06-25,EARLY,3737016,1133.824699,1097.150683,2267.649397,zoroark190,MtN,1,DECISIVE,0,134,14,14,a27827186fbb722b,6948b9208b17fad2,60,60,action,action
81813499,2026-06-25,EARLY,3522366,1014.986286,998.433005,2029.972572,loveispoison,sqrt4kaido,0,DECISIVE,0,130,15,14,6c534f1524e51c74,cf54338b6b99acc3,60,60,action,action
81861989,2026-06-25,EARLY,4650212,1000.877175,976.970054,2001.754349,pompom555,DENPA92,0,DECISIVE,1,159,16,15,cf54338b6b99acc3,2768139fe1eb6d0b,60,60,action,action
81760790,2026-06-25,EARLY,3677042,1045.860453,1014.970591,2091.720905,Samyakraj Bayar,tw_shin,1,DECISIVE,0,134,11,12,4a256a933ac66a7b,b4a4768ffbd13cb7,60,60,action,action
81867648,2026-06-25,EARLY,5183097,990.321679,982.761768,1980.643358,Fran Milla,LagrangianLocomotive,1,DECISIVE,0,178,17,18,2768139fe1eb6d0b,166b5a413018a26a,60,60,action,action
82052797,2026-06-26,EARLY,3278517,1006.018660,987.091322,2012.037320,suk1yak1,Bektursyn Shaimerden,1,DECISIVE,0,123,9,10,1b96d77f991ff5b1,2b3108749e2032d7,60,60,action,action
82048920,2026-06-26,EARLY,5702610,976.133253,962.336065,1952.266505,Tom,Ketchum Alt,0,DECISIVE,1,194,26,25,2b3108749e2032d7,cf54338b6b99acc3,60,60,action,action
82033763,2026-06-26,EARLY,1356039,1038.925257,1019.100297,2077.850515,david valor,くりたんとたけちゃん,1,DECISIVE,1,62,6,7,2b3108749e2032d7,3645bc459bbf3240,60,60,action,action
82057217,2026-06-26,EARLY,3143128,962.861067,957.436842,1925.722135,Galza98,CPAO,1,DECISIVE,0,123,13,14,8f455ef6f755c5e0,d5f6ff6f2f9f11f5,60,60,action,action
81760249,2026-06-25,EARLY,1201101,969.659428,964.372067,1939.318856,Pixegami,CoCoSh,1,DECISIVE,0,59,7,8,48d55595933d4482,9059b2c163006327,60,60,action,action
82088210,2026-06-26,EARLY,4902731,1089.312892,1059.867715,2178.625784,カントー地方マスター,Inlon Kou,0,DECISIVE,1,159,24,24,6948b9208b17fad2,dec7cdaef424b950,60,60,action,action
81856785,2026-06-25,EARLY,4070440,1066.187753,1041.051536,2132.375506,magu,mi22mi,0,DECISIVE,0,160,25,24,cf54338b6b99acc3,aa2398e69a3549ad,60,60,action,action
82087656,2026-06-26,EARLY,5883898,986.874287,984.208976,1973.748573,Kyo_s_s,Kiratan,0,DECISIVE,0,215,13,12,bd3a5d98cf29cbc3,2b3108749e2032d7,60,60,action,action
82049524,2026-06-26,EARLY,4557397,1044.904413,1040.844108,2089.808827,Yusukey12,Kinf11,0,DECISIVE,0,158,19,18,815f539a0c57442e,cf54338b6b99acc3,60,60,action,action
82112829,2026-06-26,EARLY,8263126,1075.339527,1039.579530,2150.679053,fttp,Hamu.py,1,DECISIVE,0,259,33,34,cf54338b6b99acc3,101254ad244275c0,60,60,action,action
81958645,2026-06-26,EARLY,4161259,988.107134,972.161421,1976.214268,tetsuro731,Ketchum Alt,1,DECISIVE,0,146,15,16,6948b9208b17fad2,cf54338b6b99acc3,60,60,action,action
82025133,2026-06-26,EARLY,454952,1076.176383,1044.869438,2152.352765,Leundai,win a real gold medal,1,DECISIVE,0,24,1,2,831fd3a04060c7c2,4a256a933ac66a7b,60,60,action,action
81974670,2026-06-26,EARLY,770968,961.790277,951.226917,1923.580555,snowsapphire,FirstSS-Sub,0,DECISIVE,0,37,3,2,6bbca5fd8a4cfe66,0b99dec21056b2f3,60,60,action,action
81956017,2026-06-26,EARLY,4406486,995.144545,962.083558,1990.289089,genki toyama,THIRD PTCG Club,0,DECISIVE,0,154,13,12,2908e6dd46c4e0fa,63cd6d1f3eb414b1,60,60,action,action
81954354,2026-06-26,EARLY,1145748,957.040294,935.975388,1914.080588,flaty,kouki__k_4869,1,DECISIVE,1,54,8,9,2b3108749e2032d7,878d8d9ada634b46,60,60,action,action
82068406,2026-06-26,EARLY,6456855,989.454252,957.795435,1978.908505,香村貴之,Tom,1,DECISIVE,0,225,13,14,bd3a5d98cf29cbc3,2b3108749e2032d7,60,60,action,action
82068233,2026-06-26,EARLY,3259066,996.168214,983.037880,1992.336428,t.eno,shaga,1,DECISIVE,0,119,11,12,831fd3a04060c7c2,d9614beda9774552,60,60,action,action
81959655,2026-06-26,EARLY,2761711,959.545212,946.365027,1919.090423,kouki__k_4869,Kazama Yusuke,1,DECISIVE,0,108,7,8,878d8d9ada634b46,8881bb34760b486c,60,60,action,action
81990013,2026-06-26,EARLY,3637155,1064.295411,1046.178552,2128.590822,tomatomato,kuma_jp,0,DECISIVE,0,135,13,12,ad9eb15621c47305,5792f2aaf07615e1,60,60,action,action
81962310,2026-06-26,EARLY,3662629,957.958219,949.451601,1915.916439,Ajay_Rao_43,Emre Cirak,1,DECISIVE,0,131,7,8,4a256a933ac66a7b,4a256a933ac66a7b,60,60,action,action
81964753,2026-06-26,EARLY,2594216,1143.727558,1118.787458,2287.455117,Ajishio,lingyundev,1,DECISIVE,0,105,13,14,26d1ef8d6eb65d45,2b3108749e2032d7,60,60,action,action
82044604,2026-06-26,EARLY,5825135,1102.120875,1097.645124,2204.241750,KakuTakagawa,TOMOYA Tsunakawa,0,DECISIVE,1,201,14,13,2b3108749e2032d7,59138a345c6b933a,60,60,action,action
81963543,2026-06-26,EARLY,5318985,966.434447,964.958260,1932.868894,tototo,gibbonhugs,0,DECISIVE,0,179,15,14,5f5f62912ed0d081,cf54338b6b99acc3,60,60,action,action
81986789,2026-06-26,EARLY,4157513,951.607970,949.659974,1903.215939,yuu2704,Umair Zia,0,DECISIVE,0,147,13,12,cf54338b6b99acc3,4a256a933ac66a7b,60,60,action,action
82235187,2026-06-27,EARLY,3908365,1087.705486,1053.994217,2175.410972,ryoya,kashiwashira,0,DECISIVE,1,145,18,17,2b3108749e2032d7,7bdd44c6b37354b5,60,60,action,action
81964208,2026-06-26,EARLY,2111918,1008.166520,959.313270,2016.333041,Benarg,takusemba,1,DECISIVE,0,93,11,12,aa2398e69a3549ad,aa2398e69a3549ad,60,60,action,action
81952095,2026-06-26,EARLY,4747126,954.290947,932.060288,1908.581895,znwe342,Lapra5,0,DECISIVE,0,164,13,12,4a256a933ac66a7b,8d8af3b7021430ef,60,60,action,action
82279324,2026-06-27,EARLY,6377585,987.838330,965.424143,1975.676660,GarlicToday,iwata hiroki,1,DECISIVE,0,207,17,18,831fd3a04060c7c2,831fd3a04060c7c2,60,60,action,action
82316566,2026-06-27,EARLY,3194052,1051.257011,995.879259,2102.514022,Shuto Sagawa,Jake Palanca,1,DECISIVE,1,127,14,15,59138a345c6b933a,d0a690f9fed615dd,60,60,action,action
82283895,2026-06-27,EARLY,2834307,1010.659577,996.007255,2021.319154,東京旅行,Harigane Ippei,1,DECISIVE,0,108,9,10,08243e2321f0e11e,1f2d610cfb1edd15,60,60,action,action
82296994,2026-06-27,EARLY,3352534,1019.994241,1012.913365,2039.988483,Battle Data Base,Takaaki Matsuda,1,DECISIVE,0,127,13,14,05e63c3f2a7ecec1,2b3108749e2032d7,60,60,action,action
82128621,2026-06-27,EARLY,855507,1078.313139,1044.046376,2156.626277,Pikachu,vibechu,1,DECISIVE,1,41,2,3,2b3108749e2032d7,72425533dadc98a1,60,60,action,action
82196404,2026-06-27,EARLY,6134417,1069.015009,1047.991998,2138.030018,Ajishio,HayatoFujihara,0,DECISIVE,0,202,15,14,ca8556aeaedd5e09,0c1b6a93b287e291,60,60,action,action
82313359,2026-06-27,EARLY,2855352,977.674856,954.558189,1955.349711,【ＡＩと共に、ＡＩと戦う】tubotu,Takamasa Muto,0,DECISIVE,0,114,11,10,1a0c457584213a4b,429baecf852e7cb3,60,60,action,action
82189601,2026-06-27,EARLY,282112,1043.025331,1005.480719,2086.050662,5.5,Mathurin Ache,1,DECISIVE,0,16,1,2,902b00d2b6f713c2,4a256a933ac66a7b,60,60,action,action
82265410,2026-06-27,EARLY,3057306,991.151091,966.722190,1982.302181,hikarimaru,tototo,0,DECISIVE,1,118,14,13,2b3108749e2032d7,0d01cd31f0509575,60,60,action,action
82259927,2026-06-27,EARLY,2670655,1049.060517,1003.162558,2098.121034,Ohashi,【ＡＩと共に、ＡＩと戦う】tubotu,0,DECISIVE,1,111,10,9,c1a4aa00d710cc27,1a0c457584213a4b,60,60,action,action
82233594,2026-06-27,EARLY,3505223,1096.239583,1092.534334,2192.479167,ryoya,Kiratan,1,DECISIVE,1,131,12,13,2b3108749e2032d7,2b3108749e2032d7,60,60,action,action
82187138,2026-06-27,EARLY,999256,1091.761545,1078.164645,2183.523089,Ketchum Alt,Mathurin Ache,0,DECISIVE,0,46,5,4,cf54338b6b99acc3,4a256a933ac66a7b,60,60,action,action
82231971,2026-06-27,EARLY,5872249,1094.477632,1088.640681,2188.955263,RtoABC,チームロスギラ,0,DECISIVE,1,197,32,31,a75a8d5778834ad9,7436a436fd90a94d,60,60,action,action
82117644,2026-06-27,EARLY,4259223,985.437023,930.860632,1970.874047,Tsubasa,fttp,1,DECISIVE,0,145,13,14,4a256a933ac66a7b,cf54338b6b99acc3,60,60,action,action
82281891,2026-06-27,EARLY,4252286,1018.723863,994.897526,2037.447727,Kakimoto Takahiro,Sophie,1,DECISIVE,0,147,13,14,4a256a933ac66a7b,4a256a933ac66a7b,60,60,action,action
82173903,2026-06-27,EARLY,2300772,953.126121,943.297226,1906.252243,NecromanAlbert,Exodia,1,DECISIVE,1,99,12,13,59138a345c6b933a,2b3108749e2032d7,60,60,action,action
82120090,2026-06-27,EARLY,375907,1005.582259,989.536328,2011.164517,YT,c-number,1,DECISIVE,0,20,1,2,bd3a5d98cf29cbc3,8fd43c0458cc243a,60,60,action,action
82254819,2026-06-27,EARLY,2190646,951.661421,926.393464,1903.322843,chiri.,barrybao123,1,DECISIVE,0,99,13,14,aa2398e69a3549ad,475b53c995fdd261,60,60,action,action
82385275,2026-06-28,EARLY,4848081,1008.571659,981.655176,2017.143317,rinov321,graybackcat,0,DECISIVE,0,167,13,12,6c534f1524e51c74,6466b09d801253cc,60,60,action,action
82457893,2026-06-28,EARLY,3269160,1080.855746,1055.568216,2161.711493,Akira-Ninth,渡邊征央,0,DECISIVE,1,120,14,13,9d1dad39ec641aa0,2b3108749e2032d7,60,60,action,action
82415591,2026-06-28,EARLY,436174,963.636943,950.894715,1927.273886,Kyo_s_s,iwawawawa iwawa,1,DECISIVE,0,24,1,2,bd3a5d98cf29cbc3,6c534f1524e51c74,60,60,action,action
82373037,2026-06-28,EARLY,3882464,1138.425583,1095.269848,2276.851167,monnosuke,Morim,1,DECISIVE,0,143,15,16,d5e2e6b068b45bf0,2b3108749e2032d7,60,60,action,action
82501283,2026-06-28,EARLY,3604206,960.694043,941.462646,1921.388087,NekoChan-NekoChan,そうめん,0,DECISIVE,0,135,17,16,aa2398e69a3549ad,27335d2b3cf332a5,60,60,action,action
82305927,2026-06-27,EARLY,6163555,1018.623472,1004.559741,2037.246944,カントー地方マスター,Kinf11,1,DECISIVE,0,205,19,20,831fd3a04060c7c2,cf54338b6b99acc3,60,60,action,action
82311370,2026-06-27,EARLY,4332465,986.434137,937.242572,1972.868274,shu8Cream,David Goldrajch,1,DECISIVE,0,151,11,12,8852a64a0959129f,4a256a933ac66a7b,60,60,action,action
82277610,2026-06-27,EARLY,3798880,1019.860250,1010.893122,2039.720500,n=1,KakuTakagawa,1,DECISIVE,0,139,19,20,6948b9208b17fad2,2b3108749e2032d7,60,60,action,action
82401272,2026-06-28,EARLY,6906050,1200.257982,1169.684140,2400.515964,mikelou1,kazuki0123,1,DECISIVE,1,228,18,19,596d814be92eab55,c9d8794e26a87fa3,60,60,action,action
82256439,2026-06-27,EARLY,4045989,989.648609,972.219989,1979.297219,omoch1...?,konaito,0,DECISIVE,1,150,12,11,2b3108749e2032d7,831fd3a04060c7c2,60,60,action,action
82483754,2026-06-28,EARLY,3453712,1059.876076,1016.366982,2119.752153,c-number,kokatsu,1,DECISIVE,0,128,9,10,134e9702ab6e4562,31eb35a15d9cce08,60,60,action,action
82386873,2026-06-28,EARLY,3680152,992.733785,985.211798,1985.467569,genki toyama,rinov321,0,DECISIVE,0,138,13,12,2908e6dd46c4e0fa,6c534f1524e51c74,60,60,action,action
82479209,2026-06-28,EARLY,2409078,1151.793603,1151.233580,2303.587207,airMac 778,mikelou1,0,DECISIVE,0,94,11,10,87878bec14a895a0,596d814be92eab55,60,60,action,action
82483905,2026-06-28,EARLY,2441973,1035.662071,1017.134550,2071.324143,tadhase,monnosuke,0,DECISIVE,1,101,14,13,5b3b6c68dfdc9bd7,d5e2e6b068b45bf0,60,60,action,action
82367266,2026-06-28,EARLY,1869811,1024.657361,1010.934976,2049.314721,Hexylab,Team kuma,0,DECISIVE,1,84,10,9,aa2398e69a3549ad,cf54338b6b99acc3,60,60,action,action
82436930,2026-06-28,EARLY,3786752,1004.249956,964.642602,2008.499913,Xander,Ty-Yuki,0,DECISIVE,1,135,10,9,2b3108749e2032d7,59138a345c6b933a,60,60,action,action
82448663,2026-06-28,EARLY,3296093,1099.279585,1095.165846,2198.559170,RtoABC,Yxy2001,1,DECISIVE,1,122,16,17,a75a8d5778834ad9,2b3108749e2032d7,60,60,action,action
82413324,2026-06-28,EARLY,4249542,1280.492013,1247.555640,2560.984027,haiy_qq,keidroid,1,DECISIVE,1,163,22,23,2b3108749e2032d7,aa2398e69a3549ad,60,60,action,action
82454696,2026-06-28,EARLY,1862840,1009.788171,992.060482,2019.576343,Morim,Niko Kristanto,1,DECISIVE,0,79,5,6,ad9eb15621c47305,2a57f95a0978f0cc,60,60,action,action
82403320,2026-06-28,EARLY,4763146,1051.302570,1028.925207,2102.605140,Budew,pompom555,0,DECISIVE,1,168,22,21,2b3108749e2032d7,cf54338b6b99acc3,60,60,action,action
82500183,2026-06-28,EARLY,6789956,965.327750,948.931444,1930.655500,suk1yak1,suis101,0,DECISIVE,0,232,11,10,1b96d77f991ff5b1,bd3a5d98cf29cbc3,60,60,action,action
82374640,2026-06-28,EARLY,2784668,966.427881,949.434626,1932.855761,shu,kazuki0123,1,DECISIVE,0,115,11,12,cf54338b6b99acc3,c9d8794e26a87fa3,60,60,action,action
82414567,2026-06-28,EARLY,6151285,1005.620916,992.664739,2011.241833,TBBJason,Marron22246,1,DECISIVE,1,202,12,13,59138a345c6b933a,6c534f1524e51c74,60,60,action,action
82317745,2026-06-28,EARLY,1572489,1390.507349,1378.190634,2781.014697,Yushin Ito,ShumpeiNomura,0,DECISIVE,0,76,13,12,aa2398e69a3549ad,755af6541b064429,60,60,action,action
82342257,2026-06-28,EARLY,3202073,982.332586,980.878665,1964.665172,tonghuicheng,FirstSS-Sub,1,DECISIVE,0,118,7,8,a3f1d2935659226e,0b99dec21056b2f3,60,60,action,action
82492037,2026-06-28,EARLY,3342931,1162.129366,1148.115111,2324.258732,reika555,nsytsqdtn,0,DECISIVE,1,128,12,11,2b3108749e2032d7,2b3108749e2032d7,60,60,action,action
82482678,2026-06-28,EARLY,7598035,1073.237984,1071.002880,2146.475967,kemurayama,キーウィ,0,DECISIVE,0,252,23,22,b28bceb540618967,59138a345c6b933a,60,60,action,action
82642463,2026-06-29,EARLY,4557872,1087.056733,1078.279274,2174.113465,snowsapphire,Blacklions.,0,DECISIVE,1,157,20,19,2b3108749e2032d7,b166b6b93aa1670b,60,60,action,action
82701085,2026-06-29,EARLY,1591187,1030.679709,994.798548,2061.359417,Shoya Taguchi,cam3ronc,0,DECISIVE,1,70,12,11,2b3108749e2032d7,2b3108749e2032d7,60,60,action,action
82636884,2026-06-29,EARLY,6519672,1119.111355,1095.388634,2238.222710,Shunji Minode,Gappy,0,DECISIVE,0,212,21,20,089c8f9468e47b28,433c63791dfad146,60,60,action,action
82545407,2026-06-29,EARLY,3812068,1032.410273,1018.254824,2064.820546,渡邉瑛貴,Yuiki,1,DECISIVE,1,136,10,11,2b3108749e2032d7,753c7d1f9e30d5be,60,60,action,action
82579606,2026-06-29,EARLY,2697102,1147.665763,1096.915216,2295.331527,【ＡＩと共に、ＡＩと戦う】tubotu,katsudon 421,0,DECISIVE,0,100,7,6,1a0c457584213a4b,65c1c1667f96d6d8,60,60,action,action
82611849,2026-06-29,EARLY,3363554,1029.683139,1003.525335,2059.366277,haiy_qq,Akira-Ninth,0,DECISIVE,1,125,10,9,adeed07e68a1023b,9d1dad39ec641aa0,60,60,action,action
82534943,2026-06-29,EARLY,4025524,992.846900,921.647808,1985.693800,shikitora,Niko Kristanto,1,DECISIVE,0,143,11,12,4a256a933ac66a7b,2a8c2e76cea8afd6,60,60,action,action
82573740,2026-06-29,EARLY,3935268,1037.373399,982.926779,2074.746797,Naoshin,Takaaki Matsuda,0,DECISIVE,0,143,13,12,4a256a933ac66a7b,ef1c3cb4eae26467,60,60,action,action
82635260,2026-06-29,EARLY,2605236,1037.876507,1035.670724,2075.753015,Niko Kristanto,senkin13,0,DECISIVE,0,106,9,8,08ea081375e70f53,2b3108749e2032d7,60,60,action,action
82711602,2026-06-29,EARLY,3351778,1174.066926,1142.449199,2348.133851,zoroark190,hikarimaru,0,DECISIVE,0,123,21,20,842972d3b3962877,2b3108749e2032d7,60,60,action,action
82523785,2026-06-29,EARLY,2488108,1018.112889,980.997642,2036.225779,Myckel Uribe,illunome,1,DECISIVE,0,99,9,10,21e4a1741cea81a9,52bf12478558b725,60,60,action,action
82661539,2026-06-29,EARLY,3900095,1131.002750,1118.398848,2262.005500,orikage,カドラバ Kadoraba,1,DECISIVE,1,148,14,15,59138a345c6b933a,a08c00547af63ae9,60,60,action,action
82547530,2026-06-29,EARLY,3883204,1044.131308,1039.108085,2088.262615,klog,Yufeng,0,DECISIVE,1,138,16,15,2b3108749e2032d7,5b3b6c68dfdc9bd7,60,60,action,action
82620690,2026-06-29,EARLY,2878939,1063.382812,991.829980,2126.765624,HIROYA KIKUCHI,zoroark190,0,DECISIVE,1,115,10,9,2b3108749e2032d7,4d9c007bfce1e9a0,60,60,action,action
82536809,2026-06-29,EARLY,2777890,973.465515,949.709627,1946.931029,denden12,Fayche,0,DECISIVE,0,108,15,14,aa2398e69a3549ad,2209c374c5fe2353,60,60,action,action
82642445,2026-06-29,EARLY,5290301,1150.725726,1145.915239,2301.451453,Inlon Kou,airMac 778,1,DECISIVE,0,183,11,12,dec7cdaef424b950,87878bec14a895a0,60,60,action,action
82638454,2026-06-29,EARLY,7132332,1008.766367,1001.777280,2017.532735,BluezLee,konaito,0,DECISIVE,0,235,15,14,b4ef20e5475def6f,831fd3a04060c7c2,60,60,action,action
82684959,2026-06-29,EARLY,3993596,975.079778,931.166966,1950.159557,snowsapphire,Hamachi,1,DECISIVE,1,147,14,15,b166b6b93aa1670b,2b3108749e2032d7,60,60,action,action
82562550,2026-06-29,EARLY,2844458,1014.165213,1012.358946,2028.330426,koiwashi,kidekikish,0,DECISIVE,1,115,12,11,01e3b9c098771ebd,d25455c6b9cfac0d,60,60,action,action
82689303,2026-06-29,EARLY,3905592,980.769646,976.016151,1961.539291,Ryoga Naito,Praxel,1,DECISIVE,1,147,10,11,59138a345c6b933a,2b3108749e2032d7,60,60,action,action
82695090,2026-06-29,EARLY,2816191,990.089276,988.732805,1980.178553,f.a.nina,ChillR,1,DECISIVE,1,114,14,15,b166b6b93aa1670b,890af7220ecf499d,60,60,action,action
82765672,2026-06-30,EARLY,3662037,1051.103624,1020.227895,2102.207248,ShumpeiNomura,Tokiya Osuka,1,DECISIVE,0,138,15,16,8e82656e634ac2da,2b3108749e2032d7,60,60,action,action
82590467,2026-06-29,EARLY,5841316,1049.103997,1047.224289,2098.207994,yaruwo,NukoNiko15,0,DECISIVE,0,211,9,8,bd3a5d98cf29cbc3,4a12527f6d92c9a2,60,60,action,action
82630790,2026-06-29,EARLY,3328439,1003.627394,972.537235,2007.254789,askamijo,takaygiiiiiiii,1,DECISIVE,1,129,12,13,2b3108749e2032d7,b166b6b93aa1670b,60,60,action,action
82922499,2026-06-30,EARLY,5514609,1082.978363,1060.934031,2165.956726,takumina,Yasuo 0/10/0,0,DECISIVE,1,200,16,15,59138a345c6b933a,59138a345c6b933a,60,60,action,action
82880392,2026-06-30,EARLY,3133504,1219.352538,1184.928606,2438.705077,sqrt4kaido,tomatomato,0,DECISIVE,0,117,11,10,da71c738ef47665c,ad9eb15621c47305,60,60,action,action
82765669,2026-06-30,EARLY,5126620,1194.862679,1156.957187,2389.725359,Yushin Ito,kazuki0123,1,DECISIVE,1,172,12,13,6948b9208b17fad2,c9d8794e26a87fa3,60,60,action,action
82926373,2026-06-30,EARLY,3822604,1051.973918,1044.282909,2103.947836,takumina,Ryosei Kojima,0,DECISIVE,1,139,8,7,59138a345c6b933a,cf54338b6b99acc3,60,60,action,action
82918337,2026-06-30,EARLY,4827922,1061.311951,1021.433904,2122.623902,みがわり,LowEffort,0,DECISIVE,0,171,17,16,831fd3a04060c7c2,2b3108749e2032d7,60,60,action,action
82746479,2026-06-30,EARLY,3763105,1190.065817,1173.779915,2380.131635,Myckel Uribe,THIRD PTCG Club,1,DECISIVE,1,145,12,13,3f0180aa6166785a,6b960e3ec5086fd3,60,60,action,action
82762628,2026-06-30,EARLY,3426724,1073.370880,1030.854040,2146.741760,Morim,tadhase,0,DECISIVE,1,134,16,15,2b3108749e2032d7,5b3b6c68dfdc9bd7,60,60,action,action
82681383,2026-06-29,EARLY,2857459,1033.921625,1027.389069,2067.843251,nsytsqdtn,Brendan Gho,0,DECISIVE,1,113,16,15,2b3108749e2032d7,2b3108749e2032d7,60,60,action,action
82667905,2026-06-29,EARLY,1792251,998.378773,968.272111,1996.757545,Shuang Ranse,tonakaiiii,0,DECISIVE,0,83,9,8,ad9eb15621c47305,afaa4ac744b28ee5,60,60,action,action
82872198,2026-06-30,EARLY,4735257,1140.469165,1133.228164,2280.938330,【ＡＩと共に、ＡＩと戦う】tubotu,suguuuuu & hiehie,0,DECISIVE,0,170,17,16,a35cdf3304ae2d9d,dec7cdaef424b950,60,60,action,action
82927607,2026-06-30,EARLY,3842543,1254.212883,1250.216689,2508.425766,Moegi,The Debauchery Tea Party,0,DECISIVE,1,144,16,15,ecb9fd41d48b6ccb,910dcaefeb77a2f0,60,60,action,action
82905088,2026-06-30,EARLY,2750247,1225.385839,1199.783019,2450.771677,pztriatomic,THIRD PTCG Club,1,DECISIVE,1,109,12,13,2b3108749e2032d7,bf4fd9046cb2d210,60,60,action,action
82915596,2026-06-30,EARLY,2545559,1109.229284,1105.841350,2218.458569,Gotem Penguin,barrybao123,1,DECISIVE,0,107,17,18,e69858a31af3698a,ff9fd85c64aa648a,60,60,action,action
82931201,2026-06-30,EARLY,1765056,1081.056987,1048.969602,2162.113974,takusemba,monnu,1,DECISIVE,1,72,6,7,aa2398e69a3549ad,f9b67c5efbba736e,60,60,action,action
82921841,2026-06-30,EARLY,2541189,1113.118560,1111.701062,2226.237121,Gotem Penguin,ヌメルゴンex,0,DECISIVE,0,97,41,40,e69858a31af3698a,a7ecb399eff72c6a,60,60,action,action
82925424,2026-06-30,EARLY,302176,1089.130664,1077.459188,2178.261328,keidroid,Akshay Punjabi,0,DECISIVE,0,18,3,2,aa2398e69a3549ad,d97004b63104f708,60,60,action,action
82932913,2026-06-30,EARLY,5863139,1192.356194,1164.246343,2384.712388,zoroark190,kawachi,0,DECISIVE,0,197,15,14,842972d3b3962877,9b0067512e7461eb,60,60,action,action
82916792,2026-06-30,EARLY,4771799,1084.895350,1055.345817,2169.790699,Shun,TTT Is All You Need,0,DECISIVE,1,178,18,17,7da5f9d0172c327a,46becdc8f8899835,60,60,action,action
82782489,2026-06-30,EARLY,2694838,1094.758323,1069.891768,2189.516646,david valor,askamijo,1,DECISIVE,1,104,12,13,2b3108749e2032d7,2b3108749e2032d7,60,60,action,action
82847825,2026-06-30,EARLY,5459689,1240.729355,1223.614009,2481.458710,yoshimasak,カドラバ Kadoraba,0,DECISIVE,1,197,12,11,59138a345c6b933a,dec7cdaef424b950,60,60,action,action
82857844,2026-06-30,EARLY,768911,1134.283842,1126.910341,2268.567684,jiatu.l,S4nkurero,1,DECISIVE,0,36,3,4,aa2398e69a3549ad,831fd3a04060c7c2,60,60,action,action
82919905,2026-06-30,EARLY,4603334,1052.156765,1038.833114,2104.313530,MooDerEchte,takumina,0,DECISIVE,1,158,14,13,2b3108749e2032d7,831fd3a04060c7c2,60,60,action,action
83082056,2026-07-01,EARLY,1369649,1138.139898,1121.183957,2276.279796,Ajishio,iwashi,0,DECISIVE,0,60,5,4,8417597ea8879a72,2b3108749e2032d7,60,60,action,action
83013332,2026-07-01,EARLY,3133899,1187.723124,1132.299790,2375.446249,Moegi,zoroark190,1,DECISIVE,1,120,20,21,ecb9fd41d48b6ccb,842972d3b3962877,60,60,action,action
83092680,2026-07-01,EARLY,5261312,1169.268978,1154.328292,2338.537957,kazuki0123,CardPilotLab,1,DECISIVE,0,190,15,16,c9d8794e26a87fa3,890af7220ecf499d,60,60,action,action
83172987,2026-07-01,EARLY,2906205,1141.021891,1114.569572,2282.043782,ezreal77,UBI=ISHI,1,DECISIVE,1,114,10,11,22d3f669e8184599,a61ad8dc4eb8b1d6,60,60,action,action
83037691,2026-07-01,EARLY,6040202,1156.944295,1156.725369,2313.888590,S4nkurero,チームロスギラ,1,DECISIVE,0,195,13,14,831fd3a04060c7c2,7436a436fd90a94d,60,60,action,action
83094777,2026-07-01,EARLY,483354,1208.750845,1191.442597,2417.501691,Akira-Ninth,Michael Krager,0,DECISIVE,1,25,2,2,9d1dad39ec641aa0,a88ac606b2d71a36,60,60,action,action
83148253,2026-07-01,EARLY,1769022,1148.393503,1142.153881,2296.787006,Yushin Ito,aidy,0,DECISIVE,0,81,9,8,aa2398e69a3549ad,831fd3a04060c7c2,60,60,action,action
83149741,2026-07-01,EARLY,5041648,1289.952433,1277.637596,2579.904865,The Debauchery Tea Party,kazuki0123,0,DECISIVE,0,179,11,10,910dcaefeb77a2f0,c9d8794e26a87fa3,60,60,action,action
82940670,2026-07-01,EARLY,4192660,1185.503697,1129.380003,2371.007394,Yushin Ito,Kohenyan,1,DECISIVE,0,169,19,20,aa2398e69a3549ad,74c27650b18b57e3,60,60,action,action
82986781,2026-07-01,EARLY,4115232,1178.150121,1174.978601,2356.300243,capbloo,ShumpeiNomura,0,DECISIVE,0,146,11,10,22e465ba34de23db,8e82656e634ac2da,60,60,action,action
82981003,2026-07-01,EARLY,4268205,1194.910763,1179.973224,2389.821526,Takaaki Matsuda,S4nkurero,0,DECISIVE,1,158,12,11,890af7220ecf499d,831fd3a04060c7c2,60,60,action,action
83109521,2026-07-01,EARLY,2841709,1316.816289,1300.205649,2633.632578,kazuki0123,The Debauchery Tea Party,0,DECISIVE,0,116,11,10,c9d8794e26a87fa3,910dcaefeb77a2f0,60,60,action,action
82954712,2026-07-01,EARLY,2490630,1175.685036,1159.035337,2351.370072,Gotem Penguin,kazuki0123,1,DECISIVE,0,101,8,8,f9b67c5efbba736e,c9d8794e26a87fa3,60,60,action,action
83164022,2026-07-01,EARLY,6018088,1145.711593,1134.493428,2291.423187,kazuki0123,CardPilotLab,1,DECISIVE,0,208,14,14,c9d8794e26a87fa3,890af7220ecf499d,60,60,action,action
82966988,2026-07-01,EARLY,3225237,1176.429315,1148.847460,2352.858630,yamy893,Gotem Penguin,0,DECISIVE,0,115,11,10,d9614beda9774552,f9b67c5efbba736e,60,60,action,action
82945664,2026-07-01,EARLY,5599075,1141.913051,1136.397554,2283.826103,チームロスギラ,kawachi,1,DECISIVE,0,196,15,16,7436a436fd90a94d,9b0067512e7461eb,60,60,action,action
82963736,2026-07-01,EARLY,4131716,1142.751374,1076.276551,2285.502747,yoshimasak,Yushin Ito,1,DECISIVE,1,146,12,13,59138a345c6b933a,6948b9208b17fad2,60,60,action,action
83018228,2026-07-01,EARLY,6071327,1158.817460,1141.451588,2317.634920,Gotem Penguin,aidy,0,DECISIVE,0,209,15,14,f9b67c5efbba736e,831fd3a04060c7c2,60,60,action,action
83170121,2026-07-01,EARLY,3796220,1159.395313,1117.494774,2318.790626,Oshbocker,Michael Krager,1,DECISIVE,1,143,70,71,2b3108749e2032d7,a88ac606b2d71a36,60,60,action,action
83164014,2026-07-01,EARLY,3853355,1172.596768,1134.316379,2345.193537,CardPilotLab,THIRD PTCG Club,1,DECISIVE,1,138,12,13,890af7220ecf499d,bf4fd9046cb2d210,60,60,action,action
83416621,2026-07-02,EARLY,2831344,1105.328925,1104.158922,2210.657851,ykuroka,yamy893,0,DECISIVE,0,103,17,16,7c58f3915e31351e,d9614beda9774552,60,60,action,action
82942755,2026-07-01,EARLY,2903768,1173.501471,1124.399647,2347.002942,Akira-Ninth,zoroark190,1,DECISIVE,1,110,10,11,9d1dad39ec641aa0,842972d3b3962877,60,60,action,action
83308043,2026-07-02,EARLY,5373801,1175.903332,1126.895814,2351.806663,Ajishio,tonakaiiii,1,DECISIVE,0,188,11,12,8417597ea8879a72,b43a53d96da0f0b5,60,60,action,action
83038310,2026-07-01,EARLY,474908,1160.156731,1086.420642,2320.313462,Yushin Ito,みがわり,0,DECISIVE,1,24,2,1,6948b9208b17fad2,831fd3a04060c7c2,60,60,action,action
83111652,2026-07-01,EARLY,5259810,1156.197520,1136.643346,2312.395041,capbloo,Akira-Ninth,1,DECISIVE,0,174,15,16,43a84eaf17fde18d,9d1dad39ec641aa0,60,60,action,action
83446451,2026-07-02,EARLY,6408835,1110.468259,1109.043368,2220.936518,を,ebisu_ya,0,DECISIVE,0,218,77,76,a88ac606b2d71a36,a88ac606b2d71a36,60,60,action,action
83058346,2026-07-01,EARLY,4166564,1226.058952,1165.005471,2452.117905,kazuki0123,capbloo,1,DECISIVE,0,151,9,10,c9d8794e26a87fa3,43a84eaf17fde18d,60,60,action,action
83196451,2026-07-02,EARLY,2954736,1156.922236,1154.099257,2313.844472,yamy893,CardPilotLab,1,DECISIVE,0,109,15,16,d9614beda9774552,890af7220ecf499d,60,60,action,action
83316260,2026-07-02,EARLY,1671809,1180.400822,1164.378071,2360.801644,Yushin Ito,ShumpeiNomura,0,DECISIVE,0,79,11,10,aa2398e69a3549ad,0f8ded0dab3abdd6,60,60,action,action
83251909,2026-07-02,EARLY,3921589,1099.982916,1012.878063,2199.965832,THIRD PTCG Club,f.a.nina,0,DECISIVE,0,148,13,12,bf4fd9046cb2d210,b166b6b93aa1670b,60,60,action,action
83308088,2026-07-02,EARLY,3750372,1102.520633,1088.901322,2205.041265,Bata09,CCoffie,1,DECISIVE,0,135,11,12,b13b062a5e20bcf3,b13b062a5e20bcf3,60,60,action,action
83291470,2026-07-02,EARLY,3282684,1130.846198,1124.318047,2261.692397,THIRD PTCG Club,Yushin Ito,1,DECISIVE,0,136,13,14,bf4fd9046cb2d210,aa2398e69a3549ad,60,60,action,action
83209035,2026-07-02,EARLY,3118633,1137.417321,1125.032574,2274.834643,pokeka_ryo,CardPilotLab,0,DECISIVE,0,124,15,14,27b307e62db35245,890af7220ecf499d,60,60,action,action
83301841,2026-07-02,EARLY,6882331,1224.898504,1224.898327,2449.797008,S4nkurero,The Debauchery Tea Party,0,DECISIVE,0,240,13,12,b43a53d96da0f0b5,910dcaefeb77a2f0,60,60,action,action
83263997,2026-07-02,EARLY,4600852,1151.422249,1121.164353,2302.844497,ShumpeiNomura,zoroark190,0,DECISIVE,0,158,15,14,e2db90241152a724,842972d3b3962877,60,60,action,action
83356709,2026-07-02,EARLY,3828902,1208.056487,1202.444112,2416.112974,Dick Jessen William,tonakaiiii,0,DECISIVE,0,133,11,10,9c8099036f7d7f16,b43a53d96da0f0b5,60,60,action,action
83211684,2026-07-02,EARLY,2977350,1135.157345,1121.089674,2270.314690,yamy893,KentoHako,0,DECISIVE,0,106,11,11,d9614beda9774552,c8214905070b4630,60,60,action,action
83334021,2026-07-02,EARLY,3752555,1167.698759,1162.166168,2335.397517,ShumpeiNomura,Dick Jessen William,1,DECISIVE,0,132,13,14,0f8ded0dab3abdd6,9c8099036f7d7f16,60,60,action,action
83405646,2026-07-02,EARLY,7670623,1138.187815,1096.211992,2276.375629,kazuki0123,easonyanyan,0,DECISIVE,0,251,13,12,c9d8794e26a87fa3,910dcaefeb77a2f0,60,60,action,action
83226612,2026-07-02,EARLY,1844011,1149.757473,1148.708973,2299.514947,pokeka_ryo,tsukammo,0,DECISIVE,0,79,5,5,27b307e62db35245,606a61efc171d5d9,60,60,action,action
83291409,2026-07-02,EARLY,6185645,1232.756694,1197.951920,2465.513388,kazuki0123,tonakaiiii,0,DECISIVE,0,214,13,13,c9d8794e26a87fa3,b43a53d96da0f0b5,60,60,action,action
83425734,2026-07-02,EARLY,5814619,1140.380786,1119.783447,2280.761571,を,zoroark190,1,DECISIVE,0,202,49,50,a88ac606b2d71a36,842972d3b3962877,60,60,action,action
83236008,2026-07-02,EARLY,1266719,1101.951656,1097.325341,2203.903313,Koba Empire,mikelou1,1,DECISIVE,1,54,8,9,890af7220ecf499d,e5766997074f72cb,60,60,action,action
83245915,2026-07-02,EARLY,6082375,1129.178151,1104.994904,2258.356302,Yushin Ito,aidy,0,DECISIVE,1,203,20,19,6948b9208b17fad2,831fd3a04060c7c2,60,60,action,action
83228046,2026-07-02,EARLY,2750555,1202.262961,1158.210679,2404.525921,Akira-Ninth,THIRD PTCG Club,1,DECISIVE,1,105,10,11,9d1dad39ec641aa0,bf4fd9046cb2d210,60,60,action,action
83654881,2026-07-03,EARLY,6183031,1106.512503,1103.445401,2213.025006,ebisu_ya,XP3RiX,1,DECISIVE,1,199,36,37,a88ac606b2d71a36,e6c8c8b46da53cae,60,60,action,action
83485795,2026-07-03,EARLY,2094049,1139.746151,1135.682569,2279.492301,Yushin Ito,やる気元気ミワハルキ,1,DECISIVE,0,89,9,10,aa2398e69a3549ad,c80ecfa9fa17df43,60,60,action,action
83591624,2026-07-03,EARLY,2603206,1207.229906,1197.116207,2414.459813,Yushin Ito,tonakaiiii,0,DECISIVE,0,109,13,13,aa2398e69a3549ad,b43a53d96da0f0b5,60,60,action,action
83595779,2026-07-03,EARLY,4468554,1074.694683,1033.329157,2149.389367,Ajishio,TTT Is All You Need,0,DECISIVE,0,159,11,10,8417597ea8879a72,46becdc8f8899835,60,60,action,action
83545957,2026-07-03,EARLY,2380091,1186.267236,1182.760869,2372.534472,Yushin Ito,kazuki0123,1,DECISIVE,0,108,9,10,aa2398e69a3549ad,c9d8794e26a87fa3,60,60,action,action
83595774,2026-07-03,EARLY,1245573,1123.397079,1121.477970,2246.794157,zoroark190,Ajishio,0,DECISIVE,0,58,5,4,842972d3b3962877,8417597ea8879a72,60,60,action,action
83626937,2026-07-03,EARLY,5949978,1239.487170,1225.699574,2478.974339,kazuki0123,tonakaiiii,1,DECISIVE,0,203,13,14,c9d8794e26a87fa3,b43a53d96da0f0b5,60,60,action,action
83690993,2026-07-03,EARLY,6637585,1091.238557,1064.295524,2182.477114,TEAM NAME,suguuuuu & hiehie,1,DECISIVE,0,223,19,20,902b00d2b6f713c2,cf54338b6b99acc3,60,60,action,action
83316244,2026-07-02,EARLY,361507,1141.926139,1124.686664,2283.852277,Ajishio,Yushin Ito,1,DECISIVE,0,18,1,2,8417597ea8879a72,aa2398e69a3549ad,60,60,action,action
83546748,2026-07-03,EARLY,4382065,1181.321502,1137.496940,2362.643004,tonakaiiii,XP3RiX,0,DECISIVE,0,161,13,12,b43a53d96da0f0b5,e6c8c8b46da53cae,60,60,action,action
83595162,2026-07-03,EARLY,6516759,1071.562095,1059.898964,2143.124190,UBI=ISHI,Kohenyan,0,DECISIVE,0,218,15,14,a61ad8dc4eb8b1d6,74c27650b18b57e3,60,60,action,action
83513349,2026-07-03,EARLY,4200059,1139.009286,1079.762910,2278.018571,ykuroka,tonakaiiii,1,DECISIVE,0,155,15,16,7c58f3915e31351e,b43a53d96da0f0b5,60,60,action,action
83453143,2026-07-03,EARLY,6077538,1082.574191,1062.044994,2165.148382,THIRD PTCG Club,aidy,0,DECISIVE,0,203,17,16,bf4fd9046cb2d210,831fd3a04060c7c2,60,60,action,action
83536180,2026-07-03,EARLY,3980368,1119.718454,1072.516963,2239.436908,yamy893,aidy,0,DECISIVE,0,144,13,12,d9614beda9774552,831fd3a04060c7c2,60,60,action,action
83663836,2026-07-03,EARLY,4508171,1087.215451,1061.019613,2174.430901,LagrangianLocomotive,ShumpeiNomura,0,DECISIVE,0,158,25,24,b20e3e96100a11d5,0f8ded0dab3abdd6,60,60,action,action
83591668,2026-07-03,EARLY,2295475,1071.733205,1052.900723,2143.466409,Pokkén,THIRD PTCG Club,1,DECISIVE,1,95,8,9,2dad2c302cbb4a32,bf4fd9046cb2d210,60,60,action,action
83608890,2026-07-03,EARLY,4808586,1094.302688,1054.544329,2188.605377,渡邊征央,iwata hiroki,0,DECISIVE,0,174,13,12,b43a53d96da0f0b5,c9bc1a3aecffc907,60,60,action,action
83498977,2026-07-03,EARLY,5751306,1114.429384,1111.168018,2228.858767,kazuki0123,zoroark190,0,DECISIVE,0,196,15,14,c9d8794e26a87fa3,842972d3b3962877,60,60,action,action
83605285,2026-07-03,EARLY,25299169,1103.833684,1088.724275,2207.667368,Michael Krager,TeamSCSQ(チームスクスク),1,DECISIVE,0,695,119,120,a88ac606b2d71a36,f4c5bf3227cd6c54,60,60,action,action
83580847,2026-07-03,EARLY,5880602,1092.632899,1060.123538,2185.265798,aidy,kawachi,0,DECISIVE,0,205,13,12,831fd3a04060c7c2,b41dab6a922e3a11,60,60,action,action
83681756,2026-07-03,EARLY,4603445,1165.015498,1132.182999,2330.030996,tonakaiiii,THIRD PTCG Club,1,DECISIVE,0,160,10,10,b43a53d96da0f0b5,6b960e3ec5086fd3,60,60,action,action
83693823,2026-07-03,EARLY,5631774,1083.799981,1070.526251,2167.599962,ebisu_ya,S4nkurero,1,DECISIVE,1,203,36,37,a88ac606b2d71a36,b43a53d96da0f0b5,60,60,action,action
83922756,2026-07-04,EARLY,6855297,1067.866472,1063.411577,2135.732944,ojicat,213tubo,1,DECISIVE,0,239,13,14,6618cabff34b2735,b43a53d96da0f0b5,60,60,action,action
83771040,2026-07-04,EARLY,6406732,1186.988970,1183.343974,2373.977940,btk15049,tonakaiiii,1,DECISIVE,1,216,20,21,dafa1e6efd85150e,b43a53d96da0f0b5,60,60,action,action
83968040,2026-07-04,EARLY,8394841,1092.772791,1079.199149,2185.545583,btk15049,tonakaiiii,0,DECISIVE,1,269,22,21,dafa1e6efd85150e,b43a53d96da0f0b5,60,60,action,action
83724017,2026-07-04,EARLY,3437822,1141.534960,1091.184060,2283.069919,Dũng Đỗ,Ars Noveau,0,DECISIVE,0,137,17,16,69252ea384766495,b43a53d96da0f0b5,60,60,action,action
83837136,2026-07-04,EARLY,2472630,1067.735920,1063.814412,2135.471840,zoroark190,e-toppo,1,DECISIVE,0,99,7,8,7c0a454617fc9ab4,12293a0a8bee5401,60,60,action,action
83813196,2026-07-04,EARLY,3218957,1166.018289,1113.331402,2332.036578,ShumpeiNomura,tonakaiiii,1,DECISIVE,0,128,11,12,0f8ded0dab3abdd6,b43a53d96da0f0b5,60,60,action,action
83731100,2026-07-04,EARLY,1203069,1127.839149,1090.126276,2255.678298,kazuki0123,Michael Krager,0,DECISIVE,0,56,5,4,c9d8794e26a87fa3,a88ac606b2d71a36,60,60,action,action
83735710,2026-07-04,EARLY,5464663,1147.331642,1111.460239,2294.663284,kashiwashira,THIRD PTCG Club,1,DECISIVE,0,186,25,26,1e58a553d59975a3,6b960e3ec5086fd3,60,60,action,action
83934225,2026-07-04,EARLY,4130432,1155.820196,1113.432214,2311.640392,iwashi,nasuo445,1,DECISIVE,0,150,11,12,b43a53d96da0f0b5,e34dae96b1984485,60,60,action,action
83818990,2026-07-04,EARLY,5874086,1073.059971,1027.227359,2146.119942,easonyanyan,UBI=ISHI,0,DECISIVE,0,203,13,12,f4f9e0b2dfde5a5c,a61ad8dc4eb8b1d6,60,60,action,action
83829248,2026-07-04,EARLY,3651629,1096.075775,1087.502260,2192.151550,WinDecks,渡邊征央,0,DECISIVE,0,144,11,10,27b307e62db35245,b43a53d96da0f0b5,60,60,action,action
83726927,2026-07-04,EARLY,3796325,1103.640264,1064.635130,2207.280528,Ryo Ochi,btk15049,1,DECISIVE,0,143,13,14,7c58f3915e31351e,dafa1e6efd85150e,60,60,action,action
83965033,2026-07-04,EARLY,4933943,1067.872498,1049.679428,2135.744996,MR.h,junlee789,0,DECISIVE,0,166,19,18,7c58f3915e31351e,afaa4ac744b28ee5,60,60,action,action
83791983,2026-07-04,EARLY,4491547,1142.891429,1078.605031,2285.782859,MCH,tonakaiiii,1,DECISIVE,0,170,15,16,b4d63a18cb52e991,b43a53d96da0f0b5,60,60,action,action
83854422,2026-07-04,EARLY,5582993,1071.972371,1067.064295,2143.944741,btk15049,UBI=ISHI,1,DECISIVE,1,199,14,15,dafa1e6efd85150e,a61ad8dc4eb8b1d6,60,60,action,action
83854277,2026-07-04,EARLY,2920697,1073.991878,1028.634135,2147.983757,senkin13,hoshippi,1,DECISIVE,0,118,11,12,4c28bf81fe75900c,c8c8ca4e003ab163,60,60,action,action
83746280,2026-07-04,EARLY,7649941,1135.579066,1106.072577,2271.158132,kazuki0123,ZETADIVISION,0,DECISIVE,0,252,15,14,c9d8794e26a87fa3,7d3dd55013032486,60,60,action,action
83927935,2026-07-04,EARLY,5223082,1086.682831,1066.097100,2173.365663,easonyanyan,WinDecks,0,DECISIVE,0,190,17,16,f4f9e0b2dfde5a5c,478924c6d1995606,60,60,action,action
83729699,2026-07-04,EARLY,5555662,1094.878025,1088.684271,2189.756050,Ars Noveau,WinDecks,0,DECISIVE,0,199,17,16,b43a53d96da0f0b5,27b307e62db35245,60,60,action,action
83874862,2026-07-04,EARLY,1982860,1084.971796,1056.879543,2169.943592,hiroyuki tahuma,WinDecks,0,DECISIVE,0,84,9,8,82a1a9b771343f24,27b307e62db35245,60,60,action,action
83849135,2026-07-04,EARLY,4136172,1098.763959,1055.130822,2197.527917,kazuki0123,5.5,1,DECISIVE,0,161,13,14,c9d8794e26a87fa3,902b00d2b6f713c2,60,60,action,action
83823483,2026-07-04,EARLY,1938594,1074.249166,1031.854683,2148.498332,Ars Noveau,WinDecks,1,DECISIVE,0,86,10,10,b43a53d96da0f0b5,27b307e62db35245,60,60,action,action
83926368,2026-07-04,EARLY,2260360,1066.006105,1042.983130,2132.012211,渡邊征央,変化の書ゾロアーク,0,DECISIVE,0,95,9,8,b43a53d96da0f0b5,7436a436fd90a94d,60,60,action,action
83809679,2026-07-04,EARLY,3328568,1103.945183,1099.271909,2207.890366,BluezLee,btk15049,1,DECISIVE,1,134,12,13,69d88f938f8b3f54,dafa1e6efd85150e,60,60,action,action
84033744,2026-07-05,EARLY,4233157,1075.576210,1049.460105,2151.152420,Takaaki Matsuda,aidy,0,DECISIVE,1,160,16,15,ecb9fd41d48b6ccb,831fd3a04060c7c2,60,60,action,action
83973426,2026-07-05,EARLY,1887394,1055.014966,1039.804801,2110.029932,BluezLee,tw_shin,1,DECISIVE,1,80,6,7,69d88f938f8b3f54,bfb8a7a58fcd4295,60,60,action,action
84214786,2026-07-05,EARLY,5571690,1086.387972,1049.095296,2172.775943,RK,nasuo445,0,DECISIVE,0,184,15,14,9c50bcb722a76d15,e34dae96b1984485,60,60,action,action
84205040,2026-07-05,EARLY,5671746,1044.950597,1038.708153,2089.901194,Pokemon Siuuuu,kazuki0123,1,DECISIVE,0,196,15,16,831fd3a04060c7c2,c9d8794e26a87fa3,60,60,action,action
84182280,2026-07-05,EARLY,2515348,1083.957927,1058.983007,2167.915855,Rmy,noikaret,0,DECISIVE,0,104,9,8,831fd3a04060c7c2,fb8f0ed22caee7b4,60,60,action,action
84068247,2026-07-05,EARLY,3144920,1084.222533,1026.262164,2168.445066,電気通信ポケモン大学,tonakaiiii,0,DECISIVE,0,116,9,8,b13b062a5e20bcf3,b43a53d96da0f0b5,60,60,action,action
84041662,2026-07-05,EARLY,7101212,1064.207802,1002.049263,2128.415604,tonakaiiii,Boss's Orders Are All You Need,0,DECISIVE,0,242,13,12,b43a53d96da0f0b5,c9d8794e26a87fa3,60,60,action,action
84051351,2026-07-05,EARLY,3131950,1055.924876,1011.755474,2111.849753,chamboabi,Rmy,0,DECISIVE,0,122,13,12,1970046e58cd431d,831fd3a04060c7c2,60,60,action,action
84096238,2026-07-05,EARLY,5620637,1103.460808,1072.238625,2206.921616,TEAM NAME,Rmy,0,DECISIVE,0,191,13,12,a38180053506b20f,831fd3a04060c7c2,60,60,action,action
83980707,2026-07-05,EARLY,1297629,1073.260314,1068.946601,2146.520629,zoroark190,Yushin Ito,0,DECISIVE,0,59,7,6,0fb452788ceca249,aa2398e69a3549ad,60,60,action,action
84210384,2026-07-05,EARLY,5916161,1076.658333,1063.516119,2153.316666,kazuki0123,tonakaiiii,1,DECISIVE,0,207,11,12,c9d8794e26a87fa3,b43a53d96da0f0b5,60,60,action,action
84209131,2026-07-05,EARLY,440265,1043.810802,1040.486398,2087.621604,渡邊征央,ShumpeiNomura,0,DECISIVE,0,25,3,2,b43a53d96da0f0b5,3c825a3abd501753,60,60,action,action
84108989,2026-07-05,EARLY,3593029,1081.568870,985.672074,2163.137740,nasuo445,victorvv,0,DECISIVE,0,131,11,10,e34dae96b1984485,b166b6b93aa1670b,60,60,action,action
84211034,2026-07-05,EARLY,8514371,1050.278157,1038.958019,2100.556314,RK,The Debauchery Tea Party,1,DECISIVE,0,281,33,34,9c50bcb722a76d15,910dcaefeb77a2f0,60,60,action,action
83983520,2026-07-05,EARLY,4940118,1076.241552,1070.078646,2152.483104,tw_shin,渡邊征央,0,DECISIVE,0,174,11,11,bfb8a7a58fcd4295,b43a53d96da0f0b5,60,60,action,action
84187199,2026-07-05,EARLY,3249239,1106.003569,1086.829255,2212.007138,zoroark190,kashiwashira,0,DECISIVE,0,126,9,8,7c0a454617fc9ab4,b4b5a378368fad61,60,60,action,action
84104572,2026-07-05,EARLY,5006793,1220.643795,1199.391095,2441.287591,Majkel1337,THIRD PTCG Club,1,DECISIVE,0,183,15,16,831fd3a04060c7c2,6b960e3ec5086fd3,60,60,action,action
84015043,2026-07-05,EARLY,5455907,1083.788421,1065.673913,2167.576841,Sleepless Knight,tw_shin,0,DECISIVE,0,185,15,14,831fd3a04060c7c2,bfb8a7a58fcd4295,60,60,action,action
84114117,2026-07-05,EARLY,5008371,1218.434322,1188.553383,2436.868643,THIRD PTCG Club,Majkel1337,1,DECISIVE,0,177,11,12,6b960e3ec5086fd3,831fd3a04060c7c2,60,60,action,action
83978728,2026-07-05,EARLY,3299529,1195.756426,1167.767159,2391.512851,THIRD PTCG Club,zoroark190,0,DECISIVE,0,124,9,8,6b960e3ec5086fd3,7c0a454617fc9ab4,60,60,action,action
84041648,2026-07-05,EARLY,5498942,1148.384940,1111.901315,2296.769880,渡邊征央,nasuo445,1,DECISIVE,0,185,13,13,b43a53d96da0f0b5,e34dae96b1984485,60,60,action,action
84176880,2026-07-05,EARLY,2584775,1192.674942,1156.886560,2385.349884,Majkel1337,Yushin Ito,0,DECISIVE,0,105,9,8,831fd3a04060c7c2,910dcaefeb77a2f0,60,60,action,action
84206913,2026-07-05,EARLY,4306096,1053.978018,1035.807049,2107.956036,やる気元気ミワハルキ,payanotty,0,DECISIVE,0,161,11,10,b43a53d96da0f0b5,0078ce0f297a4597,60,60,action,action
84126154,2026-07-05,EARLY,3747798,1051.172566,1015.999895,2102.345132,github/shepsci/kaggle-skill,payanotty,0,DECISIVE,0,138,15,14,da71c738ef47665c,0078ce0f297a4597,60,60,action,action
