episode_id,label,create_time,opponent_team_id,opponent_team_name,opponent_current_score,result,went_first,n_turns,n_steps,n_decisions,deck_own_hash,deck_own_archetype,deck_opp_hash,deck_opp_archetype,retreat_available_decisions,retreat_chosen,attack_available_decisions,attack_chosen_when_available,turns_with_attack_available,turn_attack_rate,missed_ko_confirmed,missed_ko_possible,max_prize_deficit_faced,final_prize_margin_positive_means_behind,comeback_from_2plus_deficit,action_count_PLAY_STADIUM,action_count_PLAY_POKEMON,action_count_PLAY_ITEM,action_count_ATTACH_ENERGY,action_count_EVOLVE,action_count_ABILITY,action_count_PLAY_SUPPORTER,action_count_RETREAT,action_count_ATTACK
92549421,v6,2026-08-13T05:31:36.792Z,16379427,DreDree,599.2,LOSS,True,11,197,110,59138a345c6b933a,Dragapult ex,6c534f1524e51c74,Mega Lucario ex,52,4,34,2,5,0.4,0,0,4,4,False,2,6,13,7,6,11,4,4,2
92550391,v6,2026-08-13T05:35:37.104Z,16441777,henrytb,444.8,WIN,True,13,152,111,59138a345c6b933a,Dragapult ex,ad9eb15621c47305,UNLABELED,36,1,32,4,6,0.6666666666666666,0,0,1,-3,False,1,3,13,6,2,10,6,1,4
92551306,v6,2026-08-13T05:39:36.946Z,16391756,MAKOTO MATUDA,510.1,WIN,True,13,180,118,59138a345c6b933a,Dragapult ex,831fd3a04060c7c2,UNLABELED,35,1,36,5,5,1.0,0,6,1,-4,False,1,2,11,6,6,11,6,1,5
92552245,v6,2026-08-13T05:43:38.802Z,16472941,NaNomin,681.2,LOSS,True,15,203,113,59138a345c6b933a,Dragapult ex,890af7220ecf499d,UNLABELED,19,2,20,5,5,1.0,0,2,4,-1,False,1,4,9,4,5,9,6,2,5
92553251,v6,2026-08-13T05:47:37.661Z,16375384,Alfonso Sánchez,607.0,LOSS,True,11,79,41,59138a345c6b933a,Dragapult ex,7d6f431b88be3307,Mega Kangaskhan ex,17,1,15,0,3,0.0,0,0,5,5,False,0,1,4,2,4,2,3,1,0
92554151,v6,2026-08-13T05:51:37.420Z,16552596,Yuuupok,614.9,WIN,True,13,212,121,59138a345c6b933a,Dragapult ex,6c534f1524e51c74,Mega Lucario ex,45,0,31,4,5,0.8,0,1,5,0,True,0,3,12,7,6,16,6,0,4
92555101,v6,2026-08-13T05:55:40.246Z,16481928,rumbling_b,617.1,LOSS,False,10,177,105,59138a345c6b933a,Dragapult ex,64e146b2133f7b99,Mega Lucario ex,45,2,20,3,5,0.6,0,0,4,4,False,0,5,12,5,4,13,4,2,3
92556089,v6,2026-08-13T05:59:37.237Z,16395202,mayukistarry,598.0,WIN,False,20,171,132,59138a345c6b933a,Dragapult ex,37f2032236fb6baf,Mega Kangaskhan ex,55,1,59,7,10,0.7,0,5,0,-5,False,2,3,9,7,6,13,8,1,7
92556974,v6,2026-08-13T06:03:40.270Z,16442835,Yunioshi,736.0,WIN,True,13,136,102,59138a345c6b933a,Dragapult ex,eb1222900df9baf0,Mega Lucario ex,30,0,24,4,4,1.0,0,0,0,-5,False,0,3,8,6,4,11,5,0,4
92557908,v6,2026-08-13T06:07:36.935Z,16404564,Juan Zapata,585.4,WIN,True,39,230,135,59138a345c6b933a,Dragapult ex,a21855e944f114f7,Mega Kangaskhan ex,40,4,36,5,12,0.4166666666666667,0,3,2,-1,True,0,3,11,5,7,6,8,4,5
92558848,v6,2026-08-13T06:11:37.078Z,16395157,Eesh saxena,674.5,LOSS,False,12,122,56,59138a345c6b933a,Dragapult ex,4a256a933ac66a7b,Mega Lucario ex,24,0,23,2,5,0.4,0,2,4,4,False,0,3,4,5,3,3,3,0,2
92559794,v6,2026-08-13T06:15:37.139Z,16603827,Aayush Rajput03,741.2,WIN,True,13,171,109,59138a345c6b933a,Dragapult ex,dc2ce39b94cbbb38,Marnie's Grimmsnarl ex,47,0,42,4,6,0.6666666666666666,0,3,1,-4,False,2,3,9,5,6,11,5,0,4
92560743,v6,2026-08-13T06:19:37.157Z,16433944,Aaron Cuellar,585.7,LOSS,True,9,91,54,59138a345c6b933a,Dragapult ex,455d5f9c09ca393e,UNLABELED,24,2,11,0,3,0.0,0,0,4,4,False,0,6,8,3,1,2,3,2,0
92561745,v6,2026-08-13T06:23:40.152Z,16385084,Harigane Ippei,702.7,WIN,True,15,192,132,59138a345c6b933a,Dragapult ex,1f2d610cfb1edd15,Fezandipiti ex,52,1,35,6,7,0.8571428571428571,0,3,2,-2,True,1,4,10,7,5,11,7,1,6
92562643,v6,2026-08-13T06:27:37.038Z,16379941,R. Yamada,556.0,LOSS,True,13,187,111,59138a345c6b933a,Dragapult ex,4a256a933ac66a7b,Mega Lucario ex,50,2,18,3,5,0.6,0,0,4,4,False,1,3,11,6,7,13,6,2,3
92563590,v6,2026-08-13T06:31:37.503Z,16657913,masuzushi28,590.6,WIN,False,14,153,107,59138a345c6b933a,Dragapult ex,d5b6cc9fb86e1e3d,UNLABELED,43,1,46,5,7,0.7142857142857143,0,1,0,-4,False,0,3,11,6,5,7,6,1,5
92564534,v6,2026-08-13T06:35:37.457Z,16395661,yuhei,642.9,WIN,True,17,143,97,59138a345c6b933a,Dragapult ex,915e132c0d64e820,UNLABELED,24,1,24,5,7,0.7142857142857143,0,0,3,0,True,0,3,12,6,1,1,7,1,5
92565477,v6,2026-08-13T06:39:37.513Z,16417941,KenPTCG,738.0,LOSS,False,28,195,114,59138a345c6b933a,Dragapult ex,fcac695071c3f3cf,Fezandipiti ex,38,6,33,2,6,0.3333333333333333,6,4,1,1,False,1,3,14,5,3,8,7,6,2
92566301,v6,2026-08-13T06:43:38.152Z,16378592,k66,794.1,WIN,True,13,157,111,59138a345c6b933a,Dragapult ex,31eb35a15d9cce08,UNLABELED,33,2,35,5,6,0.8333333333333334,0,4,0,-2,False,1,5,8,5,4,6,6,2,5
92566420,v6,2026-08-13T06:43:38.348Z,16585784,ZJUwlm,663.1,WIN,True,5,53,36,59138a345c6b933a,Dragapult ex,12172fae9641ef13,Fezandipiti ex,11,1,10,2,2,1.0,0,0,0,-2,False,1,2,2,2,0,0,2,1,2
92567367,v6,2026-08-13T06:47:39.187Z,16698048,StagStreet,526.3,WIN,False,12,191,105,59138a345c6b933a,Dragapult ex,59138a345c6b933a,Dragapult ex,40,2,40,4,6,0.6666666666666666,0,0,2,0,True,0,3,10,7,4,10,5,2,4
92568100,v6,2026-08-13T06:51:36.905Z,16375519,Klein Houmani,927.9,WIN,True,13,226,117,59138a345c6b933a,Dragapult ex,cc84b1b9f1e05949,Dragapult ex,43,1,26,4,4,1.0,0,0,1,1,False,0,2,12,8,6,11,6,1,4
92568309,v6,2026-08-13T06:51:37.318Z,16403589,blackseashark@gcvt,678.1,WIN,True,13,130,106,59138a345c6b933a,Dragapult ex,4a256a933ac66a7b,Mega Lucario ex,32,3,26,4,6,0.6666666666666666,0,5,0,-2,False,1,3,8,7,4,9,6,3,4
92569244,v6,2026-08-13T06:55:37.426Z,16659706,Siddhuuu101,589.4,WIN,True,13,135,97,59138a345c6b933a,Dragapult ex,08d30b406b08526d,Fezandipiti ex,41,2,36,3,6,0.5,0,4,0,-4,False,0,3,5,6,5,10,6,2,3
92570266,v6,2026-08-13T06:59:37.450Z,16426585,Genki,616.5,WIN,True,7,96,76,59138a345c6b933a,Dragapult ex,4f9239920e90b6b2,UNLABELED,41,1,16,1,3,0.3333333333333333,0,0,3,3,True,1,5,10,4,6,10,3,1,1
92571127,v6,2026-08-13T07:03:39.204Z,16385277,AEONcorridor,673.9,LOSS,True,11,147,62,59138a345c6b933a,Dragapult ex,9e8d89657417c0b2,Dragapult ex,5,1,3,2,2,1.0,0,0,2,2,False,1,5,4,3,4,4,4,1,2
92571771,v6,2026-08-13T07:07:37.050Z,16558065,a982295350,797.6,LOSS,True,9,153,88,59138a345c6b933a,Dragapult ex,20f85976524dd3cf,Fezandipiti ex,39,2,37,2,4,0.5,0,0,3,3,False,0,7,7,5,5,9,4,2,2
92572051,v6,2026-08-13T07:07:38.044Z,16376866,Tang,673.4,LOSS,False,10,107,49,59138a345c6b933a,Dragapult ex,4a256a933ac66a7b,Mega Lucario ex,22,3,14,0,5,0.0,0,0,5,5,False,0,2,7,3,2,2,2,3,0
92573034,v6,2026-08-13T07:11:37.429Z,16371435,Suzuki Mari,715.1,WIN,True,11,154,93,59138a345c6b933a,Dragapult ex,bafbd75bc33e0bc6,UNLABELED,41,1,38,3,5,0.6,0,0,0,-1,False,2,2,8,6,7,8,4,1,3
92583351,v6,2026-08-13T07:55:38.058Z,16422440,alban,610.2,LOSS,False,12,165,74,59138a345c6b933a,Dragapult ex,dc2ce39b94cbbb38,Marnie's Grimmsnarl ex,33,3,22,0,5,0.0,0,0,5,5,False,2,7,8,6,3,5,5,3,0
